<?xml version="1.0" encoding="UTF-8"?><qti-assessment-item xsi:schemaLocation="http://www.imsglobal.org/xsd/imsqtiasi_v3p0 https://purl.imsglobal.org/spec/qti/v3p0/schema/xsd/imsqti_asiv3p0_v1p0.xsd http://www.w3.org/1998/Math/MathML https://purl.imsglobal.org/spec/mathml/v3p0/schema/xsd/mathml3.xsd http://www.w3.org/2001/10/synthesis https://purl.imsglobal.org/spec/ssml/v1p1/schema/xsd/ssmlv1p1-core.xsd http://www.w3.org/2001/XInclude https://purl.imsglobal.org/spec/w3/2001/schema/xsd/XInclude.xsd " xmlns="http://www.imsglobal.org/xsd/imsqtiasi_v3p0" xmlns:m3="http://www.w3.org/1998/Math/MathML" xmlns:ssml11="http://www.w3.org/2001/10/synthesis" xmlns:xi="http://www.w3.org/2001/XInclude" xmlns:xsi="http://www.w3.org/2001/XMLSchema-instance" identifier="sbac-200-183603" title="183603" xml:lang="en" tool-name="TIMS QTI 3.0 Export" tool-version="5.6.7" time-dependent="false"><qti-response-declaration identifier="RESPONSE" cardinality="multiple" base-type="directedPair"><qti-correct-response><qti-value>set-1-a set-2-a</qti-value><qti-value>set-1-b set-2-a</qti-value><qti-value>set-1-c set-2-b</qti-value></qti-correct-response></qti-response-declaration><qti-outcome-declaration identifier="SCORE" cardinality="single" base-type="float" normal-maximum="1.0" normal-minimum="0.0"><qti-default-value><qti-value>0</qti-value></qti-default-value></qti-outcome-declaration><qti-companion-materials-info><qti-calculator><qti-calculator-type>scientific</qti-calculator-type><qti-description>all basic calculator functions, root, trigonometric, memory functions</qti-description></qti-calculator></qti-companion-materials-info><qti-stylesheet href="sbac-qti-assessment.css"/><qti-item-body class="sbac"><div data-catalog-idref="item-183603-global" class="sbac-global-item-catalog-ref"/><div class="qti-layout-row"><div class="qti-layout-col12"><div class="prompt"><div xml:lang="es"><p>La gráfica muestra la distancia de Parker a su casa al paso del tiempo.</p><br/><p><img aria-describedby="item-183603-catalog-2" src="item_183603_v0_graphics1_png256_ESN.png" alt="; El título de la gráfica es, Distancia de Parker a su casa. El eje equis está rotulado, tiempo, en minutos. El eje equis tiene un rango de cero a quince, aumentando en incrementos de cinco. El eje lle está rotulado, distancia, en millas,. El eje lle tiene un rango de cero a uno, aumentando en incrementos de cero punto dos cinco."/></p><p><br/>Con base en la gráfica, determina si cada afirmación es verdadera. Selecciona Verdadera o Falsa para cada <span data-catalog-idref="item-183603-catalog-3"/><span aria-hidden="true">afirmación.</span></p></div><div xml:lang="en"><p>The graph shows Parker's distance from <span data-catalog-idref="glossary-term-9">home</span> over time. </p><p><br/><img aria-describedby="item-183603-catalog-0" src="item_183603_v0_graphics1_png256.png" alt="The title of the graph is, Parker's Distance from Home. The x axis is labeled, Time in minutes. The x axis has a range from 0 to fifteen, increasing in increments of 5.  The why axis is labeled, Distance in miles. the why axis has a range from zero to 1, increasing in increments of zero point two five."/></p><p><br/><span data-catalog-idref="glossary-term-1">Based on</span> the graph, determine <span data-catalog-idref="glossary-term-2">whether</span> <span data-catalog-idref="glossary-term-3">each</span> <span data-catalog-idref="glossary-term-4">statement</span> is <span data-catalog-idref="glossary-term-5">true</span>. <span data-catalog-idref="glossary-term-6">Select</span> <span data-catalog-idref="glossary-term-5">True</span> or <span data-catalog-idref="glossary-term-8">False</span> for <span data-catalog-idref="glossary-term-3">each</span> <span data-catalog-idref="item-183603-catalog-1"/><span data-catalog-idref="glossary-term-4" aria-hidden="true">statement</span>.</p></div></div><qti-match-interaction response-identifier="RESPONSE" max-associations="0" min-associations="1" class="qti-match-tabular"><qti-simple-match-set><qti-simple-associable-choice identifier="set-1-a" match-max="0"><div xml:lang="es"><p><strong><strong>La distancia de Parker a su casa está aumentando entre el minuto 1 y el minuto 4.</strong></strong></p></div><div xml:lang="en"><p><strong><strong>Parker’s distance from </strong></strong><strong><span data-catalog-idref="glossary-term-9"><strong>home</strong></span></strong><strong><strong> is increasing between minute 1 and minute 4.</strong></strong></p></div></qti-simple-associable-choice><qti-simple-associable-choice identifier="set-1-b" match-max="0"><div xml:lang="es"><p><strong><strong>La distancia de Parker a su casa es constante entre el minuto 6 y el minuto 7.</strong></strong></p></div><div xml:lang="en"><p><strong><strong>Parker’s distance from </strong></strong><strong><span data-catalog-idref="glossary-term-9"><strong>home</strong></span></strong><strong><strong> is constant between minute 6 and minute 7.</strong></strong></p></div></qti-simple-associable-choice><qti-simple-associable-choice identifier="set-1-c" match-max="0"><div xml:lang="es"><p><strong><strong>La distancia de Parker a su casa está aumentando entre el minuto 12 y el minuto 14.</strong></strong></p></div><div xml:lang="en"><p><strong><strong>Parker’s distance from </strong></strong><strong><span data-catalog-idref="glossary-term-9"><strong>home</strong></span></strong><strong><strong> is increasing between minute 12 and minute 14. </strong></strong></p></div></qti-simple-associable-choice></qti-simple-match-set><qti-simple-match-set><qti-simple-associable-choice identifier="set-2-a" match-max="0"><div xml:lang="es"><p style="text-align:center;"><strong><strong>Verdadera</strong></strong></p></div><div xml:lang="en"><p style="text-align: center;"><strong><span data-catalog-idref="glossary-term-5"><strong>True</strong></span></strong></p></div></qti-simple-associable-choice><qti-simple-associable-choice identifier="set-2-b" match-max="0"><div xml:lang="es"><p style="text-align:center;"><strong><strong>Falsa</strong></strong></p></div><div xml:lang="en"><p style="text-align: center;"><strong><span data-catalog-idref="glossary-term-8"><strong>False</strong></span></strong></p></div></qti-simple-associable-choice></qti-simple-match-set></qti-match-interaction></div></div><qti-rubric-block class="qti-rubric-discretionary-placement" use="scoring" view="scorer"><qti-content-body><h3>Rubric</h3><p>Parker’s distance from home is increasing between minute 1 and minute 4.: True<br/>Parker’s distance from home is constant between minute 6 and minute 7.: True<br/>Parker’s distance from home is increasing between minute 12 and minute 14. : False</p></qti-content-body></qti-rubric-block></qti-item-body><qti-catalog-info><qti-catalog id="item-183603-catalog-0"><qti-card support="spoken"><qti-card-entry data-reading-type="computer-read-aloud"><qti-html-content>The title of the graph is, Parker's Distance from Home. The x axis is labeled, Time in minutes. The x axis has a range from 0 to fifteen, increasing in increments of 5.  The why axis is labeled, Distance in miles. the why axis has a range from zero to 1, increasing in increments of zero point two five.</qti-html-content></qti-card-entry><qti-card-entry data-reading-type="screen-reader"><qti-html-content>A line is shown on a graph. The title of the graph is, Parker's Distance from Home. The x-axis is labeled, Time in minutes. The x-axis has a range from 0 to 15, increasing in increments of 5.  The y-axis is labeled, Distance in miles. The y-axis has a range from 0 to 1, increasing in increments of 0.25. The data for the line are as follows: (0, 0), (5, 0.375), (10, 0.375), (15, 0)</qti-html-content></qti-card-entry></qti-card></qti-catalog><qti-catalog id="item-183603-catalog-1"><qti-card support="spoken"><qti-card-entry data-reading-type="computer-read-aloud"><qti-html-content>statement. The table has two columns and three rows. From left to right, the column headers reed, true, false. From top to bottom, the row headers reed, Parker's distance from home is increasing between minute 1 and minute 4. Parker's distance from home is constant between minute 6 and minute 7. Parker's distance from home is increasing between minute 12 and minute 14.</qti-html-content></qti-card-entry><qti-card-entry data-reading-type="screen-reader"><qti-html-content>statement.</qti-html-content></qti-card-entry></qti-card></qti-catalog><qti-catalog id="item-183603-catalog-2"><qti-card support="spoken"><qti-card-entry data-reading-type="computer-read-aloud"><qti-html-content>; El título de la gráfica es, Distancia de Parker a su casa. El eje equis está rotulado, tiempo, en minutos. El eje equis tiene un rango de cero a quince, aumentando en incrementos de cinco. El eje lle está rotulado, distancia, en millas,. El eje lle tiene un rango de cero a uno, aumentando en incrementos de cero punto dos cinco.</qti-html-content></qti-card-entry><qti-card-entry data-reading-type="screen-reader"><qti-html-content></qti-html-content></qti-card-entry></qti-card></qti-catalog><qti-catalog id="item-183603-catalog-3"><qti-card support="spoken"><qti-card-entry data-reading-type="computer-read-aloud"><qti-html-content>afirmación. La tabla tiene dos columnas y tres filas. De izquierda a derecha, los títulos de las columnas se leen, verdadera, falsa. De arriba hacia abajo, los títulos de las filas se leen, La distancia de Parker a su casa está aumentando entre el minuto uno y el minuto cuatro. La distancia de Parker a su casa es constante entre el minuto seis y el minuto siete. La distancia de Parker a su casa está aumentando entre el minuto doce y el minuto catorce.</qti-html-content></qti-card-entry></qti-card></qti-catalog><qti-catalog id="item-183603-global"><qti-card support="ext:sbac-braille-files"><qti-card-entry data-math-representation="nemeth" data-contracted="true" data-type="PRN" lang="en" data-format="EBAE"><qti-file-href mime-type="application/braille">item_183603_enu_ecn.prn</qti-file-href></qti-card-entry><qti-card-entry data-math-representation="nemeth" data-contracted="false" data-type="PRN" lang="en" data-format="EBAE"><qti-file-href mime-type="application/braille">item_183603_enu_exn.prn</qti-file-href></qti-card-entry><qti-card-entry data-math-representation="nemeth" data-contracted="false" data-type="PRN" lang="en" data-format="UEB"><qti-file-href mime-type="application/braille">item_183603_enu_uxn.prn</qti-file-href></qti-card-entry><qti-card-entry data-math-representation="UEB" data-contracted="false" data-type="PRN" lang="en" data-format="UEB"><qti-file-href mime-type="application/braille">item_183603_enu_uxt.prn</qti-file-href></qti-card-entry><qti-card-entry data-math-representation="nemeth" data-contracted="true" data-type="PRN" lang="en" data-format="UEB"><qti-file-href mime-type="application/braille">item_183603_enu_ucn.prn</qti-file-href></qti-card-entry><qti-card-entry data-math-representation="UEB" data-contracted="true" data-type="PRN" lang="en" data-format="UEB"><qti-file-href mime-type="application/braille">item_183603_enu_uct.prn</qti-file-href></qti-card-entry></qti-card><qti-card support="sign-language"><qti-card-entry default="true" lang="ase"><qti-html-content><video controls="true"><source src="item_183603_ASL_STEM.webm" type="video/webm"/><source src="item_183603_ASL_STEM.mp4" type="video/mp4"/>Your browser does not support the video element.</video></qti-html-content></qti-card-entry></qti-card></qti-catalog><qti-catalog id="glossary-term-1"><qti-card support="keyword-translation"><qti-card-entry data-list-code="TDS_WL_ArabicGloss" data-list-type="glossary" lang="ar"><qti-html-content><div><span>بناءًا على، وفقًا ل</span><audio controls="true"><source src="glossary/item_183603_based-on_1_arabic.m4a" type="audio/mp4"/><source src="glossary/item_183603_based-on_1_arabic.ogg" type="audio/ogg"/></audio></div></qti-html-content></qti-card-entry><qti-card-entry data-list-code="TDS_WL_BurmeseGloss" data-list-type="glossary" lang="my"><qti-html-content><div><span>အခြေခံပြီး</span><audio controls="true"><source src="glossary/item_183603_based-on_1_burmese.m4a" type="audio/mp4"/><source src="glossary/item_183603_based-on_1_burmese.ogg" type="audio/ogg"/></audio></div></qti-html-content></qti-card-entry><qti-card-entry data-list-code="TDS_WL_CantoneseGloss" data-list-type="glossary" lang="yue"><qti-html-content><div><span>根据</span></div><div><span>根據</span><audio controls="true"><source src="glossary/item_183603_based-on_1_cantonese.m4a" type="audio/mp4"/><source src="glossary/item_183603_based-on_1_cantonese.ogg" type="audio/ogg"/></audio></div></qti-html-content></qti-card-entry><qti-card-entry data-list-code="TDS_WL_TagalGloss" data-list-type="glossary" lang="tl"><qti-html-content><div><span>Batay sa</span><audio controls="true"><source src="glossary/item_183603_based-on_1_filipino_a.m4a" type="audio/mp4"/><source src="glossary/item_183603_based-on_1_filipino_a.ogg" type="audio/ogg"/></audio></div><div><span>Basar iti</span><audio controls="true"><source src="glossary/item_183603_based-on_1_filipino_b.m4a" type="audio/mp4"/><source src="glossary/item_183603_based-on_1_filipino_b.ogg" type="audio/ogg"/></audio></div></qti-html-content></qti-card-entry><qti-card-entry data-list-code="TDS_WL_HmongGloss" data-list-type="glossary" lang="hmn"><qti-html-content><div><span>Raws li</span></div><div><span>Raws le</span><audio controls="true"><source src="glossary/item_183603_based-on_1_hmong.m4a" type="audio/mp4"/><source src="glossary/item_183603_based-on_1_hmong.ogg" type="audio/ogg"/></audio></div></qti-html-content></qti-card-entry><qti-card-entry data-list-code="TDS_WL_KoreanGloss" data-list-type="glossary" lang="ko"><qti-html-content><div><span>~에 바탕을 둔</span></div><div><span>~에 기반한</span><audio controls="true"><source src="glossary/item_183603_based-on_1_korean.m4a" type="audio/mp4"/><source src="glossary/item_183603_based-on_1_korean.ogg" type="audio/ogg"/></audio></div></qti-html-content></qti-card-entry><qti-card-entry data-list-code="TDS_WL_MandarinGloss" data-list-type="glossary" lang="cmn"><qti-html-content><div><span>根据</span></div><div><span>根據</span><audio controls="true"><source src="glossary/item_183603_based-on_1_mandarin.m4a" type="audio/mp4"/><source src="glossary/item_183603_based-on_1_mandarin.ogg" type="audio/ogg"/></audio></div></qti-html-content></qti-card-entry><qti-card-entry data-list-code="TDS_WL_PunjabiGloss" data-list-type="glossary" lang="pa"><qti-html-content><div><span>دی بنیاد تے</span><audio controls="true"><source src="glossary/item_183603_based-on_1_punjabi_a.m4a" type="audio/mp4"/><source src="glossary/item_183603_based-on_1_punjabi_a.ogg" type="audio/ogg"/></audio></div><div><span>ਤੇ ਅਧਾਰਤ</span><audio controls="true"><source src="glossary/item_183603_based-on_1_punjabi_b.m4a" type="audio/mp4"/><source src="glossary/item_183603_based-on_1_punjabi_b.ogg" type="audio/ogg"/></audio></div></qti-html-content></qti-card-entry><qti-card-entry data-list-code="TDS_WL_RussianGloss" data-list-type="glossary" lang="ru"><qti-html-content><div><span>На основе</span><audio controls="true"><source src="glossary/item_183603_based-on_1_russian.m4a" type="audio/mp4"/><source src="glossary/item_183603_based-on_1_russian.ogg" type="audio/ogg"/></audio></div></qti-html-content></qti-card-entry><qti-card-entry data-list-code="TDS_WL_SomaliGloss" data-list-type="glossary" lang="so"><qti-html-content><div><span>Ku saleysan</span><audio controls="true"><source src="glossary/item_183603_based-on_1_somali.m4a" type="audio/mp4"/><source src="glossary/item_183603_based-on_1_somali.ogg" type="audio/ogg"/></audio></div></qti-html-content></qti-card-entry><qti-card-entry data-list-code="TDS_WL_ESNGlossary" data-list-type="glossary" lang="es"><qti-html-content><div><span>Basándote</span></div><div><span>De acuerdo con</span></div><div><span>Según</span><audio controls="true"><source src="glossary/item_183603_based-on_1_spanish.m4a" type="audio/mp4"/><source src="glossary/item_183603_based-on_1_spanish.ogg" type="audio/ogg"/></audio></div></qti-html-content></qti-card-entry><qti-card-entry data-list-code="TDS_WL_UkrainianGloss" data-list-type="glossary" lang="uk"><qti-html-content><div><span>На основі</span><audio controls="true"><source src="glossary/item_183603_based-on_1_ukrainian.m4a" type="audio/mp4"/><source src="glossary/item_183603_based-on_1_ukrainian.ogg" type="audio/ogg"/></audio></div></qti-html-content></qti-card-entry><qti-card-entry data-list-code="TDS_WL_VietnameseGloss" data-list-type="glossary" lang="vi"><qti-html-content><div><span>Dựa trên</span></div><div><span>Dựa vào</span><audio controls="true"><source src="glossary/item_183603_based-on_1_vietnamese.m4a" type="audio/mp4"/><source src="glossary/item_183603_based-on_1_vietnamese.ogg" type="audio/ogg"/></audio></div></qti-html-content></qti-card-entry></qti-card></qti-catalog><qti-catalog id="glossary-term-2"><qti-card support="keyword-translation"><qti-card-entry data-list-code="TDS_WL_ArabicGloss" data-list-type="glossary" lang="ar"><qti-html-content><div><span>ما إذا</span><audio controls="true"><source src="glossary/item_183603_whether_2_arabic.m4a" type="audio/mp4"/><source src="glossary/item_183603_whether_2_arabic.ogg" type="audio/ogg"/></audio></div></qti-html-content></qti-card-entry><qti-card-entry data-list-code="TDS_WL_BurmeseGloss" data-list-type="glossary" lang="my"><qti-html-content><div><span>တစ်ခုမဟုတ်တစ်ခု</span><audio controls="true"><source src="glossary/item_183603_whether_2_burmese.m4a" type="audio/mp4"/><source src="glossary/item_183603_whether_2_burmese.ogg" type="audio/ogg"/></audio></div></qti-html-content></qti-card-entry><qti-card-entry data-list-code="TDS_WL_CantoneseGloss" data-list-type="glossary" lang="yue"><qti-html-content><div><span>系咪</span></div><div><span>係咪</span><audio controls="true"><source src="glossary/item_183603_whether_2_cantonese.m4a" type="audio/mp4"/><source src="glossary/item_183603_whether_2_cantonese.ogg" type="audio/ogg"/></audio></div></qti-html-content></qti-card-entry><qti-card-entry data-list-code="TDS_WL_TagalGloss" data-list-type="glossary" lang="tl"><qti-html-content><div><span>kung</span><audio controls="true"><source src="glossary/item_183603_whether_2_filipino_a.m4a" type="audio/mp4"/><source src="glossary/item_183603_whether_2_filipino_a.ogg" type="audio/ogg"/></audio></div><div><span>no</span><audio controls="true"><source src="glossary/item_183603_whether_2_filipino_b.m4a" type="audio/mp4"/><source src="glossary/item_183603_whether_2_filipino_b.ogg" type="audio/ogg"/></audio></div></qti-html-content></qti-card-entry><qti-card-entry data-list-code="TDS_WL_HmongGloss" data-list-type="glossary" lang="hmn"><qti-html-content><div><span>seb</span><audio controls="true"><source src="glossary/item_183603_whether_2_hmong.m4a" type="audio/mp4"/><source src="glossary/item_183603_whether_2_hmong.ogg" type="audio/ogg"/></audio></div></qti-html-content></qti-card-entry><qti-card-entry data-list-code="TDS_WL_KoreanGloss" data-list-type="glossary" lang="ko"><qti-html-content><div><span>~인지</span><audio controls="true"><source src="glossary/item_183603_whether_2_korean.m4a" type="audio/mp4"/><source src="glossary/item_183603_whether_2_korean.ogg" type="audio/ogg"/></audio></div></qti-html-content></qti-card-entry><qti-card-entry data-list-code="TDS_WL_MandarinGloss" data-list-type="glossary" lang="cmn"><qti-html-content><div><span>是否</span><audio controls="true"><source src="glossary/item_183603_whether_2_mandarin.m4a" type="audio/mp4"/><source src="glossary/item_183603_whether_2_mandarin.ogg" type="audio/ogg"/></audio></div></qti-html-content></qti-card-entry><qti-card-entry data-list-code="TDS_WL_PunjabiGloss" data-list-type="glossary" lang="pa"><qti-html-content><div><span>بھانویں</span><audio controls="true"><source src="glossary/item_183603_whether_2_punjabi_a.m4a" type="audio/mp4"/><source src="glossary/item_183603_whether_2_punjabi_a.ogg" type="audio/ogg"/></audio></div><div><span>ਕਿਤੇ</span><audio controls="true"><source src="glossary/item_183603_whether_2_punjabi_b.m4a" type="audio/mp4"/><source src="glossary/item_183603_whether_2_punjabi_b.ogg" type="audio/ogg"/></audio></div></qti-html-content></qti-card-entry><qti-card-entry data-list-code="TDS_WL_RussianGloss" data-list-type="glossary" lang="ru"><qti-html-content><div><span>является ли</span><audio controls="true"><source src="glossary/item_183603_whether_2_russian.m4a" type="audio/mp4"/><source src="glossary/item_183603_whether_2_russian.ogg" type="audio/ogg"/></audio></div></qti-html-content></qti-card-entry><qti-card-entry data-list-code="TDS_WL_SomaliGloss" data-list-type="glossary" lang="so"><qti-html-content><div><span>haddii ay</span><audio controls="true"><source src="glossary/item_183603_whether_2_somali.m4a" type="audio/mp4"/><source src="glossary/item_183603_whether_2_somali.ogg" type="audio/ogg"/></audio></div></qti-html-content></qti-card-entry><qti-card-entry data-list-code="TDS_WL_ESNGlossary" data-list-type="glossary" lang="es"><qti-html-content><div><span>si</span><audio controls="true"><source src="glossary/item_183603_whether_2_spanish.m4a" type="audio/mp4"/><source src="glossary/item_183603_whether_2_spanish.ogg" type="audio/ogg"/></audio></div></qti-html-content></qti-card-entry><qti-card-entry data-list-code="TDS_WL_UkrainianGloss" data-list-type="glossary" lang="uk"><qti-html-content><div><span>чи</span><audio controls="true"><source src="glossary/item_183603_whether_2_ukrainian.m4a" type="audio/mp4"/><source src="glossary/item_183603_whether_2_ukrainian.ogg" type="audio/ogg"/></audio></div></qti-html-content></qti-card-entry><qti-card-entry data-list-code="TDS_WL_VietnameseGloss" data-list-type="glossary" lang="vi"><qti-html-content><div><span>xem</span><audio controls="true"><source src="glossary/item_183603_whether_2_vietnamese.m4a" type="audio/mp4"/><source src="glossary/item_183603_whether_2_vietnamese.ogg" type="audio/ogg"/></audio></div></qti-html-content></qti-card-entry></qti-card></qti-catalog><qti-catalog id="glossary-term-3"><qti-card support="keyword-translation"><qti-card-entry data-list-code="TDS_WL_ArabicGloss" data-list-type="glossary" lang="ar"><qti-html-content><div><span>كل</span><audio controls="true"><source src="glossary/item_183603_each_3_arabic.m4a" type="audio/mp4"/><source src="glossary/item_183603_each_3_arabic.ogg" type="audio/ogg"/></audio></div></qti-html-content></qti-card-entry><qti-card-entry data-list-code="TDS_WL_BurmeseGloss" data-list-type="glossary" lang="my"><qti-html-content><div><span>တစ်ခုစီ</span><audio controls="true"><source src="glossary/item_183603_each_3_burmese.m4a" type="audio/mp4"/><source src="glossary/item_183603_each_3_burmese.ogg" type="audio/ogg"/></audio></div></qti-html-content></qti-card-entry><qti-card-entry data-list-code="TDS_WL_CantoneseGloss" data-list-type="glossary" lang="yue"><qti-html-content><div><span>每個</span></div><div><span>每个</span><audio controls="true"><source src="glossary/item_183603_each_3_cantonese.m4a" type="audio/mp4"/><source src="glossary/item_183603_each_3_cantonese.ogg" type="audio/ogg"/></audio></div></qti-html-content></qti-card-entry><qti-card-entry data-list-code="TDS_WL_TagalGloss" data-list-type="glossary" lang="tl"><qti-html-content><div><span>bawat</span><audio controls="true"><source src="glossary/item_183603_each_3_filipino_a.m4a" type="audio/mp4"/><source src="glossary/item_183603_each_3_filipino_a.ogg" type="audio/ogg"/></audio></div><div><span>tunggal</span><audio controls="true"><source src="glossary/item_183603_each_3_filipino_b.m4a" type="audio/mp4"/><source src="glossary/item_183603_each_3_filipino_b.ogg" type="audio/ogg"/></audio></div></qti-html-content></qti-card-entry><qti-card-entry data-list-code="TDS_WL_HmongGloss" data-list-type="glossary" lang="hmn"><qti-html-content><div><span>txhua</span><audio controls="true"><source src="glossary/item_183603_each_3_hmong.m4a" type="audio/mp4"/><source src="glossary/item_183603_each_3_hmong.ogg" type="audio/ogg"/></audio></div></qti-html-content></qti-card-entry><qti-card-entry data-list-code="TDS_WL_KoreanGloss" data-list-type="glossary" lang="ko"><qti-html-content><div><span>각각의</span><audio controls="true"><source src="glossary/item_183603_each_3_korean.m4a" type="audio/mp4"/><source src="glossary/item_183603_each_3_korean.ogg" type="audio/ogg"/></audio></div></qti-html-content></qti-card-entry><qti-card-entry data-list-code="TDS_WL_MandarinGloss" data-list-type="glossary" lang="cmn"><qti-html-content><div><span>每个</span></div><div><span>每個</span><audio controls="true"><source src="glossary/item_183603_each_3_mandarin.m4a" type="audio/mp4"/><source src="glossary/item_183603_each_3_mandarin.ogg" type="audio/ogg"/></audio></div></qti-html-content></qti-card-entry><qti-card-entry data-list-code="TDS_WL_PunjabiGloss" data-list-type="glossary" lang="pa"><qti-html-content><div><span>ہر اک</span><audio controls="true"><source src="glossary/item_183603_each_3_punjabi_a.m4a" type="audio/mp4"/><source src="glossary/item_183603_each_3_punjabi_a.ogg" type="audio/ogg"/></audio></div><div><span>ਹਰ ਇੱਕ</span><audio controls="true"><source src="glossary/item_183603_each_3_punjabi_b.m4a" type="audio/mp4"/><source src="glossary/item_183603_each_3_punjabi_b.ogg" type="audio/ogg"/></audio></div></qti-html-content></qti-card-entry><qti-card-entry data-list-code="TDS_WL_RussianGloss" data-list-type="glossary" lang="ru"><qti-html-content><div><span>каждом</span><audio controls="true"><source src="glossary/item_183603_each_3_russian.m4a" type="audio/mp4"/><source src="glossary/item_183603_each_3_russian.ogg" type="audio/ogg"/></audio></div></qti-html-content></qti-card-entry><qti-card-entry data-list-code="TDS_WL_SomaliGloss" data-list-type="glossary" lang="so"><qti-html-content><div><span>mid kasta</span><audio controls="true"><source src="glossary/item_183603_each_3_somali.m4a" type="audio/mp4"/><source src="glossary/item_183603_each_3_somali.ogg" type="audio/ogg"/></audio></div></qti-html-content></qti-card-entry><qti-card-entry data-list-code="TDS_WL_ESNGlossary" data-list-type="glossary" lang="es"><qti-html-content><div><span>cada</span><audio controls="true"><source src="glossary/item_183603_each_3_spanish.m4a" type="audio/mp4"/><source src="glossary/item_183603_each_3_spanish.ogg" type="audio/ogg"/></audio></div></qti-html-content></qti-card-entry><qti-card-entry data-list-code="TDS_WL_UkrainianGloss" data-list-type="glossary" lang="uk"><qti-html-content><div><span>кожному</span><audio controls="true"><source src="glossary/item_183603_each_3_ukrainian.m4a" type="audio/mp4"/><source src="glossary/item_183603_each_3_ukrainian.ogg" type="audio/ogg"/></audio></div></qti-html-content></qti-card-entry><qti-card-entry data-list-code="TDS_WL_VietnameseGloss" data-list-type="glossary" lang="vi"><qti-html-content><div><span>mỗi</span><audio controls="true"><source src="glossary/item_183603_each_3_vietnamese.m4a" type="audio/mp4"/><source src="glossary/item_183603_each_3_vietnamese.ogg" type="audio/ogg"/></audio></div></qti-html-content></qti-card-entry></qti-card></qti-catalog><qti-catalog id="glossary-term-4"><qti-card support="keyword-translation"><qti-card-entry data-list-code="TDS_WL_ArabicGloss" data-list-type="glossary" lang="ar"><qti-html-content><div><span>جملة، عبارة</span><audio controls="true"><source src="glossary/item_183603_statement_4_arabic.m4a" type="audio/mp4"/><source src="glossary/item_183603_statement_4_arabic.ogg" type="audio/ogg"/></audio></div></qti-html-content></qti-card-entry><qti-card-entry data-list-code="TDS_WL_BurmeseGloss" data-list-type="glossary" lang="my"><qti-html-content><div><span>ဖော်ပြချက်</span><audio controls="true"><source src="glossary/item_183603_statement_4_burmese.m4a" type="audio/mp4"/><source src="glossary/item_183603_statement_4_burmese.ogg" type="audio/ogg"/></audio></div></qti-html-content></qti-card-entry><qti-card-entry data-list-code="TDS_WL_CantoneseGloss" data-list-type="glossary" lang="yue"><qti-html-content><div><span>表述</span></div><div><span>論述</span><audio controls="true"><source src="glossary/item_183603_statement_4_cantonese.m4a" type="audio/mp4"/><source src="glossary/item_183603_statement_4_cantonese.ogg" type="audio/ogg"/></audio></div></qti-html-content></qti-card-entry><qti-card-entry data-list-code="TDS_WL_TagalGloss" data-list-type="glossary" lang="tl"><qti-html-content><div><span>pahayag</span><audio controls="true"><source src="glossary/item_183603_statement_4_filipino_a.m4a" type="audio/mp4"/><source src="glossary/item_183603_statement_4_filipino_a.ogg" type="audio/ogg"/></audio></div><div><span>pagsasao</span><audio controls="true"><source src="glossary/item_183603_statement_4_filipino_b.m4a" type="audio/mp4"/><source src="glossary/item_183603_statement_4_filipino_b.ogg" type="audio/ogg"/></audio></div></qti-html-content></qti-card-entry><qti-card-entry data-list-code="TDS_WL_HmongGloss" data-list-type="glossary" lang="hmn"><qti-html-content><div><span>cov lus hais</span></div><div><span>cov lug has</span><audio controls="true"><source src="glossary/item_183603_statement_4_hmong.m4a" type="audio/mp4"/><source src="glossary/item_183603_statement_4_hmong.ogg" type="audio/ogg"/></audio></div></qti-html-content></qti-card-entry><qti-card-entry data-list-code="TDS_WL_KoreanGloss" data-list-type="glossary" lang="ko"><qti-html-content><div><span>명제</span><audio controls="true"><source src="glossary/item_183603_statement_4_korean.m4a" type="audio/mp4"/><source src="glossary/item_183603_statement_4_korean.ogg" type="audio/ogg"/></audio></div></qti-html-content></qti-card-entry><qti-card-entry data-list-code="TDS_WL_MandarinGloss" data-list-type="glossary" lang="cmn"><qti-html-content><div><span>表述</span></div><div><span>論述</span><audio controls="true"><source src="glossary/item_183603_statement_4_mandarin.m4a" type="audio/mp4"/><source src="glossary/item_183603_statement_4_mandarin.ogg" type="audio/ogg"/></audio></div></qti-html-content></qti-card-entry><qti-card-entry data-list-code="TDS_WL_PunjabiGloss" data-list-type="glossary" lang="pa"><qti-html-content><div><span>بیان</span><audio controls="true"><source src="glossary/item_183603_statement_4_punjabi_a.m4a" type="audio/mp4"/><source src="glossary/item_183603_statement_4_punjabi_a.ogg" type="audio/ogg"/></audio></div><div><span>ਕਥਨ</span><audio controls="true"><source src="glossary/item_183603_statement_4_punjabi_b.m4a" type="audio/mp4"/><source src="glossary/item_183603_statement_4_punjabi_b.ogg" type="audio/ogg"/></audio></div></qti-html-content></qti-card-entry><qti-card-entry data-list-code="TDS_WL_RussianGloss" data-list-type="glossary" lang="ru"><qti-html-content><div><span>утверждение</span><audio controls="true"><source src="glossary/item_183603_statement_4_russian.m4a" type="audio/mp4"/><source src="glossary/item_183603_statement_4_russian.ogg" type="audio/ogg"/></audio></div></qti-html-content></qti-card-entry><qti-card-entry data-list-code="TDS_WL_SomaliGloss" data-list-type="glossary" lang="so"><qti-html-content><div><span>bayaan</span><audio controls="true"><source src="glossary/item_183603_statement_4_somali.m4a" type="audio/mp4"/><source src="glossary/item_183603_statement_4_somali.ogg" type="audio/ogg"/></audio></div></qti-html-content></qti-card-entry><qti-card-entry data-list-code="TDS_WL_ESNGlossary" data-list-type="glossary" lang="es"><qti-html-content><div><span>afirmación</span></div><div><span>oración</span></div><div><span>enunciado</span><audio controls="true"><source src="glossary/item_183603_statement_4_spanish.m4a" type="audio/mp4"/><source src="glossary/item_183603_statement_4_spanish.ogg" type="audio/ogg"/></audio></div></qti-html-content></qti-card-entry><qti-card-entry data-list-code="TDS_WL_UkrainianGloss" data-list-type="glossary" lang="uk"><qti-html-content><div><span>твердження</span><audio controls="true"><source src="glossary/item_183603_statement_4_ukrainian.m4a" type="audio/mp4"/><source src="glossary/item_183603_statement_4_ukrainian.ogg" type="audio/ogg"/></audio></div></qti-html-content></qti-card-entry><qti-card-entry data-list-code="TDS_WL_VietnameseGloss" data-list-type="glossary" lang="vi"><qti-html-content><div><span>câu</span><audio controls="true"><source src="glossary/item_183603_statement_4_vietnamese.m4a" type="audio/mp4"/><source src="glossary/item_183603_statement_4_vietnamese.ogg" type="audio/ogg"/></audio></div></qti-html-content></qti-card-entry></qti-card></qti-catalog><qti-catalog id="glossary-term-5"><qti-card support="keyword-translation"><qti-card-entry data-list-code="TDS_WL_ArabicGloss" data-list-type="glossary" lang="ar"><qti-html-content><div><span>صحيحة</span><audio controls="true"><source src="glossary/item_183603_true_5_arabic.m4a" type="audio/mp4"/><source src="glossary/item_183603_true_5_arabic.ogg" type="audio/ogg"/></audio></div></qti-html-content></qti-card-entry><qti-card-entry data-list-code="TDS_WL_BurmeseGloss" data-list-type="glossary" lang="my"><qti-html-content><div><span>အမှန်</span><audio controls="true"><source src="glossary/item_183603_true_5_burmese.m4a" type="audio/mp4"/><source src="glossary/item_183603_true_5_burmese.ogg" type="audio/ogg"/></audio></div></qti-html-content></qti-card-entry><qti-card-entry data-list-code="TDS_WL_CantoneseGloss" data-list-type="glossary" lang="yue"><qti-html-content><div><span>成立</span><audio controls="true"><source src="glossary/item_183603_true_5_cantonese.m4a" type="audio/mp4"/><source src="glossary/item_183603_true_5_cantonese.ogg" type="audio/ogg"/></audio></div></qti-html-content></qti-card-entry><qti-card-entry data-list-code="TDS_WL_TagalGloss" data-list-type="glossary" lang="tl"><qti-html-content><div><span>Tama</span><audio controls="true"><source src="glossary/item_183603_true_5_filipino_a.m4a" type="audio/mp4"/><source src="glossary/item_183603_true_5_filipino_a.ogg" type="audio/ogg"/></audio></div><div><span>Usto</span><audio controls="true"><source src="glossary/item_183603_true_5_filipino_b.m4a" type="audio/mp4"/><source src="glossary/item_183603_true_5_filipino_b.ogg" type="audio/ogg"/></audio></div></qti-html-content></qti-card-entry><qti-card-entry data-list-code="TDS_WL_HmongGloss" data-list-type="glossary" lang="hmn"><qti-html-content><div><span>yog, muaj tseeb </span><audio controls="true"><source src="glossary/item_183603_true_5_hmong.m4a" type="audio/mp4"/><source src="glossary/item_183603_true_5_hmong.ogg" type="audio/ogg"/></audio></div></qti-html-content></qti-card-entry><qti-card-entry data-list-code="TDS_WL_KoreanGloss" data-list-type="glossary" lang="ko"><qti-html-content><div><span>진실의</span><audio controls="true"><source src="glossary/item_183603_true_5_korean.m4a" type="audio/mp4"/><source src="glossary/item_183603_true_5_korean.ogg" type="audio/ogg"/></audio></div></qti-html-content></qti-card-entry><qti-card-entry data-list-code="TDS_WL_MandarinGloss" data-list-type="glossary" lang="cmn"><qti-html-content><div><span>正確</span></div><div><span>正确，成立</span><audio controls="true"><source src="glossary/item_183603_true_5_mandarin.m4a" type="audio/mp4"/><source src="glossary/item_183603_true_5_mandarin.ogg" type="audio/ogg"/></audio></div></qti-html-content></qti-card-entry><qti-card-entry data-list-code="TDS_WL_PunjabiGloss" data-list-type="glossary" lang="pa"><qti-html-content><div><span>سچ</span><audio controls="true"><source src="glossary/item_183603_true_5_punjabi_a.m4a" type="audio/mp4"/><source src="glossary/item_183603_true_5_punjabi_a.ogg" type="audio/ogg"/></audio></div><div><span>ਸਹੀ</span><audio controls="true"><source src="glossary/item_183603_true_5_punjabi_b.m4a" type="audio/mp4"/><source src="glossary/item_183603_true_5_punjabi_b.ogg" type="audio/ogg"/></audio></div></qti-html-content></qti-card-entry><qti-card-entry data-list-code="TDS_WL_RussianGloss" data-list-type="glossary" lang="ru"><qti-html-content><div><span>верным</span><audio controls="true"><source src="glossary/item_183603_true_5_russian.m4a" type="audio/mp4"/><source src="glossary/item_183603_true_5_russian.ogg" type="audio/ogg"/></audio></div></qti-html-content></qti-card-entry><qti-card-entry data-list-code="TDS_WL_SomaliGloss" data-list-type="glossary" lang="so"><qti-html-content><div><span>run </span><audio controls="true"><source src="glossary/item_183603_true_5_somali.m4a" type="audio/mp4"/><source src="glossary/item_183603_true_5_somali.ogg" type="audio/ogg"/></audio></div></qti-html-content></qti-card-entry><qti-card-entry data-list-code="TDS_WL_ESNGlossary" data-list-type="glossary" lang="es"><qti-html-content><div><span>verdadera</span></div><div><span>cierta</span><audio controls="true"><source src="glossary/item_183603_true_5_spanish.m4a" type="audio/mp4"/><source src="glossary/item_183603_true_5_spanish.ogg" type="audio/ogg"/></audio></div></qti-html-content></qti-card-entry><qti-card-entry data-list-code="TDS_WL_UkrainianGloss" data-list-type="glossary" lang="uk"><qti-html-content><div><span>істинним</span></div><div><span>правильним</span><audio controls="true"><source src="glossary/item_183603_true_5_ukrainian.m4a" type="audio/mp4"/><source src="glossary/item_183603_true_5_ukrainian.ogg" type="audio/ogg"/></audio></div></qti-html-content></qti-card-entry><qti-card-entry data-list-code="TDS_WL_VietnameseGloss" data-list-type="glossary" lang="vi"><qti-html-content><div><span>Đúng</span><audio controls="true"><source src="glossary/item_183603_true_5_vietnamese.m4a" type="audio/mp4"/><source src="glossary/item_183603_true_5_vietnamese.ogg" type="audio/ogg"/></audio></div></qti-html-content></qti-card-entry></qti-card></qti-catalog><qti-catalog id="glossary-term-6"><qti-card support="keyword-translation"><qti-card-entry data-list-code="TDS_WL_ArabicGloss" data-list-type="glossary" lang="ar"><qti-html-content><div><span>اختر</span><audio controls="true"><source src="glossary/item_183603_select_6_arabic.m4a" type="audio/mp4"/><source src="glossary/item_183603_select_6_arabic.ogg" type="audio/ogg"/></audio></div></qti-html-content></qti-card-entry><qti-card-entry data-list-code="TDS_WL_BurmeseGloss" data-list-type="glossary" lang="my"><qti-html-content><div><span>ရွေးပါ</span><audio controls="true"><source src="glossary/item_183603_select_6_burmese.m4a" type="audio/mp4"/><source src="glossary/item_183603_select_6_burmese.ogg" type="audio/ogg"/></audio></div></qti-html-content></qti-card-entry><qti-card-entry data-list-code="TDS_WL_CantoneseGloss" data-list-type="glossary" lang="yue"><qti-html-content><div><span>选择</span></div><div><span>選 擇</span><audio controls="true"><source src="glossary/item_183603_select_6_cantonese.m4a" type="audio/mp4"/><source src="glossary/item_183603_select_6_cantonese.ogg" type="audio/ogg"/></audio></div></qti-html-content></qti-card-entry><qti-card-entry data-list-code="TDS_WL_TagalGloss" data-list-type="glossary" lang="tl"><qti-html-content><div><span>Piliin</span><audio controls="true"><source src="glossary/item_183603_select_6_filipino_a.m4a" type="audio/mp4"/><source src="glossary/item_183603_select_6_filipino_a.ogg" type="audio/ogg"/></audio></div><div><span>Pilien</span><audio controls="true"><source src="glossary/item_183603_select_6_filipino_b.m4a" type="audio/mp4"/><source src="glossary/item_183603_select_6_filipino_b.ogg" type="audio/ogg"/></audio></div></qti-html-content></qti-card-entry><qti-card-entry data-list-code="TDS_WL_HmongGloss" data-list-type="glossary" lang="hmn"><qti-html-content><div><span>Xaiv</span><audio controls="true"><source src="glossary/item_183603_select_6_hmong.m4a" type="audio/mp4"/><source src="glossary/item_183603_select_6_hmong.ogg" type="audio/ogg"/></audio></div></qti-html-content></qti-card-entry><qti-card-entry data-list-code="TDS_WL_KoreanGloss" data-list-type="glossary" lang="ko"><qti-html-content><div><span>선택하다</span><audio controls="true"><source src="glossary/item_183603_select_6_korean.m4a" type="audio/mp4"/><source src="glossary/item_183603_select_6_korean.ogg" type="audio/ogg"/></audio></div></qti-html-content></qti-card-entry><qti-card-entry data-list-code="TDS_WL_MandarinGloss" data-list-type="glossary" lang="cmn"><qti-html-content><div><span>选择</span></div><div><span>選擇</span><audio controls="true"><source src="glossary/item_183603_select_6_mandarin.m4a" type="audio/mp4"/><source src="glossary/item_183603_select_6_mandarin.ogg" type="audio/ogg"/></audio></div></qti-html-content></qti-card-entry><qti-card-entry data-list-code="TDS_WL_PunjabiGloss" data-list-type="glossary" lang="pa"><qti-html-content><div><span>منتخب کرو</span><audio controls="true"><source src="glossary/item_183603_select_6_punjabi_a.m4a" type="audio/mp4"/><source src="glossary/item_183603_select_6_punjabi_a.ogg" type="audio/ogg"/></audio></div><div><span>ਚੁਣੋ</span><audio controls="true"><source src="glossary/item_183603_select_6_punjabi_b.m4a" type="audio/mp4"/><source src="glossary/item_183603_select_6_punjabi_b.ogg" type="audio/ogg"/></audio></div></qti-html-content></qti-card-entry><qti-card-entry data-list-code="TDS_WL_RussianGloss" data-list-type="glossary" lang="ru"><qti-html-content><div><span>Выберите</span><audio controls="true"><source src="glossary/item_183603_select_6_russian.m4a" type="audio/mp4"/><source src="glossary/item_183603_select_6_russian.ogg" type="audio/ogg"/></audio></div></qti-html-content></qti-card-entry><qti-card-entry data-list-code="TDS_WL_SomaliGloss" data-list-type="glossary" lang="so"><qti-html-content><div><span>Xulo</span><audio controls="true"><source src="glossary/item_183603_select_6_somali.m4a" type="audio/mp4"/><source src="glossary/item_183603_select_6_somali.ogg" type="audio/ogg"/></audio></div></qti-html-content></qti-card-entry><qti-card-entry data-list-code="TDS_WL_ESNGlossary" data-list-type="glossary" lang="es"><qti-html-content><div><span>Selecciona</span></div><div><span>Escoge</span></div><div><span>Elige</span><audio controls="true"><source src="glossary/item_183603_select_6_spanish.m4a" type="audio/mp4"/><source src="glossary/item_183603_select_6_spanish.ogg" type="audio/ogg"/></audio></div></qti-html-content></qti-card-entry><qti-card-entry data-list-code="TDS_WL_UkrainianGloss" data-list-type="glossary" lang="uk"><qti-html-content><div><span>Виберіть</span><audio controls="true"><source src="glossary/item_183603_select_6_ukrainian.m4a" type="audio/mp4"/><source src="glossary/item_183603_select_6_ukrainian.ogg" type="audio/ogg"/></audio></div></qti-html-content></qti-card-entry><qti-card-entry data-list-code="TDS_WL_VietnameseGloss" data-list-type="glossary" lang="vi"><qti-html-content><div><span>Chọn</span><audio controls="true"><source src="glossary/item_183603_select_6_vietnamese.m4a" type="audio/mp4"/><source src="glossary/item_183603_select_6_vietnamese.ogg" type="audio/ogg"/></audio></div></qti-html-content></qti-card-entry></qti-card></qti-catalog><qti-catalog id="glossary-term-8"><qti-card support="keyword-translation"><qti-card-entry data-list-code="TDS_WL_ArabicGloss" data-list-type="glossary" lang="ar"><qti-html-content><div><span>خطأ</span><audio controls="true"><source src="glossary/item_183603_false_8_arabic.m4a" type="audio/mp4"/><source src="glossary/item_183603_false_8_arabic.ogg" type="audio/ogg"/></audio></div></qti-html-content></qti-card-entry><qti-card-entry data-list-code="TDS_WL_BurmeseGloss" data-list-type="glossary" lang="my"><qti-html-content><div><span>အမှား</span><audio controls="true"><source src="glossary/item_183603_false_8_burmese.m4a" type="audio/mp4"/><source src="glossary/item_183603_false_8_burmese.ogg" type="audio/ogg"/></audio></div></qti-html-content></qti-card-entry><qti-card-entry data-list-code="TDS_WL_CantoneseGloss" data-list-type="glossary" lang="yue"><qti-html-content><div><span>错误</span></div><div><span>錯誤</span><audio controls="true"><source src="glossary/item_183603_false_8_cantonese.m4a" type="audio/mp4"/><source src="glossary/item_183603_false_8_cantonese.ogg" type="audio/ogg"/></audio></div></qti-html-content></qti-card-entry><qti-card-entry data-list-code="TDS_WL_TagalGloss" data-list-type="glossary" lang="tl"><qti-html-content><div><span>Mali</span></div><div><span>Saan a husto</span><audio controls="true"><source src="glossary/item_183603_false_8_filipino.m4a" type="audio/mp4"/><source src="glossary/item_183603_false_8_filipino.ogg" type="audio/ogg"/></audio></div></qti-html-content></qti-card-entry><qti-card-entry data-list-code="TDS_WL_HmongGloss" data-list-type="glossary" lang="hmn"><qti-html-content><div><span>tsis yog, tsis muaj tseeb </span><audio controls="true"><source src="glossary/item_183603_false_8_hmong.m4a" type="audio/mp4"/><source src="glossary/item_183603_false_8_hmong.ogg" type="audio/ogg"/></audio></div></qti-html-content></qti-card-entry><qti-card-entry data-list-code="TDS_WL_KoreanGloss" data-list-type="glossary" lang="ko"><qti-html-content><div><span>거짓의</span><audio controls="true"><source src="glossary/item_183603_false_8_korean.m4a" type="audio/mp4"/><source src="glossary/item_183603_false_8_korean.ogg" type="audio/ogg"/></audio></div></qti-html-content></qti-card-entry><qti-card-entry data-list-code="TDS_WL_MandarinGloss" data-list-type="glossary" lang="cmn"><qti-html-content><div><span>错误</span></div><div><span>錯誤</span><audio controls="true"><source src="glossary/item_183603_false_8_mandarin.m4a" type="audio/mp4"/><source src="glossary/item_183603_false_8_mandarin.ogg" type="audio/ogg"/></audio></div></qti-html-content></qti-card-entry><qti-card-entry data-list-code="TDS_WL_PunjabiGloss" data-list-type="glossary" lang="pa"><qti-html-content><div><span>جھوٹھ</span><audio controls="true"><source src="glossary/item_183603_false_8_punjabi_a.m4a" type="audio/mp4"/><source src="glossary/item_183603_false_8_punjabi_a.ogg" type="audio/ogg"/></audio></div><div><span>ਗਲਤ</span><audio controls="true"><source src="glossary/item_183603_false_8_punjabi_b.m4a" type="audio/mp4"/><source src="glossary/item_183603_false_8_punjabi_b.ogg" type="audio/ogg"/></audio></div></qti-html-content></qti-card-entry><qti-card-entry data-list-code="TDS_WL_RussianGloss" data-list-type="glossary" lang="ru"><qti-html-content><div><span>Ложно</span><audio controls="true"><source src="glossary/item_183603_false_8_russian.m4a" type="audio/mp4"/><source src="glossary/item_183603_false_8_russian.ogg" type="audio/ogg"/></audio></div></qti-html-content></qti-card-entry><qti-card-entry data-list-code="TDS_WL_SomaliGloss" data-list-type="glossary" lang="so"><qti-html-content><div><span>been </span><audio controls="true"><source src="glossary/item_183603_false_8_somali.m4a" type="audio/mp4"/><source src="glossary/item_183603_false_8_somali.ogg" type="audio/ogg"/></audio></div></qti-html-content></qti-card-entry><qti-card-entry data-list-code="TDS_WL_ESNGlossary" data-list-type="glossary" lang="es"><qti-html-content><div><span>Falsa</span><audio controls="true"><source src="glossary/item_183603_false_8_spanish.m4a" type="audio/mp4"/><source src="glossary/item_183603_false_8_spanish.ogg" type="audio/ogg"/></audio></div></qti-html-content></qti-card-entry><qti-card-entry data-list-code="TDS_WL_UkrainianGloss" data-list-type="glossary" lang="uk"><qti-html-content><div><span>Неправильне</span><audio controls="true"><source src="glossary/item_183603_false_8_ukrainian.m4a" type="audio/mp4"/><source src="glossary/item_183603_false_8_ukrainian.ogg" type="audio/ogg"/></audio></div></qti-html-content></qti-card-entry><qti-card-entry data-list-code="TDS_WL_VietnameseGloss" data-list-type="glossary" lang="vi"><qti-html-content><div><span>Sai</span><audio controls="true"><source src="glossary/item_183603_false_8_vietnamese.m4a" type="audio/mp4"/><source src="glossary/item_183603_false_8_vietnamese.ogg" type="audio/ogg"/></audio></div></qti-html-content></qti-card-entry></qti-card></qti-catalog><qti-catalog id="glossary-term-9"><qti-card support="keyword-translation"><qti-card-entry data-list-code="TDS_ILG1" data-list-type="illustration"><qti-html-content><img src="item_183603_home_v1_illustration_glossary.svg" alt="home"/></qti-html-content></qti-card-entry></qti-card></qti-catalog></qti-catalog-info><qti-response-processing><qti-response-condition><qti-response-if><qti-match><qti-variable identifier="RESPONSE"/><qti-correct identifier="RESPONSE"/></qti-match><qti-set-outcome-value identifier="SCORE"><qti-base-value base-type="float">
     1
    </qti-base-value></qti-set-outcome-value></qti-response-if><qti-response-else><qti-set-outcome-value identifier="SCORE"><qti-base-value base-type="float">
     0
    </qti-base-value></qti-set-outcome-value></qti-response-else></qti-response-condition></qti-response-processing></qti-assessment-item>