<?xml version="1.0" encoding="UTF-8"?>
<metadata>
<smarterAppMetadata xmlns="http://www.smarterapp.org/ns/1/assessment_item_metadata">
   <Identifier>183684</Identifier>
   <Version>0.23</Version>
   <InteractionType>MS</InteractionType>
   <Subject>ELA</Subject>
   <Status>Released</Status>
   <Language>eng</Language>
   <SecurityStatus>secure</SecurityStatus>
   <MinimumGrade>5</MinimumGrade>
   <IntendedGrade>5</IntendedGrade>
   <MaximumGrade>5</MaximumGrade>
   <BrailleType>BRF</BrailleType>
   <EnemyItem></EnemyItem>
   <ItemAuthorIdentifier>Sridhar_Ravva</ItemAuthorIdentifier>
   <Claim2Category></Claim2Category>
   <Claim2RevisionCategory></Claim2RevisionCategory>
   <MathematicalPractice></MathematicalPractice>
   <AssociatedStimulus>193799</AssociatedStimulus>
   <StimulusLength>Short</StimulusLength>
   <AssociatedTutorial>67775</AssociatedTutorial>
   <MaximumNumberOfPoints>1</MaximumNumberOfPoints>
   <ScorePoints>"0, 1"</ScorePoints>
   <ItemSpecFormat>SmarterApp</ItemSpecFormat>
   <DepthOfKnowledge>1</DepthOfKnowledge>
   <SpecificationsVersion></SpecificationsVersion>
   <PerformanceTaskComponentItem>N</PerformanceTaskComponentItem>
   <PtSequence></PtSequence>
   <AccessibilityTagsASLLanguage>Y</AccessibilityTagsASLLanguage>
   <StandardPublication>
      <Publication>SBAC-ELA-v1</Publication>
      <PrimaryStandard>SBAC-ELA-v1:3-L|4-5|5.SL.2</PrimaryStandard>
   </StandardPublication>
   <StandardPublication>
      <Publication>SBAC</Publication>
      <PrimaryStandard>E.G5.C3SL.T4.5.SL.2</PrimaryStandard>
   </StandardPublication>
   <ContentTaskModel>na</ContentTaskModel>
   <LanguageFeatures></LanguageFeatures>
   <MeaningPurpose></MeaningPurpose>
   <PrimaryClaim>3</PrimaryClaim>
   <PrimaryCommonCoreStandard>5.SL.2</PrimaryCommonCoreStandard>
   <PrimaryContentDomain>L</PrimaryContentDomain>
   <QuaternaryClaim></QuaternaryClaim>
   <QuaternaryCommonCoreStandard></QuaternaryCommonCoreStandard>
   <ScoringEngine>Automatic with Key(s)</ScoringEngine>
   <ScoringDependency></ScoringDependency>
   <SecondaryClaim></SecondaryClaim>
   <SecondaryCommonCoreStandard></SecondaryCommonCoreStandard>
   <SecondaryContentDomain></SecondaryContentDomain>
   <TertiaryClaim></TertiaryClaim>
   <TertiaryCommonCoreStandard></TertiaryCommonCoreStandard>
   <TertiaryContentDomain></TertiaryContentDomain>
   <TestCategory>Practice</TestCategory>
   <TranslatedGlossaryPool></TranslatedGlossaryPool>
   <IllustrationGlossaryPool></IllustrationGlossaryPool>
   <BraillePool></BraillePool>
</smarterAppMetadata>
</metadata>