<?xml version="1.0" encoding="UTF-8"?><qti-assessment-item xsi:schemaLocation="http://www.imsglobal.org/xsd/imsqtiasi_v3p0 https://purl.imsglobal.org/spec/qti/v3p0/schema/xsd/imsqti_asiv3p0_v1p0.xsd http://www.w3.org/1998/Math/MathML https://purl.imsglobal.org/spec/mathml/v3p0/schema/xsd/mathml3.xsd http://www.w3.org/2001/10/synthesis https://purl.imsglobal.org/spec/ssml/v1p1/schema/xsd/ssmlv1p1-core.xsd http://www.w3.org/2001/XInclude https://purl.imsglobal.org/spec/w3/2001/schema/xsd/XInclude.xsd " xmlns="http://www.imsglobal.org/xsd/imsqtiasi_v3p0" xmlns:m3="http://www.w3.org/1998/Math/MathML" xmlns:ssml11="http://www.w3.org/2001/10/synthesis" xmlns:xi="http://www.w3.org/2001/XInclude" xmlns:xsi="http://www.w3.org/2001/XMLSchema-instance" identifier="sbac-200-183684" title="183684" xml:lang="en" tool-name="TIMS QTI 3.0 Export" tool-version="5.6.7" time-dependent="false"><qti-response-declaration identifier="RESPONSE" cardinality="multiple" base-type="identifier"><qti-correct-response><qti-value>A</qti-value><qti-value>C</qti-value><qti-value>E</qti-value></qti-correct-response></qti-response-declaration><qti-outcome-declaration identifier="SCORE" cardinality="single" base-type="float" normal-maximum="1.0" normal-minimum="0.0"><qti-default-value><qti-value>0</qti-value></qti-default-value></qti-outcome-declaration><qti-assessment-stimulus-ref identifier="sbac-200-193799" href="../sbac-200-193799/sbac-200-193799.xml"/><qti-stylesheet href="sbac-qti-assessment.css"/><qti-item-body class="sbac"><div data-catalog-idref="item-183684-global" class="sbac-global-item-catalog-ref"/><div class="qti-layout-row"><div class="qti-layout-col5"><div data-stimulus-idref="sbac-200-193799" class="qti-shared-stimulus"/></div><div class="qti-layout-col7"><div class="prompt"><p>Select <strong><span data-catalog-idref="item-183684-catalog-0"/><span aria-hidden="true">three</span> </strong>topics that <strong><span data-catalog-idref="item-183684-catalog-1"/><span aria-hidden="true">best</span> </strong>describe what the Chinese learned about from their kite designs.</p></div><qti-choice-interaction class="qti-labels-none" response-identifier="RESPONSE" max-choices="5" min-choices="1"><qti-simple-choice identifier="A"><p>air <span data-catalog-idref="item-183684-catalog-2"/><span aria-hidden="true">currents</span></p></qti-simple-choice><qti-simple-choice identifier="B"><p><span data-catalog-idref="item-183684-catalog-3"/><span aria-hidden="true">birds</span></p></qti-simple-choice><qti-simple-choice identifier="C"><p><span data-catalog-idref="item-183684-catalog-4"/><span aria-hidden="true">gliding</span></p></qti-simple-choice><qti-simple-choice identifier="D"><p><span data-catalog-idref="item-183684-catalog-5"/><span aria-hidden="true">heaven</span></p></qti-simple-choice><qti-simple-choice identifier="E"><p><span data-catalog-idref="item-183684-catalog-6"/><span aria-hidden="true">wind</span> <span data-catalog-idref="item-183684-catalog-7"/><span aria-hidden="true">changes</span></p></qti-simple-choice></qti-choice-interaction></div></div><qti-rubric-block class="qti-rubric-discretionary-placement" use="scoring" view="scorer"><qti-content-body><h3>Rubric</h3><p>A,C,E</p><h3>Option Rationale</h3><div><strong>A:</strong><br/></div><div><strong>B:</strong><br/></div><div><strong>C:</strong><br/></div><div><strong>D:</strong><br/></div><div><strong>E:</strong><br/></div></qti-content-body></qti-rubric-block></qti-item-body><qti-catalog-info><qti-catalog id="item-183684-catalog-0"><qti-card support="spoken"><qti-card-entry data-reading-type="computer-read-aloud"><qti-html-content>three,</qti-html-content></qti-card-entry><qti-card-entry data-reading-type="screen-reader"><qti-html-content>three</qti-html-content></qti-card-entry></qti-card></qti-catalog><qti-catalog id="item-183684-catalog-1"><qti-card support="spoken"><qti-card-entry data-reading-type="computer-read-aloud"><qti-html-content>best,</qti-html-content></qti-card-entry><qti-card-entry data-reading-type="screen-reader"><qti-html-content>best</qti-html-content></qti-card-entry></qti-card></qti-catalog><qti-catalog id="item-183684-catalog-2"><qti-card support="spoken"><qti-card-entry data-reading-type="computer-read-aloud"><qti-html-content>currents;</qti-html-content></qti-card-entry><qti-card-entry data-reading-type="screen-reader"><qti-html-content>currents</qti-html-content></qti-card-entry></qti-card></qti-catalog><qti-catalog id="item-183684-catalog-3"><qti-card support="spoken"><qti-card-entry data-reading-type="computer-read-aloud"><qti-html-content>birds;</qti-html-content></qti-card-entry><qti-card-entry data-reading-type="screen-reader"><qti-html-content>birds</qti-html-content></qti-card-entry></qti-card></qti-catalog><qti-catalog id="item-183684-catalog-4"><qti-card support="spoken"><qti-card-entry data-reading-type="computer-read-aloud"><qti-html-content>gliding;</qti-html-content></qti-card-entry><qti-card-entry data-reading-type="screen-reader"><qti-html-content>gliding</qti-html-content></qti-card-entry></qti-card></qti-catalog><qti-catalog id="item-183684-catalog-5"><qti-card support="spoken"><qti-card-entry data-reading-type="computer-read-aloud"><qti-html-content>heaven;</qti-html-content></qti-card-entry><qti-card-entry data-reading-type="screen-reader"><qti-html-content>heaven</qti-html-content></qti-card-entry></qti-card></qti-catalog><qti-catalog id="item-183684-catalog-6"><qti-card support="spoken"><qti-card-entry data-reading-type="computer-read-aloud"><qti-html-content>wend</qti-html-content></qti-card-entry><qti-card-entry data-reading-type="screen-reader"><qti-html-content>wind</qti-html-content></qti-card-entry></qti-card></qti-catalog><qti-catalog id="item-183684-catalog-7"><qti-card support="spoken"><qti-card-entry data-reading-type="computer-read-aloud"><qti-html-content>changes.</qti-html-content></qti-card-entry><qti-card-entry data-reading-type="screen-reader"><qti-html-content>changes</qti-html-content></qti-card-entry></qti-card></qti-catalog><qti-catalog id="item-183684-global"><qti-card support="ext:sbac-braille-files"><qti-card-entry data-math-representation="none" data-contracted="true" data-type="BRF" lang="en" data-format="UEB"><qti-file-href mime-type="application/braille">item_183684_enu_ucl.brf</qti-file-href></qti-card-entry><qti-card-entry data-math-representation="none" data-contracted="false" data-type="BRF" lang="en" data-format="EBAE"><qti-file-href mime-type="application/braille">item_183684_enu_exl.brf</qti-file-href></qti-card-entry><qti-card-entry data-math-representation="none" data-contracted="false" data-type="BRF" lang="en" data-format="UEB"><qti-file-href mime-type="application/braille">item_183684_enu_uxl.brf</qti-file-href></qti-card-entry><qti-card-entry data-math-representation="none" data-contracted="true" data-type="BRF" lang="en" data-format="EBAE"><qti-file-href mime-type="application/braille">item_183684_enu_ecl.brf</qti-file-href></qti-card-entry></qti-card><qti-card support="sign-language"><qti-card-entry default="true" lang="ase"><qti-html-content><video controls="true"><source src="item_183684_ASL_STEM.webm" type="video/webm"/><source src="item_183684_ASL_STEM.mp4" type="video/mp4"/>Your browser does not support the video element.</video></qti-html-content></qti-card-entry></qti-card></qti-catalog></qti-catalog-info><qti-response-processing><qti-response-condition><qti-response-if><qti-match><qti-variable identifier="RESPONSE"/><qti-correct identifier="RESPONSE"/></qti-match><qti-set-outcome-value identifier="SCORE"><qti-base-value base-type="float">
     1
    </qti-base-value></qti-set-outcome-value></qti-response-if><qti-response-else><qti-set-outcome-value identifier="SCORE"><qti-base-value base-type="float">
     0
    </qti-base-value></qti-set-outcome-value></qti-response-else></qti-response-condition></qti-response-processing></qti-assessment-item>