<?xml version="1.0" encoding="UTF-8"?>
<AnswerSet>
    <Question id="">
        <QuestionPart id="1">
            <ObjectSet>
                <AtomicObject>{fillRightArrow(125,67)}</AtomicObject>
                <AtomicObject>{RightArrow(376,67)}</AtomicObject>
                <AtomicObject>{fillLeftArrow(290,39)}</AtomicObject>
                <AtomicObject>{LeftArrow(327,261)}</AtomicObject>
            </ObjectSet>
            <SnapPoint>25@125,377;125,343;375,377;376,343;120,149;223,149;275,149;327,149;378,149;123,149;226,149;278,149;330,149;381,149;171,149;174,149</SnapPoint>
        </QuestionPart>
    </Question>
</AnswerSet>
