<?xml version="1.0" encoding="UTF-8"?>
<AnswerSet>
    <Question id="">
        <QuestionPart id="1">
            <ObjectSet>
                <RegionGroupObject name="grp1" numselected="6">
                    <RegionObject name="a1" isselected="false"/>
                    <RegionObject name="a2" isselected="false"/>
                    <RegionObject name="a3" isselected="false"/>
                    <RegionObject name="a4" isselected="false"/>
                    <RegionObject name="a5" isselected="true"/>
                    <RegionObject name="a6" isselected="true"/>
                    <RegionObject name="a7" isselected="true"/>
                    <RegionObject name="a8" isselected="true"/>
                    <RegionObject name="a9" isselected="true"/>
                    <RegionObject name="a10" isselected="true"/>
                </RegionGroupObject>
            </ObjectSet>
            <SnapPoint/>
        </QuestionPart>
    </Question>
</AnswerSet>
