<?xml version="1.0" encoding="UTF-8"?>
<AnswerSet>
    <Question id="">
        <QuestionPart id="1">
            <ObjectSet>
                <RegionGroupObject name="Group1" numselected="1">
                    <RegionObject name="1" isselected="true"/>
                    <RegionObject name="2" isselected="false"/>
                    <RegionObject name="3" isselected="false"/>
                </RegionGroupObject>
                <RegionGroupObject name="Group2" numselected="1">
                    <RegionObject name="4" isselected="false"/>
                    <RegionObject name="5" isselected="true"/>
                    <RegionObject name="6" isselected="false"/>
                </RegionGroupObject>
                <RegionGroupObject name="Group3" numselected="1">
                    <RegionObject name="7" isselected="true"/>
                    <RegionObject name="8" isselected="false"/>
                    <RegionObject name="9" isselected="false"/>
                </RegionGroupObject>
                <RegionGroupObject name="Group4" numselected="1">
                    <RegionObject name="10" isselected="false"/>
                    <RegionObject name="11" isselected="false"/>
                    <RegionObject name="12" isselected="true"/>
                </RegionGroupObject>
                <RegionGroupObject name="Group5" numselected="1">
                    <RegionObject name="13" isselected="false"/>
                    <RegionObject name="14" isselected="false"/>
                    <RegionObject name="15" isselected="true"/>
                </RegionGroupObject>
            </ObjectSet>
            <SnapPoint/>
        </QuestionPart>
    </Question>
</AnswerSet>
