<?xml version="1.0" encoding="UTF-8"?><qti-assessment-item xsi:schemaLocation="http://www.imsglobal.org/xsd/imsqtiasi_v3p0 https://purl.imsglobal.org/spec/qti/v3p0/schema/xsd/imsqti_asiv3p0_v1p0.xsd http://www.w3.org/1998/Math/MathML https://purl.imsglobal.org/spec/mathml/v3p0/schema/xsd/mathml3.xsd http://www.w3.org/2001/10/synthesis https://purl.imsglobal.org/spec/ssml/v1p1/schema/xsd/ssmlv1p1-core.xsd http://www.w3.org/2001/XInclude https://purl.imsglobal.org/spec/w3/2001/schema/xsd/XInclude.xsd " xmlns="http://www.imsglobal.org/xsd/imsqtiasi_v3p0" xmlns:m3="http://www.w3.org/1998/Math/MathML" xmlns:ssml11="http://www.w3.org/2001/10/synthesis" xmlns:xi="http://www.w3.org/2001/XInclude" xmlns:xsi="http://www.w3.org/2001/XMLSchema-instance" identifier="sbac-200-183101" title="183101" xml:lang="en" tool-name="TIMS QTI 3.0 Export" tool-version="5.6.7" time-dependent="false"><qti-response-declaration identifier="RESPONSE" cardinality="single" base-type="string"/><qti-outcome-declaration identifier="SCORE" cardinality="single" base-type="float" normal-maximum="2.0" normal-minimum="0.0" external-scored="human"><qti-default-value><qti-value>0</qti-value></qti-default-value></qti-outcome-declaration><qti-assessment-stimulus-ref identifier="sbac-200-193792" href="../sbac-200-193792/sbac-200-193792.xml"/><qti-stylesheet href="sbac-qti-assessment.css"/><qti-item-body class="sbac"><div data-catalog-idref="item-183101-global" class="sbac-global-item-catalog-ref"/><div class="qti-layout-row"><div class="qti-layout-col5"><div data-stimulus-idref="sbac-200-193792" class="qti-shared-stimulus"/></div><div class="qti-layout-col7"><div class="prompt"><p>What is the author's message about living with nature? Use details from the text to support your answer.</p></div><qti-extended-text-interaction response-identifier="RESPONSE" format="plain" class="sbac-height-lines-5"/></div></div><qti-rubric-block class="qti-rubric-discretionary-placement" use="scoring" view="scorer"><qti-content-body><h3>Rubric</h3><div class="rubric-exemplar-pair"><div class="rubric"><p>2 points:</p><p>A response:</p><p>• Gives sufficient evidence of the ability to determine/summarize the theme/central idea/message, or to analyze the development of the central idea</p><p>• Includes specific examples/details that make clear reference to the text</p><p>• Adequately explains the theme/central idea/message or analysis with clearly relevant information based on the text</p></div><div class="exemplar"><p>The author's message about living in nature is that, althought you think you might not like it, you'll never know. She expected to be living this in this city life fantasy, yet she moved to the woods, in a cabin. When you think about it you obviously won't like it, you'll think you're cut off from civilization and things like that, yet after awhile she loved it. She was so used to the animals and the sky painted with stars that she's scared to move again. She's scared she won't be able to adapt to the city life and the barely able to see stars. The message about living with nature in her perspective, it that you'll never knwo if you like it until you try it.</p></div></div><div class="rubric-exemplar-pair"><div class="rubric"><p>1 point:</p><p>A response:</p><p>• Gives limited evidence of the ability to determine/summarize the theme/central idea/message, or to analyze the development of the central idea</p><p>• Includes vague/limited examples/details that make reference to the text</p><p>• Explains the theme/central idea/message or analysis with vague/limited information based on the text</p></div><div class="exemplar"><p>The authors meassage about nature, is that nature is beautiful, and it has a lot to offer. There are animals in the wilderness, such as raddlesnakes, bobcats, mountain lions, coyotes and even bears. There is vegitation and animals.</p></div></div><div class="rubric-exemplar-pair"><div class="rubric"><p>0 points:</p><p>A response:</p><p>• Gives no evidence of the ability to determine/summarize the theme/central idea/message, or to analyze the development of the central idea</p><p>OR</p><p>• Gives the theme/central idea/message or analysis, but includes no examples or no examples/details that make reference to the text</p><p>OR</p><p>• Gives the theme/central idea/message or analysis, but includes no explanation or relevant information from the text</p></div><div class="exemplar"><p>home can be anywhere, as long as u bieleve it is home. the line stating how she had comflicting feelings explains this point.</p></div></div></qti-content-body></qti-rubric-block></qti-item-body><qti-catalog-info><qti-catalog id="item-183101-global"><qti-card support="ext:sbac-braille-files"><qti-card-entry data-math-representation="none" data-contracted="true" data-type="BRF" lang="en" data-format="EBAE"><qti-file-href mime-type="application/braille">item_183101_enu_ecl.brf</qti-file-href></qti-card-entry><qti-card-entry data-math-representation="none" data-contracted="true" data-type="BRF" lang="en" data-format="UEB"><qti-file-href mime-type="application/braille">item_183101_enu_ucl.brf</qti-file-href></qti-card-entry><qti-card-entry data-math-representation="none" data-contracted="false" data-type="BRF" lang="en" data-format="EBAE"><qti-file-href mime-type="application/braille">item_183101_enu_exl.brf</qti-file-href></qti-card-entry><qti-card-entry data-math-representation="none" data-contracted="false" data-type="BRF" lang="en" data-format="UEB"><qti-file-href mime-type="application/braille">item_183101_enu_uxl.brf</qti-file-href></qti-card-entry></qti-card></qti-catalog></qti-catalog-info></qti-assessment-item>