<?xml version="1.0" encoding="UTF-8"?>
<metadata>
<smarterAppMetadata xmlns="http://www.smarterapp.org/ns/1/assessment_item_metadata">
   <Identifier>183197</Identifier>
   <Version>0.18</Version>
   <InteractionType>MS</InteractionType>
   <Subject>ELA</Subject>
   <Status>Released</Status>
   <Language>eng</Language>
   <SecurityStatus>secure</SecurityStatus>
   <MinimumGrade>6</MinimumGrade>
   <IntendedGrade>6</IntendedGrade>
   <MaximumGrade>6</MaximumGrade>
   <BrailleType>BRF</BrailleType>
   <EnemyItem></EnemyItem>
   <ItemAuthorIdentifier>Sridhar_Ravva</ItemAuthorIdentifier>
   <Claim2Category></Claim2Category>
   <Claim2RevisionCategory></Claim2RevisionCategory>
   <MathematicalPractice></MathematicalPractice>
   <AssociatedTutorial>181073</AssociatedTutorial>
   <MaximumNumberOfPoints>1</MaximumNumberOfPoints>
   <ScorePoints>"0, 1"</ScorePoints>
   <ItemSpecFormat>SmarterApp</ItemSpecFormat>
   <DepthOfKnowledge>2</DepthOfKnowledge>
   <SpecificationsVersion></SpecificationsVersion>
   <PerformanceTaskComponentItem>N</PerformanceTaskComponentItem>
   <PtSequence></PtSequence>
   <AccessibilityTagsASLLanguage>N</AccessibilityTagsASLLanguage>
   <StandardPublication>
      <Publication>SBAC-ELA-v1</Publication>
      <PrimaryStandard>SBAC-ELA-v1:4-CR|4-6|6.W.9a</PrimaryStandard>
   </StandardPublication>
   <StandardPublication>
      <Publication>SBAC</Publication>
      <PrimaryStandard>E.G6.C4R.T4.6.W.9a</PrimaryStandard>
   </StandardPublication>
   <ContentTaskModel>3</ContentTaskModel>
   <LanguageFeatures></LanguageFeatures>
   <MeaningPurpose></MeaningPurpose>
   <PrimaryClaim>4</PrimaryClaim>
   <PrimaryCommonCoreStandard>6.W.9a</PrimaryCommonCoreStandard>
   <PrimaryContentDomain>CR</PrimaryContentDomain>
   <QuaternaryClaim></QuaternaryClaim>
   <QuaternaryCommonCoreStandard></QuaternaryCommonCoreStandard>
   <ScoringEngine>Automatic with Key(s)</ScoringEngine>
   <ScoringDependency></ScoringDependency>
   <SecondaryClaim></SecondaryClaim>
   <SecondaryCommonCoreStandard></SecondaryCommonCoreStandard>
   <SecondaryContentDomain></SecondaryContentDomain>
   <TertiaryClaim></TertiaryClaim>
   <TertiaryCommonCoreStandard></TertiaryCommonCoreStandard>
   <TertiaryContentDomain></TertiaryContentDomain>
   <TestCategory>Practice</TestCategory>
   <TranslatedGlossaryPool></TranslatedGlossaryPool>
   <IllustrationGlossaryPool></IllustrationGlossaryPool>
</smarterAppMetadata>
</metadata>