<?xml version="1.0" encoding="UTF-8"?>
<manifest xsi:schemaLocation="http://www.imsglobal.org/xsd/imsqti_metadata_v3p0 https://purl.imsglobal.org/spec/qti/v3p0/schema/xsd/imsqti_metadatav3p0_v1p0.xsd http://ltsc.ieee.org/xsd/LOM https://purl.imsglobal.org/spec/md/v1p3/schema/xsd/imsmd_loose_v1p3p2.xsd http://www.imsglobal.org/xsd/qti/qtiv3p0/imscp_v1p1 https://purl.imsglobal.org/spec/qti/v3p0/schema/xsd/imsqtiv3p0_imscpv1p2_v1p0.xsd http://www.imsglobal.org/xsd/qti/qtiv3p0/imscsmd_v1p1 https://purl.imsglobal.org/spec/qti/v3p0/schema/xsd/imsqtiv3p0_csmv1p1_v1p0.xsd http://www.imsglobal.org/xsd/qti/qtiv3p0/imscp_extensionv1p2 http://purl.imsglobal.org/spec/qti/v3p0/schema/xsd/imsqtiv3p0_cpextv1p2_v1p0.xsd http://www.imsglobal.org/xsd/qti/qtiv3p0/imsafa3p0drd_v1p0 https://purl.imsglobal.org/spec/qti/v3p0/schema/xsd/imsqtiv3p0_afa3p0drd_v1p0.xsd" xmlns="http://www.imsglobal.org/xsd/qti/qtiv3p0/imscp_v1p1" xmlns:imsmd="http://ltsc.ieee.org/xsd/LOM" xmlns:imsqti="http://www.imsglobal.org/xsd/imsqti_metadata_v3p0" xmlns:csmd="http://www.imsglobal.org/xsd/qti/qtiv3p0/imscsmd_v1p1" xmlns:cpx="http://www.imsglobal.org/xsd/qti/qtiv3p0/imscp_extensionv1p2" xmlns:drd="http://www.imsglobal.org/xsd/qti/qtiv3p0/imsafa3p0drd_v1p0" xmlns:xsi="http://www.w3.org/2001/XMLSchema-instance" identifier="content-package-59">
   <metadata>
      <schema>QTI Package</schema>
      <schemaversion>3.0.0</schemaversion>
   </metadata>
   <resources>
      <resource identifier="metadata_sbac-200-182951" type="resourceextmetadata/xml" href="sbac-200-182951/metadata_sbac-200-182951.xml">
         <file href="sbac-200-182951/metadata_sbac-200-182951.xml"/>
      </resource>
      <resource identifier="sbac-200-182951" type="imsqti_item_xmlv3p0" href="sbac-200-182951/sbac-200-182951.xml">
         <file href="sbac-200-182951/sbac-200-182951.xml"/>
         <file href="sbac-200-182951/item_182951_enu_ecl.brf"/>
         <file href="sbac-200-182951/item_182951_enu_exl.brf"/>
         <file href="sbac-200-182951/item_182951_enu_ucl.brf"/>
         <file href="sbac-200-182951/item_182951_enu_uxl.brf"/>
         <dependency identifierref="metadata_sbac-200-182951"/>
      </resource>
      <resource identifier="metadata_sbac-200-183147" type="resourceextmetadata/xml" href="sbac-200-183147/metadata_sbac-200-183147.xml">
         <file href="sbac-200-183147/metadata_sbac-200-183147.xml"/>
      </resource>
      <resource identifier="sbac-200-183147" type="imsqti_item_xmlv3p0" href="sbac-200-183147/sbac-200-183147.xml">
         <file href="sbac-200-183147/sbac-200-183147.xml"/>
         <file href="sbac-200-183147/item_183147_enu_ecl.brf"/>
         <file href="sbac-200-183147/item_183147_enu_exl.brf"/>
         <file href="sbac-200-183147/item_183147_enu_ucl.brf"/>
         <file href="sbac-200-183147/item_183147_enu_uxl.brf"/>
         <dependency identifierref="metadata_sbac-200-183147"/>
      </resource>
      <resource identifier="metadata_sbac-200-183093" type="resourceextmetadata/xml" href="sbac-200-183093/metadata_sbac-200-183093.xml">
         <file href="sbac-200-183093/metadata_sbac-200-183093.xml"/>
      </resource>
      <resource identifier="sbac-200-183093" type="imsqti_item_xmlv3p0" href="sbac-200-183093/sbac-200-183093.xml">
         <file href="sbac-200-183093/sbac-200-183093.xml"/>
         <file href="sbac-200-183093/item_183093_enu_ecl.brf"/>
         <file href="sbac-200-183093/item_183093_enu_exl.brf"/>
         <file href="sbac-200-183093/item_183093_enu_ucl.brf"/>
         <file href="sbac-200-183093/item_183093_enu_uxl.brf"/>
         <dependency identifierref="metadata_sbac-200-183093"/>
         <dependency identifierref="sbac-200-193792"/>
      </resource>
      <resource identifier="metadata_sbac-200-182865" type="resourceextmetadata/xml" href="sbac-200-182865/metadata_sbac-200-182865.xml">
         <file href="sbac-200-182865/metadata_sbac-200-182865.xml"/>
      </resource>
      <resource identifier="sbac-200-182865" type="imsqti_item_xmlv3p0" href="sbac-200-182865/sbac-200-182865.xml">
         <file href="sbac-200-182865/sbac-200-182865.xml"/>
         <file href="sbac-200-182865/item_182865_enu_ecl.brf"/>
         <file href="sbac-200-182865/item_182865_enu_exl.brf"/>
         <file href="sbac-200-182865/item_182865_enu_ucl.brf"/>
         <file href="sbac-200-182865/item_182865_enu_uxl.brf"/>
         <dependency identifierref="metadata_sbac-200-182865"/>
      </resource>
      <resource identifier="metadata_sbac-200-183097" type="resourceextmetadata/xml" href="sbac-200-183097/metadata_sbac-200-183097.xml">
         <file href="sbac-200-183097/metadata_sbac-200-183097.xml"/>
      </resource>
      <resource identifier="sbac-200-183097" type="imsqti_item_xmlv3p0" href="sbac-200-183097/sbac-200-183097.xml">
         <file href="sbac-200-183097/sbac-200-183097.xml"/>
         <file href="sbac-200-183097/item_183097_enu_ecl.brf"/>
         <file href="sbac-200-183097/item_183097_enu_exl.brf"/>
         <file href="sbac-200-183097/item_183097_enu_ucl.brf"/>
         <file href="sbac-200-183097/item_183097_enu_uxl.brf"/>
         <dependency identifierref="metadata_sbac-200-183097"/>
         <dependency identifierref="sbac-200-193792"/>
      </resource>
      <resource identifier="metadata_sbac-200-183197" type="resourceextmetadata/xml" href="sbac-200-183197/metadata_sbac-200-183197.xml">
         <file href="sbac-200-183197/metadata_sbac-200-183197.xml"/>
      </resource>
      <resource identifier="sbac-200-183197" type="imsqti_item_xmlv3p0" href="sbac-200-183197/sbac-200-183197.xml">
         <file href="sbac-200-183197/sbac-200-183197.xml"/>
         <file href="sbac-200-183197/item_183197_enu_ecl.brf"/>
         <file href="sbac-200-183197/item_183197_enu_exl.brf"/>
         <file href="sbac-200-183197/item_183197_enu_ucl.brf"/>
         <file href="sbac-200-183197/item_183197_enu_uxl.brf"/>
         <dependency identifierref="metadata_sbac-200-183197"/>
      </resource>
      <resource identifier="metadata_sbac-200-182938" type="resourceextmetadata/xml" href="sbac-200-182938/metadata_sbac-200-182938.xml">
         <file href="sbac-200-182938/metadata_sbac-200-182938.xml"/>
      </resource>
      <resource identifier="sbac-200-182938" type="imsqti_item_xmlv3p0" href="sbac-200-182938/sbac-200-182938.xml">
         <file href="sbac-200-182938/sbac-200-182938.xml"/>
         <file href="sbac-200-182938/item_182938_enu_ecl.brf"/>
         <file href="sbac-200-182938/item_182938_enu_exl.brf"/>
         <file href="sbac-200-182938/item_182938_enu_ucl.brf"/>
         <file href="sbac-200-182938/item_182938_enu_uxl.brf"/>
         <dependency identifierref="metadata_sbac-200-182938"/>
      </resource>
      <resource identifier="metadata_sbac-200-183035" type="resourceextmetadata/xml" href="sbac-200-183035/metadata_sbac-200-183035.xml">
         <file href="sbac-200-183035/metadata_sbac-200-183035.xml"/>
      </resource>
      <resource identifier="sbac-200-183035" type="imsqti_item_xmlv3p0" href="sbac-200-183035/sbac-200-183035.xml">
         <file href="sbac-200-183035/sbac-200-183035.xml"/>
         <file href="sbac-200-183035/item_183035_enu_ecl.brf"/>
         <file href="sbac-200-183035/item_183035_enu_exl.brf"/>
         <file href="sbac-200-183035/item_183035_enu_ucl.brf"/>
         <file href="sbac-200-183035/item_183035_enu_uxl.brf"/>
         <dependency identifierref="metadata_sbac-200-183035"/>
      </resource>
      <resource identifier="metadata_sbac-200-183101" type="resourceextmetadata/xml" href="sbac-200-183101/metadata_sbac-200-183101.xml">
         <file href="sbac-200-183101/metadata_sbac-200-183101.xml"/>
      </resource>
      <resource identifier="sbac-200-183101" type="imsqti_item_xmlv3p0" href="sbac-200-183101/sbac-200-183101.xml">
         <file href="sbac-200-183101/sbac-200-183101.xml"/>
         <file href="sbac-200-183101/item_183101_enu_ecl.brf"/>
         <file href="sbac-200-183101/item_183101_enu_exl.brf"/>
         <file href="sbac-200-183101/item_183101_enu_ucl.brf"/>
         <file href="sbac-200-183101/item_183101_enu_uxl.brf"/>
         <dependency identifierref="metadata_sbac-200-183101"/>
         <dependency identifierref="sbac-200-193792"/>
      </resource>
      <resource identifier="metadata_sbac-200-193792" type="resourceextmetadata/xml" href="sbac-200-193792/metadata_sbac-200-193792.xml">
         <file href="sbac-200-193792/metadata_sbac-200-193792.xml"/>
      </resource>
      <resource identifier="sbac-200-193792" type="imsqti_stimulus_xmlv3p0" href="sbac-200-193792/sbac-200-193792.xml">
         <file href="sbac-200-193792/sbac-200-193792.xml"/>
         <file href="sbac-200-193792/passage_193792_enu_ecl.brf"/>
         <file href="sbac-200-193792/passage_193792_enu_exl.brf"/>
         <file href="sbac-200-193792/passage_193792_enu_ucl.brf"/>
         <file href="sbac-200-193792/passage_193792_enu_uxl.brf"/>
         <dependency identifierref="metadata_sbac-200-193792"/>
      </resource>
   </resources>
</manifest>
