<?xml version="1.0" encoding="UTF-8"?>
<metadata>
<smarterAppMetadata xmlns="http://www.smarterapp.org/ns/1/assessment_item_metadata">
   <Identifier>183035</Identifier>
   <Version>0.18</Version>
   <InteractionType>SA</InteractionType>
   <Subject>ELA</Subject>
   <Status>Released</Status>
   <Language>eng</Language>
   <SecurityStatus>secure</SecurityStatus>
   <MinimumGrade>7</MinimumGrade>
   <IntendedGrade>7</IntendedGrade>
   <MaximumGrade>7</MaximumGrade>
   <BrailleType>BRF</BrailleType>
   <EnemyItem></EnemyItem>
   <ItemAuthorIdentifier>Sridhar_Ravva</ItemAuthorIdentifier>
   <Claim2Category>E</Claim2Category>
   <Claim2RevisionCategory>BW</Claim2RevisionCategory>
   <MathematicalPractice></MathematicalPractice>
   <AssociatedTutorial>181078</AssociatedTutorial>
   <MaximumNumberOfPoints>2</MaximumNumberOfPoints>
   <ScorePoints>"0, 1, 2"</ScorePoints>
   <ItemSpecFormat>SmarterApp</ItemSpecFormat>
   <DepthOfKnowledge>3</DepthOfKnowledge>
   <SpecificationsVersion></SpecificationsVersion>
   <PerformanceTaskComponentItem>N</PerformanceTaskComponentItem>
   <PtSequence></PtSequence>
   <AccessibilityTagsASLLanguage>N</AccessibilityTagsASLLanguage>
   <StandardPublication>
      <Publication>SBAC-ELA-v1</Publication>
      <PrimaryStandard>SBAC-ELA-v1:2-W|1-7|7.W.3b</PrimaryStandard>
   </StandardPublication>
   <StandardPublication>
      <Publication>SBAC</Publication>
      <PrimaryStandard>E.G7.C2WN.T1.7.W.3b</PrimaryStandard>
   </StandardPublication>
   <ContentTaskModel>1</ContentTaskModel>
   <LanguageFeatures></LanguageFeatures>
   <MeaningPurpose></MeaningPurpose>
   <PrimaryClaim>2</PrimaryClaim>
   <PrimaryCommonCoreStandard>7.W.3b</PrimaryCommonCoreStandard>
   <PrimaryContentDomain>W</PrimaryContentDomain>
   <QuaternaryClaim></QuaternaryClaim>
   <QuaternaryCommonCoreStandard></QuaternaryCommonCoreStandard>
   <ScoringEngine>HandScored</ScoringEngine>
   <ScoringDependency></ScoringDependency>
   <SecondaryClaim></SecondaryClaim>
   <SecondaryCommonCoreStandard></SecondaryCommonCoreStandard>
   <SecondaryContentDomain></SecondaryContentDomain>
   <TertiaryClaim></TertiaryClaim>
   <TertiaryCommonCoreStandard></TertiaryCommonCoreStandard>
   <TertiaryContentDomain></TertiaryContentDomain>
   <TestCategory>Practice</TestCategory>
   <TranslatedGlossaryPool></TranslatedGlossaryPool>
   <IllustrationGlossaryPool></IllustrationGlossaryPool>
</smarterAppMetadata>
</metadata>