<?xml version="1.0" encoding="UTF-8"?>
<metadata>
<smarterAppMetadata xmlns="http://www.smarterapp.org/ns/1/assessment_item_metadata">
   <Identifier>193792</Identifier>
   <Version>1.16</Version>
   <InteractionType>Stimulus</InteractionType>
   <Subject>ELA</Subject>
   <Status>Released</Status>
   <Language>eng</Language>
   <SecurityStatus>secure</SecurityStatus>
   <MinimumGrade></MinimumGrade>
   <IntendedGrade>11</IntendedGrade>
   <MaximumGrade></MaximumGrade>
   <BrailleType>BRF</BrailleType>
   <EnemyItem></EnemyItem>
   <ItemAuthorIdentifier>Sridhar_Ravva</ItemAuthorIdentifier>
   <MathematicalPractice></MathematicalPractice>
   <StimulusLength></StimulusLength>
   <ItemSpecFormat>SmarterApp</ItemSpecFormat>
   <StimulusFormat>Standard</StimulusFormat>
   <SpecificationsVersion></SpecificationsVersion>
   <StimulusReadabilityFK></StimulusReadabilityFK>
   <StimulusReadabilityLexile></StimulusReadabilityLexile>
   <StimulusLiteraryKnowledgeDemands></StimulusLiteraryKnowledgeDemands>
   <StimulusLiteraryNonFiction></StimulusLiteraryNonFiction>
   <PtSequence></PtSequence>
   <AccessibilityTagsASLLanguage>N</AccessibilityTagsASLLanguage>
   <ContentTaskModel></ContentTaskModel>
   <LanguageFeatures></LanguageFeatures>
   <MeaningPurpose></MeaningPurpose>
   <SecondaryContentDomain></SecondaryContentDomain>
   <TertiaryContentDomain></TertiaryContentDomain>
   <TestCategory></TestCategory>
   <TranslatedGlossaryPool></TranslatedGlossaryPool>
   <IllustrationGlossaryPool></IllustrationGlossaryPool>
</smarterAppMetadata>
</metadata>