<?xml version="1.0" encoding="UTF-8"?><qti-assessment-item xsi:schemaLocation="http://www.imsglobal.org/xsd/imsqtiasi_v3p0 https://purl.imsglobal.org/spec/qti/v3p0/schema/xsd/imsqti_asiv3p0_v1p0.xsd http://www.w3.org/1998/Math/MathML https://purl.imsglobal.org/spec/mathml/v3p0/schema/xsd/mathml3.xsd http://www.w3.org/2001/10/synthesis https://purl.imsglobal.org/spec/ssml/v1p1/schema/xsd/ssmlv1p1-core.xsd http://www.w3.org/2001/XInclude https://purl.imsglobal.org/spec/w3/2001/schema/xsd/XInclude.xsd " xmlns="http://www.imsglobal.org/xsd/imsqtiasi_v3p0" xmlns:m3="http://www.w3.org/1998/Math/MathML" xmlns:ssml11="http://www.w3.org/2001/10/synthesis" xmlns:xi="http://www.w3.org/2001/XInclude" xmlns:xsi="http://www.w3.org/2001/XMLSchema-instance" identifier="sbac-200-183477" title="183477" xml:lang="en" tool-name="TIMS QTI 3.0 Export" tool-version="5.6.7" time-dependent="false"><qti-response-declaration identifier="RESPONSE" cardinality="single" base-type="string"/><qti-outcome-declaration identifier="SCORE" cardinality="single" base-type="float" normal-maximum="1.0" normal-minimum="0.0"><qti-default-value><qti-value>0</qti-value></qti-default-value></qti-outcome-declaration><qti-outcome-declaration identifier="Responses" cardinality="ordered" base-type="string"/><qti-outcome-declaration identifier="Response1" cardinality="single" base-type="string"/><qti-companion-materials-info><qti-calculator><qti-calculator-type>scientific</qti-calculator-type><qti-description>all basic calculator functions, root, trigonometric, memory functions</qti-description></qti-calculator></qti-companion-materials-info><qti-stylesheet href="sbac-qti-assessment.css"/><qti-item-body class="sbac"><div data-catalog-idref="item-183477-global" class="sbac-global-item-catalog-ref"/><div class="qti-layout-row"><div class="qti-layout-col12"><div class="prompt"><div xml:lang="es"><p>La figura que se muestra se forma uniendo dos rectángulos.</p><br/><p> <img aria-describedby="item-183477-catalog-2" src="item_183477_v0_stemart_png256_esn.png" alt="En sentido de las manecillas del reloj comenzando desde la izquierda, la figura se lee, quince pulgadas, veinticinco pulgadas, diez pulgadas, veinticinco pulgadas, diez pulgadas, veinticinco pulgadas, quince pulgadas, setenta y cinco pulgadas."/></p><br/><p>Escribe el área, en pulgadas cuadradas, de la <span data-catalog-idref="item-183477-catalog-3"/><span aria-hidden="true">figura.</span></p></div><div xml:lang="en"><p>The figure shown is created by joining two rectangles.</p><br/><p><img aria-describedby="item-183477-catalog-0" src="item_183477_v1_stemart_png256.png" alt="From the left and clockwise, the figure reeds, 15 inches, twenty five inches, 10 inches, twenty five inches, 10 inches, twenty five inches, fifteen inches, seventy five inches."/></p><br/><p><span data-catalog-idref="glossary-term-1">Enter</span> the area, in square inches, of the <span data-catalog-idref="item-183477-catalog-1"/><span aria-hidden="true">figure.</span></p></div></div><qti-custom-interaction response-identifier="RESPONSE" data-interaction-identifier="sbac:equation" class="tei-sbee"><custom-option><![CDATA[<editorconfig xmlns="">
  <tabConfig>
    <tab xmlns="http://www.w3.org/1999/xhtml" title="Basic">
        <grid cols="3" title="Numbers">
            <item title="one" aria-label="one">1</item>
            <item title="two" aria-label="two">2</item>
            <item title="three" aria-label="three">3</item>
            <item title="four" aria-label="four">4</item>
            <item title="five" aria-label="five">5</item>
            <item title="six" aria-label="six">6</item>
            <item title="seven" aria-label="seven">7</item>
            <item title="eight" aria-label="eight">8</item>
            <item title="nine" aria-label="nine">9</item>
            <item title="zero" aria-label="zero">0</item>
            <item title="period" aria-label="period">.</item>
            <item title="minus" aria-label="minus">-</item>
        </grid>
    </tab>
  </tabConfig>
  <editorRow>
    <math xmlns="http://www.w3.org/1998/Math/MathML" title="">
      <mstyle>
        <mo>##</mo>
      </mstyle>
    </math>
  </editorRow>

</editorconfig>]]></custom-option></qti-custom-interaction></div></div><qti-rubric-block class="qti-rubric-discretionary-placement" use="scoring" view="scorer"><qti-content-body><h3>Rubric</h3><br/><p>Exemplar:</p><br/><ul><li><p>1375</p></li></ul><br/><p>Other Correct Responses:</p><br/><ul><li><p>any number equivalent to 1375.</p></li></ul><br/><p>For this item, a full-credit response includes</p><br/><ul><li><p>a correct solution (1 point).</p></li></ul><br/></qti-content-body></qti-rubric-block></qti-item-body><qti-catalog-info><qti-catalog id="item-183477-catalog-0"><qti-card support="spoken"><qti-card-entry data-reading-type="computer-read-aloud"><qti-html-content>From the left and clockwise, the figure reeds, 15 inches, twenty five inches, 10 inches, twenty five inches, 10 inches, twenty five inches, fifteen inches, seventy five inches.</qti-html-content></qti-card-entry><qti-card-entry data-reading-type="screen-reader"><qti-html-content>Request embossing. From the left and clockwise, the figure reeds, 15 inches, 25 inches, 10 inches, 25 inches, 10 inches, 25 inches, 15 inches, 75 inches.</qti-html-content></qti-card-entry></qti-card></qti-catalog><qti-catalog id="item-183477-catalog-1"><qti-card support="spoken"><qti-card-entry data-reading-type="computer-read-aloud"><qti-html-content>figure. From left to right and top to bottom the equation tool reeds, 1, 2, 3, 4, 5, 6, 7, 8, 9, 0, point, negative.</qti-html-content></qti-card-entry><qti-card-entry data-reading-type="screen-reader"><qti-html-content>figure.</qti-html-content></qti-card-entry></qti-card></qti-catalog><qti-catalog id="item-183477-catalog-2"><qti-card support="spoken"><qti-card-entry data-reading-type="computer-read-aloud"><qti-html-content>En sentido de las manecillas del reloj comenzando desde la izquierda, la figura se lee, quince pulgadas, veinticinco pulgadas, diez pulgadas, veinticinco pulgadas, diez pulgadas, veinticinco pulgadas, quince pulgadas, setenta y cinco pulgadas.</qti-html-content></qti-card-entry></qti-card></qti-catalog><qti-catalog id="item-183477-catalog-3"><qti-card support="spoken"><qti-card-entry data-reading-type="computer-read-aloud"><qti-html-content>figura. De izquierda a derecha y de arriba hacia abajo, la herramienta de ecuación se lee; uno, 2, 3, 4, 5, 6, 7, 8, 9, 0, punto, negativo.</qti-html-content></qti-card-entry></qti-card></qti-catalog><qti-catalog id="item-183477-global"><qti-card support="ext:sbac-braille-files"><qti-card-entry data-math-representation="nemeth" data-contracted="true" data-type="PRN" lang="en" data-format="EBAE"><qti-file-href mime-type="application/braille">item_183477_enu_ecn.prn</qti-file-href></qti-card-entry><qti-card-entry data-math-representation="nemeth" data-contracted="true" data-type="PRN" lang="en" data-format="UEB"><qti-file-href mime-type="application/braille">item_183477_enu_ucn.prn</qti-file-href></qti-card-entry><qti-card-entry data-math-representation="nemeth" data-contracted="false" data-type="PRN" lang="en" data-format="EBAE"><qti-file-href mime-type="application/braille">item_183477_enu_exn.prn</qti-file-href></qti-card-entry><qti-card-entry data-math-representation="nemeth" data-contracted="false" data-type="PRN" lang="en" data-format="UEB"><qti-file-href mime-type="application/braille">item_183477_enu_uxn.prn</qti-file-href></qti-card-entry><qti-card-entry data-math-representation="UEB" data-contracted="true" data-type="PRN" lang="en" data-format="UEB"><qti-file-href mime-type="application/braille">item_183477_enu_uct.prn</qti-file-href></qti-card-entry><qti-card-entry data-math-representation="UEB" data-contracted="false" data-type="PRN" lang="en" data-format="UEB"><qti-file-href mime-type="application/braille">item_183477_enu_uxt.prn</qti-file-href></qti-card-entry></qti-card><qti-card support="sign-language"><qti-card-entry default="true" lang="ase"><qti-html-content><video controls="true"><source src="item_183477_ASL_STEM.webm" type="video/webm"/><source src="item_183477_ASL_STEM.mp4" type="video/mp4"/>Your browser does not support the video element.</video></qti-html-content></qti-card-entry></qti-card></qti-catalog><qti-catalog id="glossary-term-1"><qti-card support="keyword-translation"><qti-card-entry data-list-code="TDS_WL_ArabicGloss" data-list-type="glossary" lang="ar"><qti-html-content><div><span>يدخل</span><audio controls="true"><source src="glossary/item_183477_enter_1_arabic.m4a" type="audio/mp4"/><source src="glossary/item_183477_enter_1_arabic.ogg" type="audio/ogg"/></audio></div></qti-html-content></qti-card-entry><qti-card-entry data-list-code="TDS_WL_BurmeseGloss" data-list-type="glossary" lang="my"><qti-html-content><div><span>ထည့်ပါ</span><audio controls="true"><source src="glossary/item_183477_enter_1_burmese.m4a" type="audio/mp4"/><source src="glossary/item_183477_enter_1_burmese.ogg" type="audio/ogg"/></audio></div></qti-html-content></qti-card-entry><qti-card-entry data-list-code="TDS_WL_CantoneseGloss" data-list-type="glossary" lang="yue"><qti-html-content><div><span>输入</span></div><div><span>輸入</span><audio controls="true"><source src="glossary/item_183477_enter_1_cantonese.m4a" type="audio/mp4"/><source src="glossary/item_183477_enter_1_cantonese.ogg" type="audio/ogg"/></audio></div></qti-html-content></qti-card-entry><qti-card-entry data-list-code="TDS_WL_TagalGloss" data-list-type="glossary" lang="tl"><qti-html-content><div><span>Ilagay</span><audio controls="true"><source src="glossary/item_183477_enter_1_filipino_a.m4a" type="audio/mp4"/><source src="glossary/item_183477_enter_1_filipino_a.ogg" type="audio/ogg"/></audio></div><div><span>Ikabil</span><audio controls="true"><source src="glossary/item_183477_enter_1_filipino_b.m4a" type="audio/mp4"/><source src="glossary/item_183477_enter_1_filipino_b.ogg" type="audio/ogg"/></audio></div></qti-html-content></qti-card-entry><qti-card-entry data-list-code="TDS_WL_HmongGloss" data-list-type="glossary" lang="hmn"><qti-html-content><div><span>Nkag</span></div><div><span>Nkaag</span><audio controls="true"><source src="glossary/item_183477_enter_1_hmong.m4a" type="audio/mp4"/><source src="glossary/item_183477_enter_1_hmong.ogg" type="audio/ogg"/></audio></div></qti-html-content></qti-card-entry><qti-card-entry data-list-code="TDS_WL_KoreanGloss" data-list-type="glossary" lang="ko"><qti-html-content><div><span>쓰다</span></div><div><span>입력하다</span><audio controls="true"><source src="glossary/item_183477_enter_1_korean.m4a" type="audio/mp4"/><source src="glossary/item_183477_enter_1_korean.ogg" type="audio/ogg"/></audio></div></qti-html-content></qti-card-entry><qti-card-entry data-list-code="TDS_WL_MandarinGloss" data-list-type="glossary" lang="cmn"><qti-html-content><div><span>输入</span></div><div><span>填寫</span><audio controls="true"><source src="glossary/item_183477_enter_1_mandarin.m4a" type="audio/mp4"/><source src="glossary/item_183477_enter_1_mandarin.ogg" type="audio/ogg"/></audio></div></qti-html-content></qti-card-entry><qti-card-entry data-list-code="TDS_WL_PunjabiGloss" data-list-type="glossary" lang="pa"><qti-html-content><div><span>پاؤ</span><audio controls="true"><source src="glossary/item_183477_enter_1_punjabi_a.m4a" type="audio/mp4"/><source src="glossary/item_183477_enter_1_punjabi_a.ogg" type="audio/ogg"/></audio></div><div><span>ਦਰਜ਼ ਕਰੋ</span><audio controls="true"><source src="glossary/item_183477_enter_1_punjabi_b.m4a" type="audio/mp4"/><source src="glossary/item_183477_enter_1_punjabi_b.ogg" type="audio/ogg"/></audio></div></qti-html-content></qti-card-entry><qti-card-entry data-list-code="TDS_WL_RussianGloss" data-list-type="glossary" lang="ru"><qti-html-content><div><span>Введи</span><audio controls="true"><source src="glossary/item_183477_enter_1_russian.m4a" type="audio/mp4"/><source src="glossary/item_183477_enter_1_russian.ogg" type="audio/ogg"/></audio></div></qti-html-content></qti-card-entry><qti-card-entry data-list-code="TDS_WL_SomaliGloss" data-list-type="glossary" lang="so"><qti-html-content><div><span>Gal</span><audio controls="true"><source src="glossary/item_183477_enter_1_somali.m4a" type="audio/mp4"/><source src="glossary/item_183477_enter_1_somali.ogg" type="audio/ogg"/></audio></div></qti-html-content></qti-card-entry><qti-card-entry data-list-code="TDS_WL_ESNGlossary" data-list-type="glossary" lang="es"><qti-html-content><div><span>Escribe</span><audio controls="true"><source src="glossary/item_183477_enter_1_spanish.m4a" type="audio/mp4"/><source src="glossary/item_183477_enter_1_spanish.ogg" type="audio/ogg"/></audio></div></qti-html-content></qti-card-entry><qti-card-entry data-list-code="TDS_WL_UkrainianGloss" data-list-type="glossary" lang="uk"><qti-html-content><div><span>Введіть</span><audio controls="true"><source src="glossary/item_183477_enter_1_ukrainian.m4a" type="audio/mp4"/><source src="glossary/item_183477_enter_1_ukrainian.ogg" type="audio/ogg"/></audio></div></qti-html-content></qti-card-entry><qti-card-entry data-list-code="TDS_WL_VietnameseGloss" data-list-type="glossary" lang="vi"><qti-html-content><div><span>Điền</span><audio controls="true"><source src="glossary/item_183477_enter_1_vietnamese.m4a" type="audio/mp4"/><source src="glossary/item_183477_enter_1_vietnamese.ogg" type="audio/ogg"/></audio></div></qti-html-content></qti-card-entry><qti-card-entry data-list-code="TDS_ILG1" data-list-type="illustration"><qti-html-content><img src="item_183477_enter_v1_illustration_glossary.svg" alt="enter"/></qti-html-content></qti-card-entry></qti-card></qti-catalog></qti-catalog-info><qti-response-processing><qti-set-outcome-value identifier="Responses"><qti-custom-operator class="qti.sbac.customOperators.EQ.PREPROCESSRESPONSE" definition="response=RESPONSE"/></qti-set-outcome-value><qti-set-outcome-value identifier="Response1"><qti-index n="1"><qti-variable identifier="Responses"/></qti-index></qti-set-outcome-value><qti-response-condition><qti-response-if><qti-custom-operator class="qti.sbac.customOperators.EQ.ISEQUIVALENT" definition="exemplar=1375|||simplify=true|||object=Response1"/><qti-set-outcome-value identifier="SCORE"><qti-base-value base-type="float">
     1.0
    </qti-base-value></qti-set-outcome-value></qti-response-if><qti-response-else><qti-set-outcome-value identifier="SCORE"><qti-base-value base-type="float">
     0.0
    </qti-base-value></qti-set-outcome-value></qti-response-else></qti-response-condition></qti-response-processing></qti-assessment-item>