<?xml version="1.0" encoding="UTF-8"?>
<metadata>
<smarterAppMetadata xmlns="http://www.smarterapp.org/ns/1/assessment_item_metadata">
   <Identifier>183477</Identifier>
   <Version>1.38</Version>
   <InteractionType>EQ</InteractionType>
   <Subject>MATH</Subject>
   <Status>Released</Status>
   <Language>eng</Language>
   <Language>spa</Language>
   <SecurityStatus>secure</SecurityStatus>
   <MinimumGrade>7</MinimumGrade>
   <IntendedGrade>7</IntendedGrade>
   <MaximumGrade>8</MaximumGrade>
   <BrailleType>PRN</BrailleType>
   <EnemyItem></EnemyItem>
   <ItemAuthorIdentifier>Sridhar_Ravva</ItemAuthorIdentifier>
   <Claim2Category></Claim2Category>
   <Claim2RevisionCategory></Claim2RevisionCategory>
   <AllowCalculator>Y</AllowCalculator>
   <MathematicalPractice></MathematicalPractice>
   <StimulusLength></StimulusLength>
   <AssociatedTutorial>67863</AssociatedTutorial>
   <AssociatedWordlist>600183477</AssociatedWordlist>
   <MaximumNumberOfPoints>1</MaximumNumberOfPoints>
   <ScorePoints>"0, 1"</ScorePoints>
   <ItemSpecFormat>SmarterApp</ItemSpecFormat>
   <DepthOfKnowledge>2</DepthOfKnowledge>
   <SpecificationsVersion></SpecificationsVersion>
   <PerformanceTaskComponentItem>N</PerformanceTaskComponentItem>
   <PtSequence></PtSequence>
   <AccessibilityTagsASLLanguage>Y</AccessibilityTagsASLLanguage>
   <StandardPublication>
      <Publication>SBAC-MA-v4</Publication>
      <PrimaryStandard>SBAC-MA-v4:1|G|F-7|a/s|7.G.6</PrimaryStandard>
   </StandardPublication>
   <StandardPublication>
      <Publication>SBAC-MA-v6</Publication>
      <PrimaryStandard>SBAC-MA-v6:1|S|TS03|F-7</PrimaryStandard>
   </StandardPublication>
   <StandardPublication>
      <Publication>SBAC</Publication>
      <PrimaryStandard>M.G7.C1G.TF.7.G.6</PrimaryStandard>
   </StandardPublication>
   <ContentTaskModel>TM3_Det</ContentTaskModel>
   <LanguageFeatures></LanguageFeatures>
   <MeaningPurpose></MeaningPurpose>
   <PrimaryClaim>1</PrimaryClaim>
   <PrimaryCommonCoreStandard>7.G.6</PrimaryCommonCoreStandard>
   <PrimaryContentDomain>G</PrimaryContentDomain>
   <QuaternaryClaim></QuaternaryClaim>
   <QuaternaryCommonCoreStandard></QuaternaryCommonCoreStandard>
   <ScoringEngine>Automatic with Machine Rubric</ScoringEngine>
   <ScoringDependency></ScoringDependency>
   <SecondaryClaim></SecondaryClaim>
   <SecondaryCommonCoreStandard></SecondaryCommonCoreStandard>
   <SecondaryContentDomain></SecondaryContentDomain>
   <TertiaryClaim></TertiaryClaim>
   <TertiaryCommonCoreStandard></TertiaryCommonCoreStandard>
   <TertiaryContentDomain></TertiaryContentDomain>
   <TestCategory>Practice</TestCategory>
   <TranslatedGlossaryPool>Y</TranslatedGlossaryPool>
   <IllustrationGlossaryPool>Y</IllustrationGlossaryPool>
   <BraillePool></BraillePool>
</smarterAppMetadata>
</metadata>