<response><math xmlns="http://www.w3.org/1998/Math/MathML">
  <mstyle displaystyle="true">
    <mn>3</mn>
    <mn>5</mn>
    <mo>&#x2212;<!-- - --></mo>
    <mi>x</mi>
    <mo>=</mo>
    <mn>1</mn>
    <mn>3</mn>
  </mstyle>
</math><math xmlns="http://www.w3.org/1998/Math/MathML">
  <mstyle displaystyle="true">
    <mrow class="MJX-TeXAtom-ORD">
      <mn>4</mn>
      <mn>8</mn>
      <mo>&#x2212;<!-- - --></mo>
      <mn>3</mn>
      <mn>5</mn>
      <mo>=</mo>
      <mn>1</mn>
      <mn>3</mn>
    </mrow>
  </mstyle>
</math></response>
