<response><math xmlns="http://www.w3.org/1998/Math/MathML">
  <mstyle displaystyle="true">
    <mfrac>
      <mn>5</mn>
      <mrow>
        <mn>6</mn>
      </mrow>
    </mfrac>
    <mo>&#x00D7;<!-- � --></mo>
    <mn>2</mn>
    <mo>=</mo>
    <mfrac>
      <mrow>
        <mn>1</mn>
        <mn>0</mn>
      </mrow>
      <mrow>
        <mn>1</mn>
        <mn>2</mn>
      </mrow>
    </mfrac>
  </mstyle>
</math><math xmlns="http://www.w3.org/1998/Math/MathML">
  <mstyle displaystyle="true">
    <mrow class="MJX-TeXAtom-ORD">
      <mn>1</mn>
      <mn>0</mn>
      <mi>p</mi>
    </mrow>
  </mstyle>
</math></response>
