<?xml version="1.0" encoding="UTF-8"?>
<!-- MACHINE GENERATED 6/5/14  13:15 PM. DO NOT EDIT -->
<!DOCTYPE AnswerSet [
<!ELEMENT AnswerSet (Question+)>
<!ELEMENT AtomicObject (#PCDATA)>
<!ELEMENT EdgeVector (#PCDATA)>
<!ELEMENT GridImageTestPoints (TestPoint*)>
<!ELEMENT LabelList (#PCDATA)>
<!ELEMENT Object (PointVector,EdgeVector,LabelList,ValueList)>
<!ELEMENT ObjectSet (Object,AtomicObject+)>
<!ELEMENT PointVector (#PCDATA)>
<!ELEMENT Question (QuestionPart)>
<!ATTLIST Question id NMTOKEN #REQUIRED>
<!ELEMENT QuestionPart (LabelList,GridImageTestPoints,ObjectSet)>
<!ATTLIST QuestionPart id NMTOKEN #REQUIRED>
<!ELEMENT TestPoint (#PCDATA)>
<!ELEMENT ValueList (#PCDATA)>
]>
<AnswerSet><Question id=""><QuestionPart id="1"><ObjectSet><AtomicObject>{3(153,215)}</AtomicObject><AtomicObject>{2(243,209)}</AtomicObject></ObjectSet><SnapPoint>40@243,201;113,303;158,304;205,304;251,303;297,303;342,302;387,301;135,303;182,303;228,303;274,304;319,303;363,303</SnapPoint></QuestionPart></Question></AnswerSet>
