<?xml version="1.0" encoding="UTF-8"?>
<!-- MACHINE GENERATED 5/19/14  13:51 PM. DO NOT EDIT -->
<!DOCTYPE AnswerSet [
<!ELEMENT AnswerSet (Question+)>
<!ELEMENT AtomicObject (#PCDATA)>
<!ELEMENT EdgeVector (#PCDATA)>
<!ELEMENT GridImageTestPoints (TestPoint*)>
<!ELEMENT LabelList (#PCDATA)>
<!ELEMENT Object (PointVector,EdgeVector,LabelList,ValueList)>
<!ELEMENT ObjectSet (Object,AtomicObject+)>
<!ELEMENT PointVector (#PCDATA)>
<!ELEMENT Question (QuestionPart)>
<!ATTLIST Question id NMTOKEN #REQUIRED>
<!ELEMENT QuestionPart (LabelList,GridImageTestPoints,ObjectSet)>
<!ATTLIST QuestionPart id NMTOKEN #REQUIRED>
<!ELEMENT TestPoint (#PCDATA)>
<!ELEMENT ValueList (#PCDATA)>
]>
<AnswerSet><Question id=""><QuestionPart id="1"><ObjectSet><TerminatedEdgeObject>(298,200),(374,248),Type-2</TerminatedEdgeObject></ObjectSet><SnapPoint></SnapPoint><Lines><Line sourceX="298" sourceY="210" targetX="374" targetY="162" dir="both" style="solid"/></Lines></QuestionPart></Question></AnswerSet>
