<?xml version="1.0" encoding="UTF-8"?>
<!-- MACHINE GENERATED 4/2/14  13:25 PM. DO NOT EDIT -->
<!DOCTYPE AnswerSet [
<!ELEMENT AnswerSet (Question+)>
<!ELEMENT AtomicObject (#PCDATA)>
<!ELEMENT EdgeVector (#PCDATA)>
<!ELEMENT GridImageTestPoints (TestPoint*)>
<!ELEMENT LabelList (#PCDATA)>
<!ELEMENT Object (PointVector,EdgeVector,LabelList,ValueList)>
<!ELEMENT ObjectSet (Object,AtomicObject+)>
<!ELEMENT PointVector (#PCDATA)>
<!ELEMENT Question (QuestionPart)>
<!ATTLIST Question id NMTOKEN #REQUIRED>
<!ELEMENT QuestionPart (LabelList,GridImageTestPoints,ObjectSet)>
<!ATTLIST QuestionPart id NMTOKEN #REQUIRED>
<!ELEMENT TestPoint (#PCDATA)>
<!ELEMENT ValueList (#PCDATA)>
]>
<AnswerSet><Question id=""><QuestionPart id="1"><ObjectSet><RegionGroupObject name="group" numselected="2"><RegionObject name="a1" isselected="false"/><RegionObject name="a2" isselected="true"/><RegionObject name="a3" isselected="true"/><RegionObject name="a4" isselected="false"/><RegionObject name="a5" isselected="false"/><RegionObject name="a6" isselected="false"/><RegionObject name="a7" isselected="false"/><RegionObject name="a8" isselected="false"/><RegionObject name="a9" isselected="false"/><RegionObject name="a10" isselected="false"/><RegionObject name="a11" isselected="false"/><RegionObject name="a12" isselected="false"/></RegionGroupObject></ObjectSet><SnapPoint></SnapPoint></QuestionPart></Question></AnswerSet>
