<?xml version="1.0" encoding="UTF-8"?>
<!-- MACHINE GENERATED 5/20/14  13:17 PM. DO NOT EDIT -->
<!DOCTYPE AnswerSet [
<!ELEMENT AnswerSet (Question+)>
<!ELEMENT AtomicObject (#PCDATA)>
<!ELEMENT EdgeVector (#PCDATA)>
<!ELEMENT GridImageTestPoints (TestPoint*)>
<!ELEMENT LabelList (#PCDATA)>
<!ELEMENT Object (PointVector,EdgeVector,LabelList,ValueList)>
<!ELEMENT ObjectSet (Object,AtomicObject+)>
<!ELEMENT PointVector (#PCDATA)>
<!ELEMENT Question (QuestionPart)>
<!ATTLIST Question id NMTOKEN #REQUIRED>
<!ELEMENT QuestionPart (LabelList,GridImageTestPoints,ObjectSet)>
<!ATTLIST QuestionPart id NMTOKEN #REQUIRED>
<!ELEMENT TestPoint (#PCDATA)>
<!ELEMENT ValueList (#PCDATA)>
]>
<AnswerSet><Question id=""><QuestionPart id="1"><ObjectSet><Object><PointVector>{(284,277)}</PointVector><EdgeVector> {} </EdgeVector><LabelList> {} </LabelList><ValueList> {} </ValueList></Object><Object><PointVector>{(237,262)}</PointVector><EdgeVector> {} </EdgeVector><LabelList> {} </LabelList><ValueList> {} </ValueList></Object><TerminatedEdgeObject>(50,211),(429,317),Type-2</TerminatedEdgeObject></ObjectSet><SnapPoint></SnapPoint><Lines><Line sourceX="50" sourceY="199" targetX="429" targetY="93" dir="both" style="solid"/></Lines></QuestionPart></Question></AnswerSet>
