<?xml version="1.0" encoding="UTF-8"?>
<!-- MACHINE GENERATED 5/7/14  8:21 AM. DO NOT EDIT -->
<!DOCTYPE AnswerSet [
<!ELEMENT AnswerSet (Question+)>
<!ELEMENT AtomicObject (#PCDATA)>
<!ELEMENT EdgeVector (#PCDATA)>
<!ELEMENT GridImageTestPoints (TestPoint*)>
<!ELEMENT LabelList (#PCDATA)>
<!ELEMENT Object (PointVector,EdgeVector,LabelList,ValueList)>
<!ELEMENT ObjectSet (Object,AtomicObject+)>
<!ELEMENT PointVector (#PCDATA)>
<!ELEMENT Question (QuestionPart)>
<!ATTLIST Question id NMTOKEN #REQUIRED>
<!ELEMENT QuestionPart (LabelList,GridImageTestPoints,ObjectSet)>
<!ATTLIST QuestionPart id NMTOKEN #REQUIRED>
<!ELEMENT TestPoint (#PCDATA)>
<!ELEMENT ValueList (#PCDATA)>
]>
<AnswerSet><Question id=""><QuestionPart id="1"><ObjectSet><Object><PointVector>{(270,238)}</PointVector><EdgeVector> {} </EdgeVector><LabelList> {} </LabelList><ValueList> {} </ValueList></Object><TerminatedEdgeObject>(264,173),(315,241),Type-2</TerminatedEdgeObject></ObjectSet><SnapPoint></SnapPoint><Lines><Line sourceX="264" sourceY="237" targetX="315" targetY="169" dir="both" style="solid"/></Lines></QuestionPart></Question></AnswerSet>
