<?xml version="1.0" encoding="UTF-8"?>
<!-- MACHINE GENERATED 5/20/14  8:21 AM. DO NOT EDIT -->
<!DOCTYPE AnswerSet [
<!ELEMENT AnswerSet (Question+)>
<!ELEMENT AtomicObject (#PCDATA)>
<!ELEMENT EdgeVector (#PCDATA)>
<!ELEMENT GridImageTestPoints (TestPoint*)>
<!ELEMENT LabelList (#PCDATA)>
<!ELEMENT Object (PointVector,EdgeVector,LabelList,ValueList)>
<!ELEMENT ObjectSet (Object,AtomicObject+)>
<!ELEMENT PointVector (#PCDATA)>
<!ELEMENT Question (QuestionPart)>
<!ATTLIST Question id NMTOKEN #REQUIRED>
<!ELEMENT QuestionPart (LabelList,GridImageTestPoints,ObjectSet)>
<!ATTLIST QuestionPart id NMTOKEN #REQUIRED>
<!ELEMENT TestPoint (#PCDATA)>
<!ELEMENT ValueList (#PCDATA)>
]>
<AnswerSet><Question id=""><QuestionPart id="1"><ObjectSet><Object><PointVector>{(284,276)}</PointVector><EdgeVector> {} </EdgeVector><LabelList> {} </LabelList><ValueList> {} </ValueList></Object><Object><PointVector>{(298,261)}</PointVector><EdgeVector> {} </EdgeVector><LabelList> {} </LabelList><ValueList> {} </ValueList></Object><TerminatedEdgeObject>(261,299),(330,229),Type-2</TerminatedEdgeObject></ObjectSet><SnapPoint></SnapPoint><Lines><Line sourceX="261" sourceY="111" targetX="330" targetY="181" dir="both" style="solid"/></Lines></QuestionPart></Question></AnswerSet>
