<?xml version="1.0" encoding="UTF-8"?>
<!-- MACHINE GENERATED 4/7/14  8:39 AM. DO NOT EDIT -->
<!DOCTYPE AnswerSet [
<!ELEMENT AnswerSet (Question+)>
<!ELEMENT AtomicObject (#PCDATA)>
<!ELEMENT EdgeVector (#PCDATA)>
<!ELEMENT GridImageTestPoints (TestPoint*)>
<!ELEMENT LabelList (#PCDATA)>
<!ELEMENT Object (PointVector,EdgeVector,LabelList,ValueList)>
<!ELEMENT ObjectSet (Object,AtomicObject+)>
<!ELEMENT PointVector (#PCDATA)>
<!ELEMENT Question (QuestionPart)>
<!ATTLIST Question id NMTOKEN #REQUIRED>
<!ELEMENT QuestionPart (LabelList,GridImageTestPoints,ObjectSet)>
<!ATTLIST QuestionPart id NMTOKEN #REQUIRED>
<!ELEMENT TestPoint (#PCDATA)>
<!ELEMENT ValueList (#PCDATA)>
]>
<AnswerSet><Question id=""><QuestionPart id="1"><ObjectSet><AtomicObject>{3(327,225)}</AtomicObject><AtomicObject>{2(255,268)}</AtomicObject><AtomicObject>{4(418,45)}</AtomicObject><AtomicObject>{1(418,269)}</AtomicObject></ObjectSet><SnapPoint>60@59,365;153,365;281,365;418,365;418,141;327,185;255,142</SnapPoint></QuestionPart></Question></AnswerSet>
