<?xml version="1.0" encoding="UTF-8"?>
<!-- MACHINE GENERATED 3/31/14  9:38 AM. DO NOT EDIT -->
<!DOCTYPE AnswerSet [
<!ELEMENT AnswerSet (Question+)>
<!ELEMENT AtomicObject (#PCDATA)>
<!ELEMENT EdgeVector (#PCDATA)>
<!ELEMENT GridImageTestPoints (TestPoint*)>
<!ELEMENT LabelList (#PCDATA)>
<!ELEMENT Object (PointVector,EdgeVector,LabelList,ValueList)>
<!ELEMENT ObjectSet (Object,AtomicObject+)>
<!ELEMENT PointVector (#PCDATA)>
<!ELEMENT Question (QuestionPart)>
<!ATTLIST Question id NMTOKEN #REQUIRED>
<!ELEMENT QuestionPart (LabelList,GridImageTestPoints,ObjectSet)>
<!ATTLIST QuestionPart id NMTOKEN #REQUIRED>
<!ELEMENT TestPoint (#PCDATA)>
<!ELEMENT ValueList (#PCDATA)>
]>
<AnswerSet><Question id=""><QuestionPart id="1"><ObjectSet><RegionGroupObject name="Region1" numselected="1"><RegionObject name="Reg11" isselected="true"/><RegionObject name="Reg12" isselected="false"/><RegionObject name="Reg13" isselected="false"/></RegionGroupObject><RegionGroupObject name="Region2" numselected="7"><RegionObject name="Reg21" isselected="true"/><RegionObject name="Reg22" isselected="false"/><RegionObject name="Reg23" isselected="true"/><RegionObject name="Reg24" isselected="false"/><RegionObject name="Reg255" isselected="true"/><RegionObject name="Reg26" isselected="true"/><RegionObject name="Reg27" isselected="true"/><RegionObject name="Reg28" isselected="true"/><RegionObject name="Reg29" isselected="false"/><RegionObject name="Reg10" isselected="true"/><RegionObject name="Reg211" isselected="false"/></RegionGroupObject></ObjectSet><SnapPoint></SnapPoint></QuestionPart></Question></AnswerSet>
