<?xml version="1.0" encoding="UTF-8"?>
<!-- MACHINE GENERATED 5/22/14  10:21 AM. DO NOT EDIT -->
<!DOCTYPE AnswerSet [
<!ELEMENT AnswerSet (Question+)>
<!ELEMENT AtomicObject (#PCDATA)>
<!ELEMENT EdgeVector (#PCDATA)>
<!ELEMENT GridImageTestPoints (TestPoint*)>
<!ELEMENT LabelList (#PCDATA)>
<!ELEMENT Object (PointVector,EdgeVector,LabelList,ValueList)>
<!ELEMENT ObjectSet (Object,AtomicObject+)>
<!ELEMENT PointVector (#PCDATA)>
<!ELEMENT Question (QuestionPart)>
<!ATTLIST Question id NMTOKEN #REQUIRED>
<!ELEMENT QuestionPart (LabelList,GridImageTestPoints,ObjectSet)>
<!ATTLIST QuestionPart id NMTOKEN #REQUIRED>
<!ELEMENT TestPoint (#PCDATA)>
<!ELEMENT ValueList (#PCDATA)>
]>
<AnswerSet><Question id=""><QuestionPart id="1"><ObjectSet><Object><PointVector>{(200,104)}</PointVector><EdgeVector> {} </EdgeVector><LabelList> {} </LabelList><ValueList> {} </ValueList></Object><Object><PointVector>{(224,152)}</PointVector><EdgeVector> {} </EdgeVector><LabelList> {} </LabelList><ValueList> {} </ValueList></Object><Object><PointVector>{(275,241)}</PointVector><EdgeVector> {} </EdgeVector><LabelList> {} </LabelList><ValueList> {} </ValueList></Object><Object><PointVector>{(300,284)}</PointVector><EdgeVector> {} </EdgeVector><LabelList> {} </LabelList><ValueList> {} </ValueList></Object></ObjectSet><SnapPoint></SnapPoint></QuestionPart></Question></AnswerSet>
