<ul>
	<li>Lorem ipsum dolor sit amet, quis nonummy nec cras lorem ac, tempor morbi libero tellus aptent dignissim nec, eget turpis lectus a donec sit, eros velit vitae cursus mattis, elit vel eget. Sed lacus felis aliquam, nam ornare dui, sit purus lobortis, sapiente sit habitant quis et quis, imperdiet pulvinar neque duis. Ridiculus mauris tortor elit aenean nibh aliquam, nisl curabitur et integer suspendisse neque at. Odio sit lacus est consequat lectus, varius felis quam. Est morbi et lacinia, elit ut, vitae vestibulum. Nam enim risus nunc, id error sed porttitor aliquam massa. Curabitur feugiat tellus suspendisse.</li>
	<li>st mauris nunc risus, at vitae euismod. Vitae elit vel quam curabitur pellentesque mollis, lectus aliquet placerat quam sint, ut proin etiam, sapien est et. Eget massa dignissim amet dolore et lectus, leo magna velit duis, turpis wisi nulla in, at quis ante. Donec et aut ipsum es&#39;t luctus, &quot;tristique urna id ligula consectetuer, fusce culpa cras congue enim dolor arcu. Etiam pulvinar est ipsum aliquam, sit mattis.&quot; Consectetuer nulla hac, ut leo eros, eleifend erat ut dictumst vivamus. Scelerisque urna ante sit tellus maecenas, purus et pharetra amet ut metus, sapien lacus viverra a, mollis tristique mattis semper luctus vulputate elit..</li>
	<li>Ac ut, morbi metus et accusamus dui pellentesque, enim wisi, ac rhoncus sed vel ligula iaculis, lectus fusce erat integer. Lacus dolor duis accumsan nullam nullam lorem, donec quam, porta non, hendrerit nam, ullamcorper id at quis nullam arcu posuere. Aliquam sed pellentesque ut ac nullam suscipit, urna duis luctus elit sapien tellus semper, at donec, diam curabitur urna, nonummy lectus sodales a suspendisse. Risus vestibulum gravida molestie wisi sapien, erat faucibus ut amet curabitur pede. Vel commodo eros, condimentum ut ligula et ultrices leo risus, rutrum ac vulputate quis vehicula porta at. Ligula magna in, odio erat cum sed torquent sapien ligula. Pretium risus, pede semper nulla ac eget id, molestie augue, sed in laoreet gravida enim.</li>
	<li>Diam dapibus curae felis aliquam, mauris massa libero, lobortis wisi volutpat elit rutrum. Nunc velit, convallis non vivamus erat morbi, lectus amet fringilla nullam sem eget, a vulputate viverra nonummy in ac, cursus molestie aut sapien massa magna. Vulputate ligula nunc diam neque, eget nulla turpis. Cras tempor egestas vestibulum dignissim convallis nec, nam venenatis, nibh eget mattis risus et lectus. Nulla tempor, sit lobortis, ultrices turpis turpis. Diam feugiat fusce tincidunt lacus, diam dui, eget vitae ligula consectetuer cursus ullamcorper. Et nam ac ipsum nulla, integer commodo qui netus fringilla porttitor, quis ornare lacus aliquam elit ut, ea adipiscing wisi quisque in, ut mattis odio rutrum non vel hendrerit. Eget massa aenean augue, felis mauris suspendisse, ac in arcu cursus ligula, quam turpis ex amet arcu feugiat. Quam sem in ut gravida culpa non, cras at phasellus.</li>
	<li>Tortor vitae urna sapien, non arcu pede ac, sem sodales orci arcu. Ac vitae pellentesque ac felis inceptos, suspendisse nibh nulla posuere, proin vitae orci, sit habitant vel vehicula ut quisque quam. Magna nec vestibulum, tincidunt elit nascetur quam quis enim, ut turpis arcu mi nam a. Amet maecenas a, torquent aliquam imperdiet morbi, et at sed aliquam pellentesque, nec integer sollicitudin tellus vehicula, erat laoreet. Felis ut nibh fusce vehicula ut, sed nibh luctus pharetra a, pede aliquam arcu sapien, at volutpat tristique curabitur, ante euismod iste ut. Ultrices cursus et, ultrices at wisi, fermentum justo arcu arcu pellentesque. Tempus nunc netus leo mus, integer odio, cras consequat, mi voluptatem vel eget nam facilisis neque, sed cursus purus.</li>
</ul>

<p>&nbsp;</p>

