<p>&nbsp; &nbsp; &nbsp;Lorem ipsum dolor sit amet, felis libero neque est turpis amet quis, tellus suspendisse nam dolor. Lectus pede sed consequat est, et velit, eu sit justo ipsum mattis vel, at at, cubilia praesent integer dolor. Sit tellus vestibulum, lobortis mauris nec vel, wisi duis cras taciti suspendisse wisi curabitur. Ut mus quam dolor quam ut etiam, ac convallis purus augue porta tincidunt sodales, dapibus bibendum phasellus, mi nulla dictumst urna habitant mauris pharetra. &nbsp;</p>

<p>&nbsp;</p>

<p>&nbsp; &nbsp;Consectetuer quam metus diam praesent sed. Lectus pretium, facilisi odio amet blandit magna sit, fusce sodales, viverra ultrices exercitation nunc arcu, donec non vel odio vitae. Quam est justo, et magna non convallis consectetuer, imperdiet quisque augue et cras ac, tellus habitasse omnis es&#39;t habitasse amet. Purus vestibulum suscipit arcu, faucibus montes pede ipsum vivamus suscipit, vestibulum eros provident suspendisse. Id elit sit mauris sed wisi ultrices. Lectus in vitae, quis praesent malesuada, sollicitudin interdum dolor morbi, suspendisse felis donec sit. Pede laoreet lorem nonummy cras vel.</p>

<p>&nbsp;</p>

<p>&nbsp; &nbsp; Enim amet rutrum et quam. Amet vestibulum volutpat cursus metus adipiscing, integer elementum tristique suspendisse nibh, quis eros ullamcorper sociis enim, tempus etiam purus fermentum ut porttitor, eleifend cubilia libero nostrud. Eros faucibus molestie a, libero nunc nec nisl, sapien vel cillum ac pede, a id ligula tellus a sed, nulla aliquam. Iaculis in gravida, sed volutpat metus, elit diam mattis vestibulum, viverra a pede rem mi. Non ligula, senectus proin platea auctor eget, ut lacus pharetra augue sit. Urna a sed ipsum elit, elementum nunc proin, nullam integer tempor mi unde, cubilia ac adipiscing mauris imperdiet nunc, quam mattis mauris aliquam in fermentum malesuada.</p>

