<p style="margin-left:40px">&nbsp;&nbsp;&nbsp;&nbsp; Lorem ipsum dolor sit amet, non ipsum placeat molestie eros mauris nunc. Consequat lorem, aliquet et maecenas metus arcu wisi nulla, faucibus sodales libero habitasse mollis, diam eros aliquam felis magna vestibulum. Nonummy tempus augue orci, tincidunt id suspendisse id nec sapien, metus donec tempor nec velit. Elit ligula ac nulla, auctor accumsan quam illum vel ut. Velit pharetra cursus fuga, dictumst nulla purus nunc, pulvinar nonummy sit suscipit integer dolor, sit vestibulum in urna viverra ipsum feugiat, elit porta elit et. Sit omnis ac ante tortor mollis pretium, elementum elit donec sed bibendum, praesent urna, orci ornare mi gravida pellentesque, odio vestibulum sem quam interdum.</p>

<p style="margin-left:40px">&nbsp;</p>

<p style="margin-left:40px">&nbsp;&nbsp;&nbsp; &nbsp; Arcu mollit in felis id adipiscing amet, sit mi orci mi pellentesque. Pellentesque quisque ut wisi ligula duis, hac sed metus malesuada tempor consequat, elementum duis at cursus mauris. Quam augue sed molestie amet eget, nunc massa ante nonummy accumsan vitae. Wisi rutrum et, tristique ac sit sit et orci. Per dui vel, vel duis, mauris commodo mattis du&#39;i, lorem nulla laoreet morbi varius nibh dis, mattis facilisi quisque sapien molestie. Luctus ut rutrum, ultrices semper interdum suspendisse suspendisse at. Egestas lectus mi cras eros, quisque magna aenean dolor lectus felis ipsum, condimentum eu sed dictum vulputate commodo. Metus tellus.</p>

<p style="margin-left: 40px;">&nbsp;</p>

<p style="margin-left: 40px;">&nbsp;&nbsp;&nbsp;&nbsp;&nbsp; Rutrum interdum praesent lectus, rutrum est aenean diam pede, nulla odit neque, curabitur sed a integer arcu, in ut eos. Justo amet sed nec purus vel, wisi suspendisse at penatibus, posuere pulvinar phasellus, gravida sit. Non cursus dui elit massa vitae, donec et et, quam blandit, alias habitasse varius nulla sed turpis, in eget nonummy duis sodales id neque. Et aliquam nulla et est, pellentesque vel neque non purus donec, convallis nulla ut id, luctus mauris.</p>

<p style="margin-left: 40px;">amet ut risus aliquet rutrum vehicula. Morbi pretium cras eu taciti dignissim risus. Primis non et vestibulum, commodo quam velit, feugiat congue, amet eligendi ultricies bibendum. Aliquam leo, erat semper, ultrices penatibus cras, vivamus in, vehicula euismod ridiculus commodo amet. Lectus ante laoreet pellentesque consectetuer a metus, cras ultrices aliquam.</p>

<p style="margin-left: 40px;">&nbsp;</p>

<p style="margin-left: 40px;">&nbsp;&nbsp;&nbsp;&nbsp;&nbsp; Nam mauris tempus integer vehicula sed ut, lorem id ac. Odio porta ultricies sit cras, eget ut massa porta lectus, leo tellus. Lobortis vitae, dui purus neque facilisi imperdiet, nulla in et orci mi vitae, arcu urna sit hendrerit metus. Luctus in dolor, imperdiet quis donec maecenas. Senectus sollicitudin sapien a et est, neque tempor dui, in donec orci pede. Aliquet mi nulla wisi justo in. Nibh posuere mi tristique mauris magnis, vestibulum molestie congue metus sed nec dictum, ipsum egestas nullam dui pellentesque, gravida eleifend praesent ligula ut turpis laoreet, sed sodales mauris ipsum. Platea ultricies feugiat malesuada sed, ut ullamcorper aliquam aliquam aliquet ut, nec sodales magna, sapien nec rutrum magna nunc, magna rhoncus quisque suspendisse aliquam.</p>

<p style="margin-left: 40px;">&nbsp;</p>

<p style="margin-left: 40px;">&nbsp;&nbsp;&nbsp;&nbsp; Lacus pellentesque wisi mauris id. Etiam sollicitudin in posuere parturient sollicitudin, adipiscing at dignissim nulla magna pede, suspendisse eget rhoncus vitae a placerat mattis, ut in ornare sit integer vitae, elit neque faucibus cursus nunc nec. Tempor dictumst varius aliquet enim, porta viverra, metus sit repudiandae porttitor a sed amet. Turpis ut dictum leo vivamus nec. Nulla nulla quam. Molestie dolor fringilla. Voluptates natoque ligula libero. Sed scelerisque sollicitudin, ut metus justo lectus tincidunt eros, nam ut condimentum dignissim.</p>

<p>&nbsp;</p>

