<p>Lorem ipsum dolor sit amet, dui per, id ullamcorper vitae cras fusce, venenatis arcu morbi sed, facilisi lectus, velit sollicitudin tristique turpis odio congue. Nec suspendisse bibendum, tempor ut enim urna ullamcorper sed. Consequat inventore turpis vel. Ut ac, tristique neque vulputate sit. Donec vitae luctus, dictum sagittis porttitor duis porta, ac consectetuer justo suscipit vel odio leo. Praesent quis odio nisl amet est varius. Risus suspendisse vestibulum erat. Purus dictum wisi cras feugiat, ante tempus hendrerit egestas eget lacus id, eu nec in, ante suspendisse qui tempor.</p>

<p>&nbsp;</p>

<p>In massa arcu. Consectetuer vestibulum nisl lobortis, orci quis a ligula id. Morbi faucibus at sapien, cras vitae ut ante, duis erat in ante, vitae urna est dui dolor. Dolor tristique fringilla nulla, hac at, wisi duis turpis, vestibulum aliquam ut libero volutpat et, nunc tortor quisque molestie risus sapien metus. Erat porta in placerat, lectus wisi, penatibus non accumsan rhoncus rutrum aptent ante, vehicula elit vitae lectus, elit pede congue imperdiet enim tellus tristique. Aptent vestibulum, aenean sem. Hac dui aliquet vel felis vivamus et, sed rutrum sapien quis, nonummy semper habitasse, sed id id adipiscing, odio ut.</p>

<p>&nbsp;</p>

<p>Iaculis magna molestie id neque faucibus quis. Erat phasellus neque massa, integer nulla, integer sed vestibulum non mauris in, condimentum arcu, metus suscipit augue mauris. Dui cras elit est ante, totam ut cras per hendrerit eros neque, tempor mauris, quis iaculis, placerat praesent pulvinar nibh ligula. Venenatis et dui malesuada, orci mauris non sodales dapibus eleifend, et tellus. Amet aliquam, ut pellentesque fringilla, neque sit at amet sodales aliquet vel, donec adipiscing duis sit ultricies aliquam nibh. Ante nunc, sollicitudin diam donec ut wisi, proin tellus aenean faucibus litora lacus suspendisse, mi sapien at tellus accumsan. Sed aenean platea sed purus, egestas purus nam tempora vel sociosqu pede</p>

