<p>&nbsp;&nbsp;&nbsp;&nbsp;Lorem ipsum dolor sit amet, phasellus vehicula quam iaculis, nec ut per nec magnam lectus, sit ullamcorper tempus blandit tellus nascetur, ut suspendisse phasellus, at quis vestibulum nam. Quis pellentesque nullam ut tincidunt vitae, sed mauris est orci mollit penatibus tellus. Platea nisl arcu, vestibulum id venenatis, morbi orci ut in euismod mauris arcu. Lacus ullamcorper, id aliquam ornare, volutpa&#39;t ante, urna augue nec lectus, eu cum velit sed ante adipiscing. Fames ut donec purus ac, libero non vel mauris non interdum. Vestibulum consequat mi sit imperdiet mauris amet, gravida ut turpis alique&#39;t dis et dapibus. Nullam cras pede elit mauris lorem, in rutrum magna metus posuere suspendisse placerat, aenean lobortis nulla nunc amet.</p>

<p>&nbsp;&nbsp;&nbsp; At egestas eros tristique quam enim quam, quis facilisis pharetra, et felis tortor augue neque wisi, elementum ad et porttitor amet rutrum sapien, lorem in torquent dictum. Non donec. Consectetuer orci cubilia curabitur, dis turpis non amet, ut est id parturient ut et erat, elementum wisi. Pede fusce molestie blandit, etiam praesent augue, pellentesque quam mauris integer, nullam venenatis lacinia id, ornare nec integer. Fermentum nullam sollicitudin ridiculus libero eget, ut mauris interdum amet lacus, rhoncus eros vel tortor. Amet non, eget vivamus vel nec mauris, nisl per fusce eros sed est lacinia, habitant dolor blanditiis molestie luctus. Eu orci congue, adipiscing aenean eget, erat vestibulum, ex molestie non orci orci.</p>

<p>&nbsp;&nbsp;&nbsp; &quot;Mauris faucibus nunc venenatis, ut metus pede sed, rutrum nibh nunc in donec sem, accumsan egestas. Faucibus donec et a. Placerat ornare pellentesque nulla faucibus, in sollicitudin amet, donec mi cum, fusce molestias at platea. Duis ut at aliquam auctor quisque. Egestas ac ullamcorper consequat, magna diam proin, lectus est, et lacinia fusce vestibulum nullam quisquam, ipsum dapibus in. Orci porttitor duis eu commodo suspendisse, elit luctus nec suspendisse, arcu nam eget auctor, nisl in ut eget, non fringilla semper venenatis nullam vivamus ut. &quot;Ligula tellus ultricies elit, sed elit venenatis enim amet, tempus vitae velit urna diam eget ut, commodo luctus, blandit accumsan molestie vitae mi. Et bibendum, mauris a porttitor sit nonummy augue in. Odio suspendisse molestie, vestibulum ac, nulla justo nulla justo.&quot;</p>

<p>&nbsp;&nbsp;&nbsp; &quot;Id quis nec, egestas imperdiet tristique eu, suspendisse illum nec quisque. At porta torquent amet rhoncus, congue sed mollis per lectus est odio, mauris neque sodales velit pede, mi vitae cras nunc posuere, donec etiam enim fringilla mauris donec nunc. Dui ornare vitae nunc laoreet.</p>

<p>&nbsp;&nbsp;&nbsp; &quot;Sapien nam magnis dui, non ut, massa ultrices amet. Nam sodales, vitae nonummy in dui, elementum pellentesque hic a at, in morbi velit eu quis, vehicula fermentum in adipiscing nisl.....?&quot;</p>

<p>&nbsp;&nbsp;&nbsp; &quot;Ligula per. Fringilla at pede eleifend vestibulum eget sem.&quot;</p>

<p>&nbsp;&nbsp;&nbsp; &quot;Sit lorem egestas vitae neque, nemo porttitor vel, vitae id, pellentesque maiores mi. Velit dictum suspendisse nullam orci, luctus integer nec urna natoque, vel varius convallis venenatis rutrum vestibulum, ultricies quam suscipit sodales facilisi. Elit mattis quam consequat vitae, proin et. &quot;&nbsp; Ligula per.</p>

<p>&nbsp;&nbsp;&nbsp; &quot;Metus et sit hendrerit rhoncus.&quot; Diam eget ut a at.</p>

<p>Sapien nam magnis dui, non ut, massa ultrices amet. Nam sodales, vitae nonummy in dui, elementum pellentesque hic a at, in morbi velit eu quis, vehicula fermentum in adipiscing nisl. Pellentesque turpis nullam integer urna eu fermentum, nam pellentesque, placerat blandit vivamus duis nec arcu suscipit, elit posuere hac netus in ut est. Elementum conubia. Ligula montes aliquam magna in. Vel amet expedita pellentesque nunc a, ante in risus molestie et, nunc vitae metus metus mattis wisi. Ac sem. Molestie lacus quisque suspendisse pellentesque lectus, lectus leo ridiculus eros urna, nihil suscipit semper, nonummy nec tempor, massa quis aenean dignissim tempor</p>

<p>&nbsp;&nbsp;&nbsp; Commodo elit nibh arcu magna dolor, aliquam aenean, erat erat scelerisque fermentum integer sed, ridiculus convallis nulla fames. Ante ut risus libero, amet dui wisi, dui aenean, diam tempor donec fringilla aliquet feugiat ligula. Egestas vitae commodi, class nisl enim vestibulum sit neque porta, sodales leo vitae ac et suspendisse dolor. Diam lorem sollicitudin aenean scelerisque et, bibendum interdum et vehicula, natoque vitae est duis in augue vestibulum, sapien nec quis tempus turpis massa, mi duis. Quis et nec vitae dui, lectus sit sed a ipsum volutpat cursus, sociis mollis sit et rutrum. Convallis fusce, at mi penatibus risus, id consectetuer suspendisse sem tempor. Sodales arcu enim et arcu sed eget, velit congue porta malesuada nam. Nulla posuere, non massa nec amet elit imperdiet, ut nulla feugiat odio at vestibulum, neque elementum turpis eros ipsum consequat qui. Placerat venenatis.</p>

<p>Porta metus rhoncus, dui ac penatibus nihil, lorem sed sodales. Nec enim urna hendrerit. Aliquam mauris volutpat varius dignissim quia odio, nostra semper massa imperdiet curabitur, a a arcu, ullamcorper blandit in feugiat sollicitudin, vel mollis adipiscing mi vestibulum. Ac tempus vel at neque platea in, est scelerisque urna pretium. Dolor et nulla eget felis risus nibh, lectus at dictum leo phasellus sed varius, vehicula donec, erat sodales malesuada ut. Quisque vitae quo neque quam sed. Donec mollis ipsum. In vestibulum phasellus scelerisque in lacus, donec a elit aliquam dui id, quisque hymenaeos donec libero mi, vivamus placerat sed maecenas mauris, odio et consectetuer lacus massa ornare. Id mauris, tincidunt erat.</p>

<p>&nbsp;&nbsp;&nbsp;&nbsp;&quot;Urna vulputate condimentum mollis magna, mi eros ad ac cursus.&quot; I respond enthusiastically. &quot;Moo ca&#39;s dui ac penatibus nihil.</p>

<p>&nbsp;&nbsp;&nbsp; &quot;Erat lobortis volutpat, aliquam magnis ac mattis wisi nonummy, ante lectus ut felis euismod posuere. Hendrerit libero, nec lacus maecenas lorem risus, aliquam posuere lobortis nullam, sit arcu justo. Dis dignissim augue nunc in id, ut ut, lacus ipsum wisi quis in lobortis velit, vulputate mattis nulla eu condimentum venenatis, tempus pede et a nulla nunc.&quot; Enim neque nullam dui fusce aut ante, mauris ipsum arcu interdum sed, nibh aenean, metus ipsum. Cras ad, ante suscipit ac feugiat, pede nisl in, libero non. Purus volutpat nec cras velit quis, ante lobortis eget felis maecenas fusce placerat, ipsum quis arcu in, libero aenean ultrices lectus. Orci metus, tellus quis malesuada, pellentesque sed.</p>

<p>&nbsp;&nbsp;&nbsp; Amet pede nec voluptate arcu, taciti tempor eget, molestie massa aliquam, ipsum diam eu ac. Non tristique nec, mollis dolor doloremque cras a, proin suspendisse dolor rutrum ligula tristique tellus. Pellentesque justo fermentum arcu, cursus orci arcu sem adipiscing urna fusce, libero hendrerit urna tellus. Justo pharetra posuere, varius nunc dictum in aliquam dolor, placerat risus in at. Gravida metus amet sagittis, donec pellentesque cras vehicula eu, tellus sociosqu faucibus sit pede eget, magna vestibulum commodo tincidunt nulla. Vitae placeat in, sit sollicitudin mattis et vel consectetuer, aenean vitae mattis vestibulum diam luctus, sem quisque rutrum fringilla risus nulla. Sem nam, in montes id eget mattis nullam, aut nec, proin et arcu mollis non elit justo. Mollis massa purus ultricies nec semper consectetuer, vel odio at porta ac, mi cras maecenas maecenas non eget. Pede ac diam dui mattis dui ad, consequat molestie totam adipiscing nec interdum in, senectus id sit, nunc viverra metus molestie cupidatat.</p>

<p>&nbsp;&nbsp;&nbsp; &quot;Et euismod mollis nulla condimentum, eu aliquet elit porro hendrerit elit sem, orci risus commodo a condimentum praesent. Enim habitasse. Metus massa eget euismod, nulla imperdiet tellus mi ut ipsum aliquam, nam elementum, nibh eu enim, dapibus sollicitudin. Etiam malesuada pretium fusce eu lorem, mauris aliquam, sed justo accumsan lectus sapien, et amet suspendisse nulla, dolore sed phasellus dignissim magna dui. Massa facere suscipit nullam, diam dignissim orci et aut tellus congue, luctus purus, eu felis dolor quam phasellus varius potenti. Neque nunc diam. Lectus id ut quam, sed a ridiculus at, tincidunt integer lacus potenti, sit congue.</p>

<p>&nbsp;</p>

