<?xml version="1.0" encoding="UTF-8"?><qti-assessment-item xsi:schemaLocation="http://www.imsglobal.org/xsd/imsqtiasi_v3p0 https://purl.imsglobal.org/spec/qti/v3p0/schema/xsd/imsqti_asiv3p0_v1p0.xsd http://www.w3.org/1998/Math/MathML https://purl.imsglobal.org/spec/mathml/v3p0/schema/xsd/mathml3.xsd http://www.w3.org/2001/10/synthesis https://purl.imsglobal.org/spec/ssml/v1p1/schema/xsd/ssmlv1p1-core.xsd http://www.w3.org/2001/XInclude https://purl.imsglobal.org/spec/w3/2001/schema/xsd/XInclude.xsd " xmlns="http://www.imsglobal.org/xsd/imsqtiasi_v3p0" xmlns:m3="http://www.w3.org/1998/Math/MathML" xmlns:ssml11="http://www.w3.org/2001/10/synthesis" xmlns:xi="http://www.w3.org/2001/XInclude" xmlns:xsi="http://www.w3.org/2001/XMLSchema-instance" identifier="sbac-200-183499" title="183499" xml:lang="en" tool-name="TIMS QTI 3.0 Export" tool-version="5.6.7" time-dependent="false"><qti-response-declaration identifier="RESPONSE" cardinality="single" base-type="string"/><qti-outcome-declaration identifier="SCORE" cardinality="single" base-type="float" normal-maximum="1.0" normal-minimum="0.0"><qti-default-value><qti-value>0</qti-value></qti-default-value></qti-outcome-declaration><qti-outcome-declaration identifier="Responses" cardinality="ordered" base-type="string"/><qti-outcome-declaration identifier="Row1Col1Response" cardinality="single" base-type="float"/><qti-outcome-declaration identifier="Row4Col2Response" cardinality="single" base-type="float"/><qti-outcome-declaration identifier="col1" cardinality="single" base-type="string"/><qti-outcome-declaration identifier="col2" cardinality="single" base-type="string"/><qti-outcome-declaration identifier="col1" cardinality="single" base-type="string"/><qti-outcome-declaration identifier="col2" cardinality="single" base-type="string"/><qti-companion-materials-info><qti-calculator><qti-calculator-type>basic</qti-calculator-type><qti-description>four-function calculator</qti-description></qti-calculator></qti-companion-materials-info><qti-stylesheet href="sbac-qti-assessment.css"/><qti-item-body class="sbac"><div data-catalog-idref="item-183499-global" class="sbac-global-item-catalog-ref"/><div class="qti-layout-row"><div class="qti-layout-col12"><div class="prompt"><div xml:lang="es"><p>La tabla muestra la relación entre las cantidades de refresco de jengibre y jugo de frutas que se necesitan para preparar una bebida.</p><br/><p>Escribe los valores que faltan para completar la <span data-catalog-idref="item-183499-catalog-1"/><span aria-hidden="true">tabla.</span></p><br/></div><div xml:lang="en"><p>The <span data-catalog-idref="glossary-term-1">table</span> shows the relationship <span data-catalog-idref="glossary-term-2">between</span> the amounts of <span data-catalog-idref="glossary-term-3">ginger ale</span> and <span data-catalog-idref="glossary-term-11">fruit juice</span> <span data-catalog-idref="glossary-term-5">needed</span> <span data-catalog-idref="glossary-term-6">to make</span> <span data-catalog-idref="glossary-term-7">punch</span>. </p><br/><p><span data-catalog-idref="glossary-term-8">Fill in</span> the <span data-catalog-idref="glossary-term-9">missing</span> values <span data-catalog-idref="glossary-term-10">to complete</span> the <span data-catalog-idref="item-183499-catalog-0"/><span data-catalog-idref="glossary-term-1" aria-hidden="true">table</span>. </p></div></div><qti-custom-interaction response-identifier="RESPONSE" data-interaction-identifier="sbac:table-item" data-table-sub-type="TableInput" class="tei-sbti"><custom-option><![CDATA[<div class="ti-title"><div xmlns="http://www.imsglobal.org/xsd/imsqtiasi_v3p0" xml:lang="es"></div><div xmlns="http://www.imsglobal.org/xsd/imsqtiasi_v3p0" class="qti-hidden" xml:lang="en"></div></div><table class="tableItem"><thead><tr><th data-ti-column-identifier="col0" data-its-identifier="col0"><div xmlns="http://www.imsglobal.org/xsd/imsqtiasi_v3p0" xml:lang="es"><p style="text-align:center;"><strong>Refresco de jengibre (L)</strong></p></div><div xmlns="http://www.imsglobal.org/xsd/imsqtiasi_v3p0" xml:lang="en"><p style="text-align:center;"><strong><span data-catalog-idref="glossary-term-3">Ginger Ale</span> (L)</strong></p></div></th><th data-ti-column-identifier="col1" data-its-identifier="col1"><div xmlns="http://www.imsglobal.org/xsd/imsqtiasi_v3p0" xml:lang="es"><p style="text-align:center;"><strong>Jugo de frutas (oz)</strong></p></div><div xmlns="http://www.imsglobal.org/xsd/imsqtiasi_v3p0" xml:lang="en"><p style="text-align:center;"><strong><span data-catalog-idref="glossary-term-11">Fruit Juice</span> (oz)</strong></p></div></th></tr></thead><tbody><tr><td class="ti-numeric-input"><div xmlns="http://www.imsglobal.org/xsd/imsqtiasi_v3p0" xml:lang="es"><p style="text-align:center;"><span data-its-input="true" data-its-validationrule="numericOnly">_</span></p></div><div xmlns="http://www.imsglobal.org/xsd/imsqtiasi_v3p0" xml:lang="en"><p style="text-align:center;"><span data-its-input="true" data-its-validationrule="numericOnly">_</span></p></div></td><td class="ti-label"><div xmlns="http://www.imsglobal.org/xsd/imsqtiasi_v3p0" xml:lang="es"><p style="text-align: center;">12</p></div><div xmlns="http://www.imsglobal.org/xsd/imsqtiasi_v3p0" xml:lang="en"><p style="text-align:center;">12</p></div></td></tr><tr><td class="ti-label"><div xmlns="http://www.imsglobal.org/xsd/imsqtiasi_v3p0" xml:lang="es"><p style="text-align: center;">3</p></div><div xmlns="http://www.imsglobal.org/xsd/imsqtiasi_v3p0" xml:lang="en"><p style="text-align:center;">3</p></div></td><td class="ti-label"><div xmlns="http://www.imsglobal.org/xsd/imsqtiasi_v3p0" xml:lang="es"><p style="text-align: center;">18</p></div><div xmlns="http://www.imsglobal.org/xsd/imsqtiasi_v3p0" xml:lang="en"><p style="text-align:center;">18</p></div></td></tr><tr><td class="ti-label"><div xmlns="http://www.imsglobal.org/xsd/imsqtiasi_v3p0" xml:lang="es"><p style="text-align: center;">5</p></div><div xmlns="http://www.imsglobal.org/xsd/imsqtiasi_v3p0" xml:lang="en"><p style="text-align:center;">5</p></div></td><td class="ti-label"><div xmlns="http://www.imsglobal.org/xsd/imsqtiasi_v3p0" xml:lang="es"><p style="text-align: center;">30</p></div><div xmlns="http://www.imsglobal.org/xsd/imsqtiasi_v3p0" xml:lang="en"><p style="text-align:center;">30</p></div></td></tr><tr><td class="ti-label"><div xmlns="http://www.imsglobal.org/xsd/imsqtiasi_v3p0" xml:lang="es"><p style="text-align: center;">9</p></div><div xmlns="http://www.imsglobal.org/xsd/imsqtiasi_v3p0" xml:lang="en"><p style="text-align:center;">9</p></div></td><td class="ti-numeric-input"><div xmlns="http://www.imsglobal.org/xsd/imsqtiasi_v3p0" xml:lang="es"><p style="text-align:center;"><span data-its-input="true" data-its-validationrule="numericOnly">_</span></p></div><div xmlns="http://www.imsglobal.org/xsd/imsqtiasi_v3p0" xml:lang="en"><p style="text-align:center;"><span data-its-input="true" data-its-validationrule="numericOnly">_</span></p></div></td></tr></tbody></table>]]></custom-option></qti-custom-interaction></div></div><qti-rubric-block class="qti-rubric-discretionary-placement" use="scoring" view="scorer"><qti-content-body><h3>Rubric</h3><p>(1 point)</p><br/><p>Exemplar: 2 and 54</p><br/><p>The student enters correct values,</p><br/><p>R1C1 = 2 (exact) and R4C2 = 54 (exact). </p></qti-content-body></qti-rubric-block></qti-item-body><qti-catalog-info><qti-catalog id="item-183499-catalog-0"><qti-card support="spoken"><qti-card-entry data-reading-type="computer-read-aloud"><qti-html-content>table. the table has two columns and four rows. From left to right, the column headers reed, ginger ale, liters, fruit juice, ounces. From left to right, the first row reeds, blank, twelve. The second row reeds, three, eighteen. The third row reeds, five, thirty. The fourth row reeds, nine, blank.</qti-html-content></qti-card-entry><qti-card-entry data-reading-type="screen-reader"><qti-html-content>table.</qti-html-content></qti-card-entry></qti-card></qti-catalog><qti-catalog id="item-183499-catalog-1"><qti-card support="spoken"><qti-card-entry data-reading-type="computer-read-aloud"><qti-html-content>tabla. La tabla tiene dos columnas y cuatro filas. De izquierda a derecha, los títulos de las columnas se leen, refresco de jengibre, litros, jugo de frutas, onzas. De izquierda a derecha, la primera fila se lee, blanco, doce. La segunda fila se lee, tres, dieciocho. La tercera fila se lee, cinco, treinta. La cuarta fila se lee, nueve, blanco.</qti-html-content></qti-card-entry><qti-card-entry data-reading-type="screen-reader"><qti-html-content>tabla.</qti-html-content></qti-card-entry></qti-card></qti-catalog><qti-catalog id="item-183499-global"><qti-card support="ext:sbac-braille-files"><qti-card-entry data-math-representation="nemeth" data-contracted="true" data-type="BRF" lang="en" data-format="EBAE"><qti-file-href mime-type="application/braille">item_183499_enu_ecn.brf</qti-file-href></qti-card-entry><qti-card-entry data-math-representation="nemeth" data-contracted="true" data-type="BRF" lang="en" data-format="UEB"><qti-file-href mime-type="application/braille">item_183499_enu_ucn.brf</qti-file-href></qti-card-entry><qti-card-entry data-math-representation="nemeth" data-contracted="false" data-type="BRF" lang="en" data-format="EBAE"><qti-file-href mime-type="application/braille">item_183499_enu_exn.brf</qti-file-href></qti-card-entry><qti-card-entry data-math-representation="nemeth" data-contracted="false" data-type="BRF" lang="en" data-format="UEB"><qti-file-href mime-type="application/braille">item_183499_enu_uxn.brf</qti-file-href></qti-card-entry><qti-card-entry data-math-representation="UEB" data-contracted="true" data-type="BRF" lang="en" data-format="UEB"><qti-file-href mime-type="application/braille">item_183499_enu_uct.brf</qti-file-href></qti-card-entry><qti-card-entry data-math-representation="UEB" data-contracted="false" data-type="BRF" lang="en" data-format="UEB"><qti-file-href mime-type="application/braille">item_183499_enu_uxt.brf</qti-file-href></qti-card-entry></qti-card><qti-card support="sign-language"><qti-card-entry default="true" lang="ase"><qti-html-content><video controls="true"><source src="item_183499_ASL_STEM.webm" type="video/webm"/><source src="item_183499_ASL_STEM.mp4" type="video/mp4"/>Your browser does not support the video element.</video></qti-html-content></qti-card-entry></qti-card></qti-catalog><qti-catalog id="glossary-term-1"><qti-card support="keyword-translation"><qti-card-entry data-list-code="TDS_WL_ArabicGloss" data-list-type="glossary" lang="ar"><qti-html-content><div><span>جدول</span></div><div><span>منضدة</span><audio controls="true"><source src="glossary/item_183499_table_1_arabic.m4a" type="audio/mp4"/><source src="glossary/item_183499_table_1_arabic.ogg" type="audio/ogg"/></audio></div></qti-html-content></qti-card-entry><qti-card-entry data-list-code="TDS_WL_BurmeseGloss" data-list-type="glossary" lang="my"><qti-html-content><div><span>ဇယား</span><audio controls="true"><source src="glossary/item_183499_table_1_burmese.m4a" type="audio/mp4"/><source src="glossary/item_183499_table_1_burmese.ogg" type="audio/ogg"/></audio></div></qti-html-content></qti-card-entry><qti-card-entry data-list-code="TDS_WL_CantoneseGloss" data-list-type="glossary" lang="yue"><qti-html-content><div><span>表格</span><audio controls="true"><source src="glossary/item_183499_table_1_cantonese.m4a" type="audio/mp4"/><source src="glossary/item_183499_table_1_cantonese.ogg" type="audio/ogg"/></audio></div></qti-html-content></qti-card-entry><qti-card-entry data-list-code="TDS_WL_TagalGloss" data-list-type="glossary" lang="tl"><qti-html-content><div><span>talahanayan</span><audio controls="true"><source src="glossary/item_183499_table_1_filipino_a.m4a" type="audio/mp4"/><source src="glossary/item_183499_table_1_filipino_a.ogg" type="audio/ogg"/></audio></div><div><span>listaan</span><audio controls="true"><source src="glossary/item_183499_table_1_filipino_b.m4a" type="audio/mp4"/><source src="glossary/item_183499_table_1_filipino_b.ogg" type="audio/ogg"/></audio></div></qti-html-content></qti-card-entry><qti-card-entry data-list-code="TDS_WL_HmongGloss" data-list-type="glossary" lang="hmn"><qti-html-content><div><span>lub rooj</span><audio controls="true"><source src="glossary/item_183499_table_1_hmong.m4a" type="audio/mp4"/><source src="glossary/item_183499_table_1_hmong.ogg" type="audio/ogg"/></audio></div></qti-html-content></qti-card-entry><qti-card-entry data-list-code="TDS_WL_KoreanGloss" data-list-type="glossary" lang="ko"><qti-html-content><div><span>표</span><audio controls="true"><source src="glossary/item_183499_table_1_korean.m4a" type="audio/mp4"/><source src="glossary/item_183499_table_1_korean.ogg" type="audio/ogg"/></audio></div></qti-html-content></qti-card-entry><qti-card-entry data-list-code="TDS_WL_MandarinGloss" data-list-type="glossary" lang="cmn"><qti-html-content><div><span>表格</span><audio controls="true"><source src="glossary/item_183499_table_1_mandarin.m4a" type="audio/mp4"/><source src="glossary/item_183499_table_1_mandarin.ogg" type="audio/ogg"/></audio></div></qti-html-content></qti-card-entry><qti-card-entry data-list-code="TDS_WL_PunjabiGloss" data-list-type="glossary" lang="pa"><qti-html-content><div><span>میز</span><audio controls="true"><source src="glossary/item_183499_table_1_punjabi_a.m4a" type="audio/mp4"/><source src="glossary/item_183499_table_1_punjabi_a.ogg" type="audio/ogg"/></audio></div><div><span>ਸਾਰਣੀ  </span><audio controls="true"><source src="glossary/item_183499_table_1_punjabi_b.m4a" type="audio/mp4"/><source src="glossary/item_183499_table_1_punjabi_b.ogg" type="audio/ogg"/></audio></div></qti-html-content></qti-card-entry><qti-card-entry data-list-code="TDS_WL_RussianGloss" data-list-type="glossary" lang="ru"><qti-html-content><div><span>таблице</span><audio controls="true"><source src="glossary/item_183499_table_1_russian.m4a" type="audio/mp4"/><source src="glossary/item_183499_table_1_russian.ogg" type="audio/ogg"/></audio></div></qti-html-content></qti-card-entry><qti-card-entry data-list-code="TDS_WL_SomaliGloss" data-list-type="glossary" lang="so"><qti-html-content><div><span>tusmo</span><audio controls="true"><source src="glossary/item_183499_table_1_somali.m4a" type="audio/mp4"/><source src="glossary/item_183499_table_1_somali.ogg" type="audio/ogg"/></audio></div></qti-html-content></qti-card-entry><qti-card-entry data-list-code="TDS_WL_ESNGlossary" data-list-type="glossary" lang="es"><qti-html-content><div><span>tabla</span><audio controls="true"><source src="glossary/item_183499_table_1_spanish.m4a" type="audio/mp4"/><source src="glossary/item_183499_table_1_spanish.ogg" type="audio/ogg"/></audio></div></qti-html-content></qti-card-entry><qti-card-entry data-list-code="TDS_WL_UkrainianGloss" data-list-type="glossary" lang="uk"><qti-html-content><div><span>таблиця</span></div><div><span>таблиці</span><audio controls="true"><source src="glossary/item_183499_table_1_ukrainian.m4a" type="audio/mp4"/><source src="glossary/item_183499_table_1_ukrainian.ogg" type="audio/ogg"/></audio></div></qti-html-content></qti-card-entry><qti-card-entry data-list-code="TDS_WL_VietnameseGloss" data-list-type="glossary" lang="vi"><qti-html-content><div><span>bảng</span><audio controls="true"><source src="glossary/item_183499_table_1_vietnamese.m4a" type="audio/mp4"/><source src="glossary/item_183499_table_1_vietnamese.ogg" type="audio/ogg"/></audio></div></qti-html-content></qti-card-entry></qti-card></qti-catalog><qti-catalog id="glossary-term-10"><qti-card support="keyword-translation"><qti-card-entry data-list-code="TDS_WL_ArabicGloss" data-list-type="glossary" lang="ar"><qti-html-content><div><span>ليكمل</span></div><div><span>لإكمال</span><audio controls="true"><source src="glossary/item_183499_to-complete_10_arabic.m4a" type="audio/mp4"/><source src="glossary/item_183499_to-complete_10_arabic.ogg" type="audio/ogg"/></audio></div></qti-html-content></qti-card-entry><qti-card-entry data-list-code="TDS_WL_BurmeseGloss" data-list-type="glossary" lang="my"><qti-html-content><div><span>ဖြည့်ရန်</span><audio controls="true"><source src="glossary/item_183499_to-complete_10_burmese.m4a" type="audio/mp4"/><source src="glossary/item_183499_to-complete_10_burmese.ogg" type="audio/ogg"/></audio></div></qti-html-content></qti-card-entry><qti-card-entry data-list-code="TDS_WL_CantoneseGloss" data-list-type="glossary" lang="yue"><qti-html-content><div><span>填寫</span></div><div><span>填写</span><audio controls="true"><source src="glossary/item_183499_to-complete_10_cantonese.m4a" type="audio/mp4"/><source src="glossary/item_183499_to-complete_10_cantonese.ogg" type="audio/ogg"/></audio></div></qti-html-content></qti-card-entry><qti-card-entry data-list-code="TDS_WL_TagalGloss" data-list-type="glossary" lang="tl"><qti-html-content><div><span>upang makumpleto</span><audio controls="true"><source src="glossary/item_183499_to-complete_10_filipino_a.m4a" type="audio/mp4"/><source src="glossary/item_183499_to-complete_10_filipino_a.ogg" type="audio/ogg"/></audio></div><div><span>tapno makompleto</span><audio controls="true"><source src="glossary/item_183499_to-complete_10_filipino_b.m4a" type="audio/mp4"/><source src="glossary/item_183499_to-complete_10_filipino_b.ogg" type="audio/ogg"/></audio></div></qti-html-content></qti-card-entry><qti-card-entry data-list-code="TDS_WL_HmongGloss" data-list-type="glossary" lang="hmn"><qti-html-content><div><span>kom tiav</span></div><div><span>kom tav</span><audio controls="true"><source src="glossary/item_183499_to-complete_10_hmong.m4a" type="audio/mp4"/><source src="glossary/item_183499_to-complete_10_hmong.ogg" type="audio/ogg"/></audio></div></qti-html-content></qti-card-entry><qti-card-entry data-list-code="TDS_WL_KoreanGloss" data-list-type="glossary" lang="ko"><qti-html-content><div><span>작성하다</span></div><div><span>마치다</span><audio controls="true"><source src="glossary/item_183499_to-complete_10_korean.m4a" type="audio/mp4"/><source src="glossary/item_183499_to-complete_10_korean.ogg" type="audio/ogg"/></audio></div></qti-html-content></qti-card-entry><qti-card-entry data-list-code="TDS_WL_MandarinGloss" data-list-type="glossary" lang="cmn"><qti-html-content><div><span>完成</span><audio controls="true"><source src="glossary/item_183499_to-complete_10_mandarin.m4a" type="audio/mp4"/><source src="glossary/item_183499_to-complete_10_mandarin.ogg" type="audio/ogg"/></audio></div></qti-html-content></qti-card-entry><qti-card-entry data-list-code="TDS_WL_PunjabiGloss" data-list-type="glossary" lang="pa"><qti-html-content><div><span>پورا کرن لئی</span><audio controls="true"><source src="glossary/item_183499_to-complete_10_punjabi_a.m4a" type="audio/mp4"/><source src="glossary/item_183499_to-complete_10_punjabi_a.ogg" type="audio/ogg"/></audio></div><div><span>ਪੂਰਾ ਕਰਨ ਲਈ  </span><audio controls="true"><source src="glossary/item_183499_to-complete_10_punjabi_b.m4a" type="audio/mp4"/><source src="glossary/item_183499_to-complete_10_punjabi_b.ogg" type="audio/ogg"/></audio></div></qti-html-content></qti-card-entry><qti-card-entry data-list-code="TDS_WL_RussianGloss" data-list-type="glossary" lang="ru"><qti-html-content><div><span>заполнить</span><audio controls="true"><source src="glossary/item_183499_to-complete_10_russian.m4a" type="audio/mp4"/><source src="glossary/item_183499_to-complete_10_russian.ogg" type="audio/ogg"/></audio></div></qti-html-content></qti-card-entry><qti-card-entry data-list-code="TDS_WL_SomaliGloss" data-list-type="glossary" lang="so"><qti-html-content><div><span>dhameystirid</span><audio controls="true"><source src="glossary/item_183499_to-complete_10_somali.m4a" type="audio/mp4"/><source src="glossary/item_183499_to-complete_10_somali.ogg" type="audio/ogg"/></audio></div></qti-html-content></qti-card-entry><qti-card-entry data-list-code="TDS_WL_ESNGlossary" data-list-type="glossary" lang="es"><qti-html-content><div><span>para completar</span></div><div><span>para llenar</span><audio controls="true"><source src="glossary/item_183499_to-complete_10_spanish.m4a" type="audio/mp4"/><source src="glossary/item_183499_to-complete_10_spanish.ogg" type="audio/ogg"/></audio></div></qti-html-content></qti-card-entry><qti-card-entry data-list-code="TDS_WL_UkrainianGloss" data-list-type="glossary" lang="uk"><qti-html-content><div><span>щоб заповнити</span><audio controls="true"><source src="glossary/item_183499_to-complete_10_ukrainian.m4a" type="audio/mp4"/><source src="glossary/item_183499_to-complete_10_ukrainian.ogg" type="audio/ogg"/></audio></div></qti-html-content></qti-card-entry><qti-card-entry data-list-code="TDS_WL_VietnameseGloss" data-list-type="glossary" lang="vi"><qti-html-content><div><span>để hoàn thành</span></div><div><span>để hoàn tất</span><audio controls="true"><source src="glossary/item_183499_to-complete_10_vietnamese.m4a" type="audio/mp4"/><source src="glossary/item_183499_to-complete_10_vietnamese.ogg" type="audio/ogg"/></audio></div></qti-html-content></qti-card-entry></qti-card></qti-catalog><qti-catalog id="glossary-term-11"><qti-card support="keyword-translation"><qti-card-entry data-list-code="TDS_WL_ArabicGloss" data-list-type="glossary" lang="ar"><qti-html-content><div><span>عصير الفواكه</span></div><div><span>عصير فاكهة</span><audio controls="true"><source src="glossary/item_183499_fruit-juice_11_arabic.m4a" type="audio/mp4"/><source src="glossary/item_183499_fruit-juice_11_arabic.ogg" type="audio/ogg"/></audio></div></qti-html-content></qti-card-entry><qti-card-entry data-list-code="TDS_WL_BurmeseGloss" data-list-type="glossary" lang="my"><qti-html-content><div><span>သစ်သီး ဖျော်ရည်</span><audio controls="true"><source src="glossary/item_183499_fruit-juice_11_burmese.m4a" type="audio/mp4"/><source src="glossary/item_183499_fruit-juice_11_burmese.ogg" type="audio/ogg"/></audio></div></qti-html-content></qti-card-entry><qti-card-entry data-list-code="TDS_WL_CantoneseGloss" data-list-type="glossary" lang="yue"><qti-html-content><div><span>果汁</span><audio controls="true"><source src="glossary/item_183499_fruit-juice_11_cantonese.m4a" type="audio/mp4"/><source src="glossary/item_183499_fruit-juice_11_cantonese.ogg" type="audio/ogg"/></audio></div></qti-html-content></qti-card-entry><qti-card-entry data-list-code="TDS_WL_TagalGloss" data-list-type="glossary" lang="tl"><qti-html-content><div><span>katas ng prutas</span><audio controls="true"><source src="glossary/item_183499_fruit-juice_11_filipino_a.m4a" type="audio/mp4"/><source src="glossary/item_183499_fruit-juice_11_filipino_a.ogg" type="audio/ogg"/></audio></div><div><span>juice ti prutas</span><audio controls="true"><source src="glossary/item_183499_fruit-juice_11_filipino_b.m4a" type="audio/mp4"/><source src="glossary/item_183499_fruit-juice_11_filipino_b.ogg" type="audio/ogg"/></audio></div></qti-html-content></qti-card-entry><qti-card-entry data-list-code="TDS_WL_HmongGloss" data-list-type="glossary" lang="hmn"><qti-html-content><div><span>kua txiv hmab txiv ntoo zom</span></div><div><span>kua txiv maab txiv ntoo</span><audio controls="true"><source src="glossary/item_183499_fruit-juice_11_hmong.m4a" type="audio/mp4"/><source src="glossary/item_183499_fruit-juice_11_hmong.ogg" type="audio/ogg"/></audio></div></qti-html-content></qti-card-entry><qti-card-entry data-list-code="TDS_WL_KoreanGloss" data-list-type="glossary" lang="ko"><qti-html-content><div><span>과일 주스</span><audio controls="true"><source src="glossary/item_183499_fruit-juice_11_korean.m4a" type="audio/mp4"/><source src="glossary/item_183499_fruit-juice_11_korean.ogg" type="audio/ogg"/></audio></div></qti-html-content></qti-card-entry><qti-card-entry data-list-code="TDS_WL_MandarinGloss" data-list-type="glossary" lang="cmn"><qti-html-content><div><span>果汁</span><audio controls="true"><source src="glossary/item_183499_fruit-juice_11_mandarin.m4a" type="audio/mp4"/><source src="glossary/item_183499_fruit-juice_11_mandarin.ogg" type="audio/ogg"/></audio></div></qti-html-content></qti-card-entry><qti-card-entry data-list-code="TDS_WL_PunjabiGloss" data-list-type="glossary" lang="pa"><qti-html-content><div><span>پھل دا رس</span><audio controls="true"><source src="glossary/item_183499_fruit-juice_11_punjabi_a.m4a" type="audio/mp4"/><source src="glossary/item_183499_fruit-juice_11_punjabi_a.ogg" type="audio/ogg"/></audio></div><div><span>ਫਲਾਂ ਦਾ ਜੂਸ</span><audio controls="true"><source src="glossary/item_183499_fruit-juice_11_punjabi_b.m4a" type="audio/mp4"/><source src="glossary/item_183499_fruit-juice_11_punjabi_b.ogg" type="audio/ogg"/></audio></div></qti-html-content></qti-card-entry><qti-card-entry data-list-code="TDS_WL_RussianGloss" data-list-type="glossary" lang="ru"><qti-html-content><div><span>фруктового сока</span><audio controls="true"><source src="glossary/item_183499_fruit-juice_11_russian.m4a" type="audio/mp4"/><source src="glossary/item_183499_fruit-juice_11_russian.ogg" type="audio/ogg"/></audio></div></qti-html-content></qti-card-entry><qti-card-entry data-list-code="TDS_WL_SomaliGloss" data-list-type="glossary" lang="so"><qti-html-content><div><span>cabitaanka miraha</span><audio controls="true"><source src="glossary/item_183499_fruit-juice_11_somali.m4a" type="audio/mp4"/><source src="glossary/item_183499_fruit-juice_11_somali.ogg" type="audio/ogg"/></audio></div></qti-html-content></qti-card-entry><qti-card-entry data-list-code="TDS_WL_ESNGlossary" data-list-type="glossary" lang="es"><qti-html-content><div><span>jugo de frutas</span><audio controls="true"><source src="glossary/item_183499_fruit-juice_11_spanish.m4a" type="audio/mp4"/><source src="glossary/item_183499_fruit-juice_11_spanish.ogg" type="audio/ogg"/></audio></div></qti-html-content></qti-card-entry><qti-card-entry data-list-code="TDS_WL_UkrainianGloss" data-list-type="glossary" lang="uk"><qti-html-content><div><span>фруктового соку</span><audio controls="true"><source src="glossary/item_183499_fruit-juice_11_ukrainian.m4a" type="audio/mp4"/><source src="glossary/item_183499_fruit-juice_11_ukrainian.ogg" type="audio/ogg"/></audio></div></qti-html-content></qti-card-entry><qti-card-entry data-list-code="TDS_WL_VietnameseGloss" data-list-type="glossary" lang="vi"><qti-html-content><div><span>nước hoa quả</span></div><div><span>nước trái cây</span><audio controls="true"><source src="glossary/item_183499_fruit-juice_11_vietnamese.m4a" type="audio/mp4"/><source src="glossary/item_183499_fruit-juice_11_vietnamese.ogg" type="audio/ogg"/></audio></div></qti-html-content></qti-card-entry><qti-card-entry data-list-code="TDS_ILG1" data-list-type="illustration"><qti-html-content><img src="item_183499_fruitjuice_v1_illustration_glossary.svg" alt="fruit juice"/></qti-html-content></qti-card-entry></qti-card></qti-catalog><qti-catalog id="glossary-term-12"><qti-card support="keyword-translation"><qti-card-entry data-list-code="TDS_ILG1" data-list-type="illustration"><qti-html-content><img src="item_183499_gingerale_v1_illustration_glossary.svg" alt="gingerale"/></qti-html-content></qti-card-entry></qti-card></qti-catalog><qti-catalog id="glossary-term-13"><qti-card support="keyword-translation"><qti-card-entry data-list-code="TDS_WL_SomaliGloss" data-list-type="glossary" lang="so"><qti-html-content><div><span>casiirka</span><audio controls="true"><source src="glossary/item_183499_friut-juice_13_somali.m4a" type="audio/mp4"/><source src="glossary/item_183499_friut-juice_13_somali.ogg" type="audio/ogg"/></audio></div></qti-html-content></qti-card-entry></qti-card></qti-catalog><qti-catalog id="glossary-term-2"><qti-card support="keyword-translation"><qti-card-entry data-list-code="TDS_WL_ArabicGloss" data-list-type="glossary" lang="ar"><qti-html-content><div><span>بين</span><audio controls="true"><source src="glossary/item_183499_between_2_arabic.m4a" type="audio/mp4"/><source src="glossary/item_183499_between_2_arabic.ogg" type="audio/ogg"/></audio></div></qti-html-content></qti-card-entry><qti-card-entry data-list-code="TDS_WL_BurmeseGloss" data-list-type="glossary" lang="my"><qti-html-content><div><span>အကြား</span><audio controls="true"><source src="glossary/item_183499_between_2_burmese.m4a" type="audio/mp4"/><source src="glossary/item_183499_between_2_burmese.ogg" type="audio/ogg"/></audio></div></qti-html-content></qti-card-entry><qti-card-entry data-list-code="TDS_WL_CantoneseGloss" data-list-type="glossary" lang="yue"><qti-html-content><div><span>在…之間</span></div><div><span>在…之间</span><audio controls="true"><source src="glossary/item_183499_between_2_cantonese.m4a" type="audio/mp4"/><source src="glossary/item_183499_between_2_cantonese.ogg" type="audio/ogg"/></audio></div></qti-html-content></qti-card-entry><qti-card-entry data-list-code="TDS_WL_TagalGloss" data-list-type="glossary" lang="tl"><qti-html-content><div><span>sa pagitan ng</span><audio controls="true"><source src="glossary/item_183499_between_2_filipino_a.m4a" type="audio/mp4"/><source src="glossary/item_183499_between_2_filipino_a.ogg" type="audio/ogg"/></audio></div><div><span>iti baet ti</span><audio controls="true"><source src="glossary/item_183499_between_2_filipino_b.m4a" type="audio/mp4"/><source src="glossary/item_183499_between_2_filipino_b.ogg" type="audio/ogg"/></audio></div></qti-html-content></qti-card-entry><qti-card-entry data-list-code="TDS_WL_HmongGloss" data-list-type="glossary" lang="hmn"><qti-html-content><div><span>nruab nrab ntawm</span></div><div><span>nruab nraab ntawm</span><audio controls="true"><source src="glossary/item_183499_between_2_hmong.m4a" type="audio/mp4"/><source src="glossary/item_183499_between_2_hmong.ogg" type="audio/ogg"/></audio></div></qti-html-content></qti-card-entry><qti-card-entry data-list-code="TDS_WL_KoreanGloss" data-list-type="glossary" lang="ko"><qti-html-content><div><span>사이에</span><audio controls="true"><source src="glossary/item_183499_between_2_korean.m4a" type="audio/mp4"/><source src="glossary/item_183499_between_2_korean.ogg" type="audio/ogg"/></audio></div></qti-html-content></qti-card-entry><qti-card-entry data-list-code="TDS_WL_MandarinGloss" data-list-type="glossary" lang="cmn"><qti-html-content><div><span>在…和…之间</span></div><div><span>在…和…之間</span><audio controls="true"><source src="glossary/item_183499_between_2_mandarin.m4a" type="audio/mp4"/><source src="glossary/item_183499_between_2_mandarin.ogg" type="audio/ogg"/></audio></div></qti-html-content></qti-card-entry><qti-card-entry data-list-code="TDS_WL_PunjabiGloss" data-list-type="glossary" lang="pa"><qti-html-content><div><span>وچکار</span><audio controls="true"><source src="glossary/item_183499_between_2_punjabi_a.m4a" type="audio/mp4"/><source src="glossary/item_183499_between_2_punjabi_a.ogg" type="audio/ogg"/></audio></div><div><span>ਵਿਚਕਾਰ  </span><audio controls="true"><source src="glossary/item_183499_between_2_punjabi_b.m4a" type="audio/mp4"/><source src="glossary/item_183499_between_2_punjabi_b.ogg" type="audio/ogg"/></audio></div></qti-html-content></qti-card-entry><qti-card-entry data-list-code="TDS_WL_RussianGloss" data-list-type="glossary" lang="ru"><qti-html-content><div><span>между</span><audio controls="true"><source src="glossary/item_183499_between_2_russian.m4a" type="audio/mp4"/><source src="glossary/item_183499_between_2_russian.ogg" type="audio/ogg"/></audio></div></qti-html-content></qti-card-entry><qti-card-entry data-list-code="TDS_WL_SomaliGloss" data-list-type="glossary" lang="so"><qti-html-content><div><span>inta u dhaxaysa</span><audio controls="true"><source src="glossary/item_183499_between_2_somali.m4a" type="audio/mp4"/><source src="glossary/item_183499_between_2_somali.ogg" type="audio/ogg"/></audio></div></qti-html-content></qti-card-entry><qti-card-entry data-list-code="TDS_WL_ESNGlossary" data-list-type="glossary" lang="es"><qti-html-content><div><span>entre</span><audio controls="true"><source src="glossary/item_183499_between_2_spanish.m4a" type="audio/mp4"/><source src="glossary/item_183499_between_2_spanish.ogg" type="audio/ogg"/></audio></div></qti-html-content></qti-card-entry><qti-card-entry data-list-code="TDS_WL_UkrainianGloss" data-list-type="glossary" lang="uk"><qti-html-content><div><span>між</span><audio controls="true"><source src="glossary/item_183499_between_2_ukrainian.m4a" type="audio/mp4"/><source src="glossary/item_183499_between_2_ukrainian.ogg" type="audio/ogg"/></audio></div></qti-html-content></qti-card-entry><qti-card-entry data-list-code="TDS_WL_VietnameseGloss" data-list-type="glossary" lang="vi"><qti-html-content><div><span>giữa</span><audio controls="true"><source src="glossary/item_183499_between_2_vietnamese.m4a" type="audio/mp4"/><source src="glossary/item_183499_between_2_vietnamese.ogg" type="audio/ogg"/></audio></div></qti-html-content></qti-card-entry></qti-card></qti-catalog><qti-catalog id="glossary-term-3"><qti-card support="keyword-translation"><qti-card-entry data-list-code="TDS_WL_ArabicGloss" data-list-type="glossary" lang="ar"><qti-html-content><div><span>جعة الزنجبيل</span></div><div><span>شراب غازي</span></div><div><span>مشروب غازي</span><audio controls="true"><source src="glossary/item_183499_ginger-ale_3_arabic.m4a" type="audio/mp4"/><source src="glossary/item_183499_ginger-ale_3_arabic.ogg" type="audio/ogg"/></audio></div></qti-html-content></qti-card-entry><qti-card-entry data-list-code="TDS_WL_BurmeseGloss" data-list-type="glossary" lang="my"><qti-html-content><div><span>ဂျင်းရည်</span><audio controls="true"><source src="glossary/item_183499_ginger-ale_3_burmese.m4a" type="audio/mp4"/><source src="glossary/item_183499_ginger-ale_3_burmese.ogg" type="audio/ogg"/></audio></div></qti-html-content></qti-card-entry><qti-card-entry data-list-code="TDS_WL_CantoneseGloss" data-list-type="glossary" lang="yue"><qti-html-content><div><span>薑汁</span></div><div><span>姜汁</span><audio controls="true"><source src="glossary/item_183499_ginger-ale_3_cantonese.m4a" type="audio/mp4"/><source src="glossary/item_183499_ginger-ale_3_cantonese.ogg" type="audio/ogg"/></audio></div></qti-html-content></qti-card-entry><qti-card-entry data-list-code="TDS_WL_TagalGloss" data-list-type="glossary" lang="tl"><qti-html-content><div><span>ginger ale</span><audio controls="true"><source src="glossary/item_183499_ginger-ale_3_filipino_a.m4a" type="audio/mp4"/><source src="glossary/item_183499_ginger-ale_3_filipino_a.ogg" type="audio/ogg"/></audio></div><div><span>salabat</span><audio controls="true"><source src="glossary/item_183499_ginger-ale_3_filipino_b.m4a" type="audio/mp4"/><source src="glossary/item_183499_ginger-ale_3_filipino_b.ogg" type="audio/ogg"/></audio></div></qti-html-content></qti-card-entry><qti-card-entry data-list-code="TDS_WL_HmongGloss" data-list-type="glossary" lang="hmn"><qti-html-content><div><span>kua qhiav</span></div><div><span>kua qhaav</span><audio controls="true"><source src="glossary/item_183499_ginger-ale_3_hmong.m4a" type="audio/mp4"/><source src="glossary/item_183499_ginger-ale_3_hmong.ogg" type="audio/ogg"/></audio></div></qti-html-content></qti-card-entry><qti-card-entry data-list-code="TDS_WL_KoreanGloss" data-list-type="glossary" lang="ko"><qti-html-content><div><span>진저에일</span><audio controls="true"><source src="glossary/item_183499_ginger-ale_3_korean.m4a" type="audio/mp4"/><source src="glossary/item_183499_ginger-ale_3_korean.ogg" type="audio/ogg"/></audio></div></qti-html-content></qti-card-entry><qti-card-entry data-list-code="TDS_WL_MandarinGloss" data-list-type="glossary" lang="cmn"><qti-html-content><div><span>姜汁汽水</span></div><div><span>薑汁汽水</span><audio controls="true"><source src="glossary/item_183499_ginger-ale_3_mandarin.m4a" type="audio/mp4"/><source src="glossary/item_183499_ginger-ale_3_mandarin.ogg" type="audio/ogg"/></audio></div></qti-html-content></qti-card-entry><qti-card-entry data-list-code="TDS_WL_PunjabiGloss" data-list-type="glossary" lang="pa"><qti-html-content><div><span>ادرک دی شراب</span><audio controls="true"><source src="glossary/item_183499_ginger-ale_3_punjabi_a.m4a" type="audio/mp4"/><source src="glossary/item_183499_ginger-ale_3_punjabi_a.ogg" type="audio/ogg"/></audio></div><div><span>ਅਦਕਰ ਦੀ ਸਰਾਬ</span><audio controls="true"><source src="glossary/item_183499_ginger-ale_3_punjabi_b.m4a" type="audio/mp4"/><source src="glossary/item_183499_ginger-ale_3_punjabi_b.ogg" type="audio/ogg"/></audio></div></qti-html-content></qti-card-entry><qti-card-entry data-list-code="TDS_WL_RussianGloss" data-list-type="glossary" lang="ru"><qti-html-content><div><span>имбирного эля</span><audio controls="true"><source src="glossary/item_183499_ginger-ale_3_russian.m4a" type="audio/mp4"/><source src="glossary/item_183499_ginger-ale_3_russian.ogg" type="audio/ogg"/></audio></div></qti-html-content></qti-card-entry><qti-card-entry data-list-code="TDS_WL_SomaliGloss" data-list-type="glossary" lang="so"><qti-html-content><div><span>cabitaanka ginger ale</span><audio controls="true"><source src="glossary/item_183499_ginger-ale_3_somali.m4a" type="audio/mp4"/><source src="glossary/item_183499_ginger-ale_3_somali.ogg" type="audio/ogg"/></audio></div></qti-html-content></qti-card-entry><qti-card-entry data-list-code="TDS_WL_ESNGlossary" data-list-type="glossary" lang="es"><qti-html-content><div><span>refresco ginger-ale</span><audio controls="true"><source src="glossary/item_183499_ginger-ale_3_spanish.m4a" type="audio/mp4"/><source src="glossary/item_183499_ginger-ale_3_spanish.ogg" type="audio/ogg"/></audio></div></qti-html-content></qti-card-entry><qti-card-entry data-list-code="TDS_WL_UkrainianGloss" data-list-type="glossary" lang="uk"><qti-html-content><div><span>імбирного елю</span><audio controls="true"><source src="glossary/item_183499_ginger-ale_3_ukrainian.m4a" type="audio/mp4"/><source src="glossary/item_183499_ginger-ale_3_ukrainian.ogg" type="audio/ogg"/></audio></div></qti-html-content></qti-card-entry><qti-card-entry data-list-code="TDS_WL_VietnameseGloss" data-list-type="glossary" lang="vi"><qti-html-content><div><span>lớn thêm</span></div><div><span>nước uống ướp gừng</span><audio controls="true"><source src="glossary/item_183499_ginger-ale_3_vietnamese.m4a" type="audio/mp4"/><source src="glossary/item_183499_ginger-ale_3_vietnamese.ogg" type="audio/ogg"/></audio></div></qti-html-content></qti-card-entry></qti-card></qti-catalog><qti-catalog id="glossary-term-5"><qti-card support="keyword-translation"><qti-card-entry data-list-code="TDS_WL_ArabicGloss" data-list-type="glossary" lang="ar"><qti-html-content><div><span>احتاج</span></div><div><span>ضروري</span><audio controls="true"><source src="glossary/item_183499_needed_5_arabic.m4a" type="audio/mp4"/><source src="glossary/item_183499_needed_5_arabic.ogg" type="audio/ogg"/></audio></div></qti-html-content></qti-card-entry><qti-card-entry data-list-code="TDS_WL_BurmeseGloss" data-list-type="glossary" lang="my"><qti-html-content><div><span>လိုအပ်သည်</span><audio controls="true"><source src="glossary/item_183499_needed_5_burmese.m4a" type="audio/mp4"/><source src="glossary/item_183499_needed_5_burmese.ogg" type="audio/ogg"/></audio></div></qti-html-content></qti-card-entry><qti-card-entry data-list-code="TDS_WL_CantoneseGloss" data-list-type="glossary" lang="yue"><qti-html-content><div><span>需要</span><audio controls="true"><source src="glossary/item_183499_needed_5_cantonese.m4a" type="audio/mp4"/><source src="glossary/item_183499_needed_5_cantonese.ogg" type="audio/ogg"/></audio></div></qti-html-content></qti-card-entry><qti-card-entry data-list-code="TDS_WL_TagalGloss" data-list-type="glossary" lang="tl"><qti-html-content><div><span>kinakailangan</span><audio controls="true"><source src="glossary/item_183499_needed_5_filipino_a.m4a" type="audio/mp4"/><source src="glossary/item_183499_needed_5_filipino_a.ogg" type="audio/ogg"/></audio></div><div><span>kasapulan</span><audio controls="true"><source src="glossary/item_183499_needed_5_filipino_b.m4a" type="audio/mp4"/><source src="glossary/item_183499_needed_5_filipino_b.ogg" type="audio/ogg"/></audio></div></qti-html-content></qti-card-entry><qti-card-entry data-list-code="TDS_WL_HmongGloss" data-list-type="glossary" lang="hmn"><qti-html-content><div><span>xav tau</span></div><div><span>xaav tau</span><audio controls="true"><source src="glossary/item_183499_needed_5_hmong.m4a" type="audio/mp4"/><source src="glossary/item_183499_needed_5_hmong.ogg" type="audio/ogg"/></audio></div></qti-html-content></qti-card-entry><qti-card-entry data-list-code="TDS_WL_KoreanGloss" data-list-type="glossary" lang="ko"><qti-html-content><div><span>필요로 하다</span><audio controls="true"><source src="glossary/item_183499_needed_5_korean.m4a" type="audio/mp4"/><source src="glossary/item_183499_needed_5_korean.ogg" type="audio/ogg"/></audio></div></qti-html-content></qti-card-entry><qti-card-entry data-list-code="TDS_WL_MandarinGloss" data-list-type="glossary" lang="cmn"><qti-html-content><div><span>需要</span><audio controls="true"><source src="glossary/item_183499_needed_5_mandarin.m4a" type="audio/mp4"/><source src="glossary/item_183499_needed_5_mandarin.ogg" type="audio/ogg"/></audio></div></qti-html-content></qti-card-entry><qti-card-entry data-list-code="TDS_WL_PunjabiGloss" data-list-type="glossary" lang="pa"><qti-html-content><div><span>لوڑ سی</span><audio controls="true"><source src="glossary/item_183499_needed_5_punjabi_a.m4a" type="audio/mp4"/><source src="glossary/item_183499_needed_5_punjabi_a.ogg" type="audio/ogg"/></audio></div><div><span>ਲੋੜੀਦੀਂ</span></div><div><span>ਲੋੜੀਂਦੀ</span><audio controls="true"><source src="glossary/item_183499_needed_5_punjabi_b.m4a" type="audio/mp4"/><source src="glossary/item_183499_needed_5_punjabi_b.ogg" type="audio/ogg"/></audio></div></qti-html-content></qti-card-entry><qti-card-entry data-list-code="TDS_WL_RussianGloss" data-list-type="glossary" lang="ru"><qti-html-content><div><span>необходимые</span><audio controls="true"><source src="glossary/item_183499_needed_5_russian.m4a" type="audio/mp4"/><source src="glossary/item_183499_needed_5_russian.ogg" type="audio/ogg"/></audio></div></qti-html-content></qti-card-entry><qti-card-entry data-list-code="TDS_WL_SomaliGloss" data-list-type="glossary" lang="so"><qti-html-content><div><span>loo baahan yahay</span><audio controls="true"><source src="glossary/item_183499_needed_5_somali.m4a" type="audio/mp4"/><source src="glossary/item_183499_needed_5_somali.ogg" type="audio/ogg"/></audio></div></qti-html-content></qti-card-entry><qti-card-entry data-list-code="TDS_WL_ESNGlossary" data-list-type="glossary" lang="es"><qti-html-content><div><span>necesario</span><audio controls="true"><source src="glossary/item_183499_needed_5_spanish.m4a" type="audio/mp4"/><source src="glossary/item_183499_needed_5_spanish.ogg" type="audio/ogg"/></audio></div></qti-html-content></qti-card-entry><qti-card-entry data-list-code="TDS_WL_UkrainianGloss" data-list-type="glossary" lang="uk"><qti-html-content><div><span>потрібними</span></div><div><span>необхідними</span><audio controls="true"><source src="glossary/item_183499_needed_5_ukrainian.m4a" type="audio/mp4"/><source src="glossary/item_183499_needed_5_ukrainian.ogg" type="audio/ogg"/></audio></div></qti-html-content></qti-card-entry><qti-card-entry data-list-code="TDS_WL_VietnameseGloss" data-list-type="glossary" lang="vi"><qti-html-content><div><span>cần</span><audio controls="true"><source src="glossary/item_183499_needed_5_vietnamese.m4a" type="audio/mp4"/><source src="glossary/item_183499_needed_5_vietnamese.ogg" type="audio/ogg"/></audio></div></qti-html-content></qti-card-entry></qti-card></qti-catalog><qti-catalog id="glossary-term-6"><qti-card support="keyword-translation"><qti-card-entry data-list-code="TDS_WL_ArabicGloss" data-list-type="glossary" lang="ar"><qti-html-content><div><span>ليصنع</span></div><div><span>يأخذ</span><audio controls="true"><source src="glossary/item_183499_to-make_6_arabic.m4a" type="audio/mp4"/><source src="glossary/item_183499_to-make_6_arabic.ogg" type="audio/ogg"/></audio></div></qti-html-content></qti-card-entry><qti-card-entry data-list-code="TDS_WL_BurmeseGloss" data-list-type="glossary" lang="my"><qti-html-content><div><span>ပြုလုပ်ရန်</span><audio controls="true"><source src="glossary/item_183499_to-make_6_burmese.m4a" type="audio/mp4"/><source src="glossary/item_183499_to-make_6_burmese.ogg" type="audio/ogg"/></audio></div></qti-html-content></qti-card-entry><qti-card-entry data-list-code="TDS_WL_CantoneseGloss" data-list-type="glossary" lang="yue"><qti-html-content><div><span>做</span><audio controls="true"><source src="glossary/item_183499_to-make_6_cantonese.m4a" type="audio/mp4"/><source src="glossary/item_183499_to-make_6_cantonese.ogg" type="audio/ogg"/></audio></div></qti-html-content></qti-card-entry><qti-card-entry data-list-code="TDS_WL_TagalGloss" data-list-type="glossary" lang="tl"><qti-html-content><div><span>upang makagawa</span><audio controls="true"><source src="glossary/item_183499_to-make_6_filipino_a.m4a" type="audio/mp4"/><source src="glossary/item_183499_to-make_6_filipino_a.ogg" type="audio/ogg"/></audio></div><div><span>agaramid</span><audio controls="true"><source src="glossary/item_183499_to-make_6_filipino_b.m4a" type="audio/mp4"/><source src="glossary/item_183499_to-make_6_filipino_b.ogg" type="audio/ogg"/></audio></div></qti-html-content></qti-card-entry><qti-card-entry data-list-code="TDS_WL_HmongGloss" data-list-type="glossary" lang="hmn"><qti-html-content><div><span>kom ua</span></div><div><span>kom</span><audio controls="true"><source src="glossary/item_183499_to-make_6_hmong.m4a" type="audio/mp4"/><source src="glossary/item_183499_to-make_6_hmong.ogg" type="audio/ogg"/></audio></div></qti-html-content></qti-card-entry><qti-card-entry data-list-code="TDS_WL_KoreanGloss" data-list-type="glossary" lang="ko"><qti-html-content><div><span>만들다</span><audio controls="true"><source src="glossary/item_183499_to-make_6_korean.m4a" type="audio/mp4"/><source src="glossary/item_183499_to-make_6_korean.ogg" type="audio/ogg"/></audio></div></qti-html-content></qti-card-entry><qti-card-entry data-list-code="TDS_WL_MandarinGloss" data-list-type="glossary" lang="cmn"><qti-html-content><div><span>制作</span></div><div><span>製作</span><audio controls="true"><source src="glossary/item_183499_to-make_6_mandarin.m4a" type="audio/mp4"/><source src="glossary/item_183499_to-make_6_mandarin.ogg" type="audio/ogg"/></audio></div></qti-html-content></qti-card-entry><qti-card-entry data-list-code="TDS_WL_PunjabiGloss" data-list-type="glossary" lang="pa"><qti-html-content><div><span>بنان لئی</span><audio controls="true"><source src="glossary/item_183499_to-make_6_punjabi_a.m4a" type="audio/mp4"/><source src="glossary/item_183499_to-make_6_punjabi_a.ogg" type="audio/ogg"/></audio></div><div><span>ਬਣਾਉਣ ਲਈ  </span><audio controls="true"><source src="glossary/item_183499_to-make_6_punjabi_b.m4a" type="audio/mp4"/><source src="glossary/item_183499_to-make_6_punjabi_b.ogg" type="audio/ogg"/></audio></div></qti-html-content></qti-card-entry><qti-card-entry data-list-code="TDS_WL_RussianGloss" data-list-type="glossary" lang="ru"><qti-html-content><div><span>приготовления</span><audio controls="true"><source src="glossary/item_183499_to-make_6_russian.m4a" type="audio/mp4"/><source src="glossary/item_183499_to-make_6_russian.ogg" type="audio/ogg"/></audio></div></qti-html-content></qti-card-entry><qti-card-entry data-list-code="TDS_WL_SomaliGloss" data-list-type="glossary" lang="so"><qti-html-content><div><span>sameynta</span><audio controls="true"><source src="glossary/item_183499_to-make_6_somali.m4a" type="audio/mp4"/><source src="glossary/item_183499_to-make_6_somali.ogg" type="audio/ogg"/></audio></div></qti-html-content></qti-card-entry><qti-card-entry data-list-code="TDS_WL_ESNGlossary" data-list-type="glossary" lang="es"><qti-html-content><div><span>para hacer</span><audio controls="true"><source src="glossary/item_183499_to-make_6_spanish.m4a" type="audio/mp4"/><source src="glossary/item_183499_to-make_6_spanish.ogg" type="audio/ogg"/></audio></div></qti-html-content></qti-card-entry><qti-card-entry data-list-code="TDS_WL_UkrainianGloss" data-list-type="glossary" lang="uk"><qti-html-content><div><span>щоб зробити</span></div><div><span>щоб приготувати</span><audio controls="true"><source src="glossary/item_183499_to-make_6_ukrainian.m4a" type="audio/mp4"/><source src="glossary/item_183499_to-make_6_ukrainian.ogg" type="audio/ogg"/></audio></div></qti-html-content></qti-card-entry><qti-card-entry data-list-code="TDS_WL_VietnameseGloss" data-list-type="glossary" lang="vi"><qti-html-content><div><span>để tạo</span><audio controls="true"><source src="glossary/item_183499_to-make_6_vietnamese.m4a" type="audio/mp4"/><source src="glossary/item_183499_to-make_6_vietnamese.ogg" type="audio/ogg"/></audio></div></qti-html-content></qti-card-entry></qti-card></qti-catalog><qti-catalog id="glossary-term-7"><qti-card support="keyword-translation"><qti-card-entry data-list-code="TDS_WL_ArabicGloss" data-list-type="glossary" lang="ar"><qti-html-content><div><span>ثقب</span></div><div><span>لكمة</span><audio controls="true"><source src="glossary/item_183499_punch_7_arabic.m4a" type="audio/mp4"/><source src="glossary/item_183499_punch_7_arabic.ogg" type="audio/ogg"/></audio></div></qti-html-content></qti-card-entry><qti-card-entry data-list-code="TDS_WL_BurmeseGloss" data-list-type="glossary" lang="my"><qti-html-content><div><span>သစ်သီး ဖျော်ရည်</span><audio controls="true"><source src="glossary/item_183499_punch_7_burmese.m4a" type="audio/mp4"/><source src="glossary/item_183499_punch_7_burmese.ogg" type="audio/ogg"/></audio></div></qti-html-content></qti-card-entry><qti-card-entry data-list-code="TDS_WL_CantoneseGloss" data-list-type="glossary" lang="yue"><qti-html-content><div><span>賓治酒</span></div><div><span>宾治酒</span><audio controls="true"><source src="glossary/item_183499_punch_7_cantonese.m4a" type="audio/mp4"/><source src="glossary/item_183499_punch_7_cantonese.ogg" type="audio/ogg"/></audio></div></qti-html-content></qti-card-entry><qti-card-entry data-list-code="TDS_WL_TagalGloss" data-list-type="glossary" lang="tl"><qti-html-content><div><span>punch</span><audio controls="true"><source src="glossary/item_183499_punch_7_filipino.m4a" type="audio/mp4"/><source src="glossary/item_183499_punch_7_filipino.ogg" type="audio/ogg"/></audio></div></qti-html-content></qti-card-entry><qti-card-entry data-list-code="TDS_WL_HmongGloss" data-list-type="glossary" lang="hmn"><qti-html-content><div><span>lub nrig</span><audio controls="true"><source src="glossary/item_183499_punch_7_hmong.m4a" type="audio/mp4"/><source src="glossary/item_183499_punch_7_hmong.ogg" type="audio/ogg"/></audio></div></qti-html-content></qti-card-entry><qti-card-entry data-list-code="TDS_WL_KoreanGloss" data-list-type="glossary" lang="ko"><qti-html-content><div><span>펀치</span><audio controls="true"><source src="glossary/item_183499_punch_7_korean.m4a" type="audio/mp4"/><source src="glossary/item_183499_punch_7_korean.ogg" type="audio/ogg"/></audio></div></qti-html-content></qti-card-entry><qti-card-entry data-list-code="TDS_WL_MandarinGloss" data-list-type="glossary" lang="cmn"><qti-html-content><div><span>宾治酒</span></div><div><span>賓治酒</span><audio controls="true"><source src="glossary/item_183499_punch_7_mandarin.m4a" type="audio/mp4"/><source src="glossary/item_183499_punch_7_mandarin.ogg" type="audio/ogg"/></audio></div></qti-html-content></qti-card-entry><qti-card-entry data-list-code="TDS_WL_PunjabiGloss" data-list-type="glossary" lang="pa"><qti-html-content><div><span>مکہ مارو</span><audio controls="true"><source src="glossary/item_183499_punch_7_punjabi_a.m4a" type="audio/mp4"/><source src="glossary/item_183499_punch_7_punjabi_a.ogg" type="audio/ogg"/></audio></div><div><span>ਪੰਚ  </span><audio controls="true"><source src="glossary/item_183499_punch_7_punjabi_b.m4a" type="audio/mp4"/><source src="glossary/item_183499_punch_7_punjabi_b.ogg" type="audio/ogg"/></audio></div></qti-html-content></qti-card-entry><qti-card-entry data-list-code="TDS_WL_RussianGloss" data-list-type="glossary" lang="ru"><qti-html-content><div><span>пунша</span><audio controls="true"><source src="glossary/item_183499_punch_7_russian.m4a" type="audio/mp4"/><source src="glossary/item_183499_punch_7_russian.ogg" type="audio/ogg"/></audio></div></qti-html-content></qti-card-entry><qti-card-entry data-list-code="TDS_WL_SomaliGloss" data-list-type="glossary" lang="so"><qti-html-content><div><span>qardhabiso</span><audio controls="true"><source src="glossary/item_183499_punch_7_somali.m4a" type="audio/mp4"/><source src="glossary/item_183499_punch_7_somali.ogg" type="audio/ogg"/></audio></div></qti-html-content></qti-card-entry><qti-card-entry data-list-code="TDS_WL_ESNGlossary" data-list-type="glossary" lang="es"><qti-html-content><div><span>ponche</span><audio controls="true"><source src="glossary/item_183499_punch_7_spanish.m4a" type="audio/mp4"/><source src="glossary/item_183499_punch_7_spanish.ogg" type="audio/ogg"/></audio></div></qti-html-content></qti-card-entry><qti-card-entry data-list-code="TDS_WL_UkrainianGloss" data-list-type="glossary" lang="uk"><qti-html-content><div><span>пунш</span><audio controls="true"><source src="glossary/item_183499_punch_7_ukrainian.m4a" type="audio/mp4"/><source src="glossary/item_183499_punch_7_ukrainian.ogg" type="audio/ogg"/></audio></div></qti-html-content></qti-card-entry><qti-card-entry data-list-code="TDS_WL_VietnameseGloss" data-list-type="glossary" lang="vi"><qti-html-content><div><span>rượu pân</span><audio controls="true"><source src="glossary/item_183499_punch_7_vietnamese.m4a" type="audio/mp4"/><source src="glossary/item_183499_punch_7_vietnamese.ogg" type="audio/ogg"/></audio></div></qti-html-content></qti-card-entry><qti-card-entry data-list-code="TDS_ILG1" data-list-type="illustration"><qti-html-content><img src="item_183499_punch_v1_illustration_glossary.svg" alt="punch"/></qti-html-content></qti-card-entry></qti-card></qti-catalog><qti-catalog id="glossary-term-8"><qti-card support="keyword-translation"><qti-card-entry data-list-code="TDS_WL_ArabicGloss" data-list-type="glossary" lang="ar"><qti-html-content><div><span>يملأ</span></div><div><span>املء</span></div><div><span>املأ</span><audio controls="true"><source src="glossary/item_183499_fill-in_8_arabic.m4a" type="audio/mp4"/><source src="glossary/item_183499_fill-in_8_arabic.ogg" type="audio/ogg"/></audio></div></qti-html-content></qti-card-entry><qti-card-entry data-list-code="TDS_WL_BurmeseGloss" data-list-type="glossary" lang="my"><qti-html-content><div><span>ဖြည့်ပါ</span><audio controls="true"><source src="glossary/item_183499_fill-in_8_burmese.m4a" type="audio/mp4"/><source src="glossary/item_183499_fill-in_8_burmese.ogg" type="audio/ogg"/></audio></div></qti-html-content></qti-card-entry><qti-card-entry data-list-code="TDS_WL_CantoneseGloss" data-list-type="glossary" lang="yue"><qti-html-content><div><span>填</span><audio controls="true"><source src="glossary/item_183499_fill-in_8_cantonese.m4a" type="audio/mp4"/><source src="glossary/item_183499_fill-in_8_cantonese.ogg" type="audio/ogg"/></audio></div></qti-html-content></qti-card-entry><qti-card-entry data-list-code="TDS_WL_TagalGloss" data-list-type="glossary" lang="tl"><qti-html-content><div><span>Ilagay</span><audio controls="true"><source src="glossary/item_183499_fill-in_8_filipino_a.m4a" type="audio/mp4"/><source src="glossary/item_183499_fill-in_8_filipino_a.ogg" type="audio/ogg"/></audio></div><div><span>Kargaan</span></div><div><span>Ikarga</span></div><div><span>Ikabil</span><audio controls="true"><source src="glossary/item_183499_fill-in_8_filipino_b.m4a" type="audio/mp4"/><source src="glossary/item_183499_fill-in_8_filipino_b.ogg" type="audio/ogg"/></audio></div></qti-html-content></qti-card-entry><qti-card-entry data-list-code="TDS_WL_HmongGloss" data-list-type="glossary" lang="hmn"><qti-html-content><div><span>Sau rau</span></div><div><span>Sau rua</span><audio controls="true"><source src="glossary/item_183499_fill-in_8_hmong.m4a" type="audio/mp4"/><source src="glossary/item_183499_fill-in_8_hmong.ogg" type="audio/ogg"/></audio></div></qti-html-content></qti-card-entry><qti-card-entry data-list-code="TDS_WL_KoreanGloss" data-list-type="glossary" lang="ko"><qti-html-content><div><span>작성하다</span></div><div><span>채우다</span><audio controls="true"><source src="glossary/item_183499_fill-in_8_korean.m4a" type="audio/mp4"/><source src="glossary/item_183499_fill-in_8_korean.ogg" type="audio/ogg"/></audio></div></qti-html-content></qti-card-entry><qti-card-entry data-list-code="TDS_WL_MandarinGloss" data-list-type="glossary" lang="cmn"><qti-html-content><div><span>填写</span></div><div><span>填寫</span><audio controls="true"><source src="glossary/item_183499_fill-in_8_mandarin.m4a" type="audio/mp4"/><source src="glossary/item_183499_fill-in_8_mandarin.ogg" type="audio/ogg"/></audio></div></qti-html-content></qti-card-entry><qti-card-entry data-list-code="TDS_WL_PunjabiGloss" data-list-type="glossary" lang="pa"><qti-html-content><div><span>پر کرو</span><audio controls="true"><source src="glossary/item_183499_fill-in_8_punjabi_a.m4a" type="audio/mp4"/><source src="glossary/item_183499_fill-in_8_punjabi_a.ogg" type="audio/ogg"/></audio></div><div><span>ਭਰੋ</span><audio controls="true"><source src="glossary/item_183499_fill-in_8_punjabi_b.m4a" type="audio/mp4"/><source src="glossary/item_183499_fill-in_8_punjabi_b.ogg" type="audio/ogg"/></audio></div></qti-html-content></qti-card-entry><qti-card-entry data-list-code="TDS_WL_RussianGloss" data-list-type="glossary" lang="ru"><qti-html-content><div><span>Укажите</span><audio controls="true"><source src="glossary/item_183499_fill-in_8_russian.m4a" type="audio/mp4"/><source src="glossary/item_183499_fill-in_8_russian.ogg" type="audio/ogg"/></audio></div></qti-html-content></qti-card-entry><qti-card-entry data-list-code="TDS_WL_SomaliGloss" data-list-type="glossary" lang="so"><qti-html-content><div><span>Buuxi</span><audio controls="true"><source src="glossary/item_183499_fill-in_8_somali.m4a" type="audio/mp4"/><source src="glossary/item_183499_fill-in_8_somali.ogg" type="audio/ogg"/></audio></div></qti-html-content></qti-card-entry><qti-card-entry data-list-code="TDS_WL_ESNGlossary" data-list-type="glossary" lang="es"><qti-html-content><div><span>Completa</span></div><div><span>Escribe</span></div><div><span>Llena</span><audio controls="true"><source src="glossary/item_183499_fill-in_8_spanish.m4a" type="audio/mp4"/><source src="glossary/item_183499_fill-in_8_spanish.ogg" type="audio/ogg"/></audio></div></qti-html-content></qti-card-entry><qti-card-entry data-list-code="TDS_WL_UkrainianGloss" data-list-type="glossary" lang="uk"><qti-html-content><div><span>Впишіть</span><audio controls="true"><source src="glossary/item_183499_fill-in_8_ukrainian.m4a" type="audio/mp4"/><source src="glossary/item_183499_fill-in_8_ukrainian.ogg" type="audio/ogg"/></audio></div></qti-html-content></qti-card-entry><qti-card-entry data-list-code="TDS_WL_VietnameseGloss" data-list-type="glossary" lang="vi"><qti-html-content><div><span>Điền</span><audio controls="true"><source src="glossary/item_183499_fill-in_8_vietnamese.m4a" type="audio/mp4"/><source src="glossary/item_183499_fill-in_8_vietnamese.ogg" type="audio/ogg"/></audio></div></qti-html-content></qti-card-entry></qti-card></qti-catalog><qti-catalog id="glossary-term-9"><qti-card support="keyword-translation"><qti-card-entry data-list-code="TDS_WL_ArabicGloss" data-list-type="glossary" lang="ar"><qti-html-content><div><span>مفقود</span><audio controls="true"><source src="glossary/item_183499_missing_9_arabic.m4a" type="audio/mp4"/><source src="glossary/item_183499_missing_9_arabic.ogg" type="audio/ogg"/></audio></div></qti-html-content></qti-card-entry><qti-card-entry data-list-code="TDS_WL_BurmeseGloss" data-list-type="glossary" lang="my"><qti-html-content><div><span>လိုနေသည်</span><audio controls="true"><source src="glossary/item_183499_missing_9_burmese.m4a" type="audio/mp4"/><source src="glossary/item_183499_missing_9_burmese.ogg" type="audio/ogg"/></audio></div></qti-html-content></qti-card-entry><qti-card-entry data-list-code="TDS_WL_CantoneseGloss" data-list-type="glossary" lang="yue"><qti-html-content><div><span>空缺嘎</span><audio controls="true"><source src="glossary/item_183499_missing_9_cantonese.m4a" type="audio/mp4"/><source src="glossary/item_183499_missing_9_cantonese.ogg" type="audio/ogg"/></audio></div></qti-html-content></qti-card-entry><qti-card-entry data-list-code="TDS_WL_TagalGloss" data-list-type="glossary" lang="tl"><qti-html-content><div><span>kulang</span><audio controls="true"><source src="glossary/item_183499_missing_9_filipino_a.m4a" type="audio/mp4"/><source src="glossary/item_183499_missing_9_filipino_a.ogg" type="audio/ogg"/></audio></div><div><span>mapukpukaw</span><audio controls="true"><source src="glossary/item_183499_missing_9_filipino_b.m4a" type="audio/mp4"/><source src="glossary/item_183499_missing_9_filipino_b.ogg" type="audio/ogg"/></audio></div></qti-html-content></qti-card-entry><qti-card-entry data-list-code="TDS_WL_HmongGloss" data-list-type="glossary" lang="hmn"><qti-html-content><div><span>uas ploj lawm</span></div><div><span>uas pluj lawm</span><audio controls="true"><source src="glossary/item_183499_missing_9_hmong.m4a" type="audio/mp4"/><source src="glossary/item_183499_missing_9_hmong.ogg" type="audio/ogg"/></audio></div></qti-html-content></qti-card-entry><qti-card-entry data-list-code="TDS_WL_KoreanGloss" data-list-type="glossary" lang="ko"><qti-html-content><div><span>누락된</span></div><div><span>빠진</span><audio controls="true"><source src="glossary/item_183499_missing_9_korean.m4a" type="audio/mp4"/><source src="glossary/item_183499_missing_9_korean.ogg" type="audio/ogg"/></audio></div></qti-html-content></qti-card-entry><qti-card-entry data-list-code="TDS_WL_MandarinGloss" data-list-type="glossary" lang="cmn"><qti-html-content><div><span>缺失的</span><audio controls="true"><source src="glossary/item_183499_missing_9_mandarin.m4a" type="audio/mp4"/><source src="glossary/item_183499_missing_9_mandarin.ogg" type="audio/ogg"/></audio></div></qti-html-content></qti-card-entry><qti-card-entry data-list-code="TDS_WL_PunjabiGloss" data-list-type="glossary" lang="pa"><qti-html-content><div><span>نہ لبھنا</span><audio controls="true"><source src="glossary/item_183499_missing_9_punjabi_a.m4a" type="audio/mp4"/><source src="glossary/item_183499_missing_9_punjabi_a.ogg" type="audio/ogg"/></audio></div><div><span>ਗਾਇਬ  </span><audio controls="true"><source src="glossary/item_183499_missing_9_punjabi_b.m4a" type="audio/mp4"/><source src="glossary/item_183499_missing_9_punjabi_b.ogg" type="audio/ogg"/></audio></div></qti-html-content></qti-card-entry><qti-card-entry data-list-code="TDS_WL_RussianGloss" data-list-type="glossary" lang="ru"><qti-html-content><div><span>Недостающие</span><audio controls="true"><source src="glossary/item_183499_missing_9_russian.m4a" type="audio/mp4"/><source src="glossary/item_183499_missing_9_russian.ogg" type="audio/ogg"/></audio></div></qti-html-content></qti-card-entry><qti-card-entry data-list-code="TDS_WL_SomaliGloss" data-list-type="glossary" lang="so"><qti-html-content><div><span>maqan</span><audio controls="true"><source src="glossary/item_183499_missing_9_somali.m4a" type="audio/mp4"/><source src="glossary/item_183499_missing_9_somali.ogg" type="audio/ogg"/></audio></div></qti-html-content></qti-card-entry><qti-card-entry data-list-code="TDS_WL_ESNGlossary" data-list-type="glossary" lang="es"><qti-html-content><div><span>que faltan</span><audio controls="true"><source src="glossary/item_183499_missing_9_spanish.m4a" type="audio/mp4"/><source src="glossary/item_183499_missing_9_spanish.ogg" type="audio/ogg"/></audio></div></qti-html-content></qti-card-entry><qti-card-entry data-list-code="TDS_WL_UkrainianGloss" data-list-type="glossary" lang="uk"><qti-html-content><div><span>відсутні</span><audio controls="true"><source src="glossary/item_183499_missing_9_ukrainian.m4a" type="audio/mp4"/><source src="glossary/item_183499_missing_9_ukrainian.ogg" type="audio/ogg"/></audio></div></qti-html-content></qti-card-entry><qti-card-entry data-list-code="TDS_WL_VietnameseGloss" data-list-type="glossary" lang="vi"><qti-html-content><div><span>bị thiếu</span></div><div><span>còn thiếu</span><audio controls="true"><source src="glossary/item_183499_missing_9_vietnamese.m4a" type="audio/mp4"/><source src="glossary/item_183499_missing_9_vietnamese.ogg" type="audio/ogg"/></audio></div></qti-html-content></qti-card-entry></qti-card></qti-catalog></qti-catalog-info><qti-response-processing><qti-set-outcome-value identifier="col1"><qti-custom-operator class="qti.sbac.customOperators.TABLE.GETCOLUMN" definition="column-name=col0|||table=RESPONSE"/></qti-set-outcome-value><qti-set-outcome-value identifier="col2"><qti-custom-operator class="qti.sbac.customOperators.TABLE.GETCOLUMN" definition="column-name=col1|||table=RESPONSE"/></qti-set-outcome-value><qti-set-outcome-value identifier="Row1Col1Response"><qti-custom-operator class="qti.sbac.customOperators.TABLE.GETVALUENUMERIC" definition="index=0|||table-vector=col1"/></qti-set-outcome-value><qti-set-outcome-value identifier="Row4Col2Response"><qti-custom-operator class="qti.sbac.customOperators.TABLE.GETVALUENUMERIC" definition="index=3|||table-vector=col2"/></qti-set-outcome-value><qti-response-condition><qti-response-if><qti-and><qti-equal><qti-variable identifier="Row1Col1Response"/><qti-base-value base-type="float">
      2
     </qti-base-value></qti-equal><qti-equal><qti-variable identifier="Row4Col2Response"/><qti-base-value base-type="float">
      54
     </qti-base-value></qti-equal></qti-and><qti-set-outcome-value identifier="SCORE"><qti-base-value base-type="float">
     1.0
    </qti-base-value></qti-set-outcome-value></qti-response-if><qti-response-else><qti-set-outcome-value identifier="SCORE"><qti-base-value base-type="float">
     0.0
    </qti-base-value></qti-set-outcome-value></qti-response-else></qti-response-condition></qti-response-processing></qti-assessment-item>