<?xml version="1.0" encoding="UTF-8"?>
<metadata>
<smarterAppMetadata xmlns="http://www.smarterapp.org/ns/1/assessment_item_metadata">
   <Identifier>183499</Identifier>
   <Version>0.55</Version>
   <InteractionType>TI</InteractionType>
   <Subject>MATH</Subject>
   <Status>Released</Status>
   <Language>eng</Language>
   <Language>spa</Language>
   <SecurityStatus>secure</SecurityStatus>
   <MinimumGrade>6</MinimumGrade>
   <IntendedGrade>6</IntendedGrade>
   <MaximumGrade>6</MaximumGrade>
   <BrailleType>BRF</BrailleType>
   <EnemyItem></EnemyItem>
   <ItemAuthorIdentifier>Sridhar_Ravva</ItemAuthorIdentifier>
   <Claim2Category></Claim2Category>
   <Claim2RevisionCategory></Claim2RevisionCategory>
   <AllowCalculator>Y</AllowCalculator>
   <MathematicalPractice></MathematicalPractice>
   <StimulusLength></StimulusLength>
   <AssociatedTutorial>67860</AssociatedTutorial>
   <AssociatedWordlist>600183499</AssociatedWordlist>
   <MaximumNumberOfPoints>1</MaximumNumberOfPoints>
   <ScorePoints>"0, 1"</ScorePoints>
   <ItemSpecFormat>SmarterApp</ItemSpecFormat>
   <DepthOfKnowledge>2</DepthOfKnowledge>
   <SpecificationsVersion></SpecificationsVersion>
   <PerformanceTaskComponentItem>N</PerformanceTaskComponentItem>
   <PtSequence></PtSequence>
   <AccessibilityTagsASLLanguage>Y</AccessibilityTagsASLLanguage>
   <StandardPublication>
      <Publication>SBAC-MA-v4</Publication>
      <PrimaryStandard>SBAC-MA-v4:1|RP|A-6|m|6.RP.3a</PrimaryStandard>
   </StandardPublication>
   <StandardPublication>
      <Publication>SBAC-MA-v6</Publication>
      <PrimaryStandard>SBAC-MA-v6:1|P|TS02|A-6</PrimaryStandard>
   </StandardPublication>
   <StandardPublication>
      <Publication>SBAC</Publication>
      <PrimaryStandard>M.G6.C1RP.TA.6.RP.3a</PrimaryStandard>
   </StandardPublication>
   <ContentTaskModel>TM3b_Det</ContentTaskModel>
   <LanguageFeatures></LanguageFeatures>
   <MeaningPurpose></MeaningPurpose>
   <PrimaryClaim>1</PrimaryClaim>
   <PrimaryCommonCoreStandard>6.RP.3a</PrimaryCommonCoreStandard>
   <PrimaryContentDomain>RP</PrimaryContentDomain>
   <QuaternaryClaim></QuaternaryClaim>
   <QuaternaryCommonCoreStandard></QuaternaryCommonCoreStandard>
   <ScoringEngine>Automatic with Machine Rubric</ScoringEngine>
   <ScoringDependency></ScoringDependency>
   <SecondaryClaim></SecondaryClaim>
   <SecondaryCommonCoreStandard></SecondaryCommonCoreStandard>
   <SecondaryContentDomain></SecondaryContentDomain>
   <TertiaryClaim></TertiaryClaim>
   <TertiaryCommonCoreStandard></TertiaryCommonCoreStandard>
   <TertiaryContentDomain></TertiaryContentDomain>
   <TestCategory>Practice</TestCategory>
   <TranslatedGlossaryPool>Y</TranslatedGlossaryPool>
   <IllustrationGlossaryPool>Y</IllustrationGlossaryPool>
   <BraillePool></BraillePool>
</smarterAppMetadata>
</metadata>