<?xml version="1.0" encoding="UTF-8"?><qti-assessment-item xsi:schemaLocation="http://www.imsglobal.org/xsd/imsqtiasi_v3p0 https://purl.imsglobal.org/spec/qti/v3p0/schema/xsd/imsqti_asiv3p0_v1p0.xsd http://www.w3.org/1998/Math/MathML https://purl.imsglobal.org/spec/mathml/v3p0/schema/xsd/mathml3.xsd http://www.w3.org/2001/10/synthesis https://purl.imsglobal.org/spec/ssml/v1p1/schema/xsd/ssmlv1p1-core.xsd http://www.w3.org/2001/XInclude https://purl.imsglobal.org/spec/w3/2001/schema/xsd/XInclude.xsd " xmlns="http://www.imsglobal.org/xsd/imsqtiasi_v3p0" xmlns:m3="http://www.w3.org/1998/Math/MathML" xmlns:ssml11="http://www.w3.org/2001/10/synthesis" xmlns:xi="http://www.w3.org/2001/XInclude" xmlns:xsi="http://www.w3.org/2001/XMLSchema-instance" identifier="sbac-200-183147" title="183147" tool-name="TIMS QTI 3.0 Export" tool-version="5.2.12" time-dependent="false"><qti-response-declaration identifier="RESPONSE" cardinality="single" base-type="identifier"><qti-correct-response><qti-value>D</qti-value></qti-correct-response></qti-response-declaration><qti-outcome-declaration identifier="SCORE" cardinality="single" base-type="float" normal-maximum="1.0" normal-minimum="0.0"><qti-default-value><qti-value>0</qti-value></qti-default-value></qti-outcome-declaration><qti-item-body><div data-catalog-idref="item-183147-global" class="sbac-global-item-catalog-ref"/><div class="qti-layout-row"><div class="qti-layout-col12"><div class="prompt"><p>A student is writing an editorial for the school newspaper about volunteering in the community. <span data-catalog-idref="item-183147-catalog-0">Read</span> the excerpt from a draft of the editorial and complete the task that follows.</p><p><br/><strong>The Value of </strong><strong><span data-catalog-idref="item-183147-catalog-1">Volunteering</span></strong></p><p><br/>There are many positive aspects to volunteering. You gain valuable hands-on experience wherever you are working. If you volunteer in a homework help program at the library, you learn how to teach others. Some students use volunteering as a way to try out a career direction. A student who wants to be a children's doctor can volunteer in the children's wing of a hospital. You can learn leadership skills as a volunteer. If you work in an afterschool program at the local recreation center, you might find yourself leading a group of children in a game of basketball.</p><p><br/>Many teens simply do not have the time to fit another activity into a busy schedule that includes schoolwork, sports, clubs, jobs, and a social life. Some students view their extracurricular activities as a way to accomplish the same goals that volunteering does. You can gain leadership skills as the captain of the volleyball team or organizational skills by working on the high school yearbook.</p><p><br/>But one thing you gain from volunteering that you cannot get from other activities is the sense that you are making a difference in the world. This is an intangible benefit that is perhaps the most important aspect of volunteer work. One of the main goals in educating our youth is to teach them to become productive members of society. As a way to reach that goal, there is very little to compare with volunteering.</p><p><br/>Choose the transition sentence that would improve the links between the first and the second paragraph.</p></div><qti-choice-interaction response-identifier="RESPONSE" max-choices="1" min-choices="1"><qti-simple-choice identifier="A"><p>The negative aspects of volunteering should not be overstated.</p></qti-simple-choice><qti-simple-choice identifier="B"><p>Many teens need to be convinced that volunteering should be mandatory.</p></qti-simple-choice><qti-simple-choice identifier="C"><p>However challenging volunteering may be, it will, in the end, provide many benefits.</p></qti-simple-choice><qti-simple-choice identifier="D"><p>It is understandable why students feel they can not commit to volunteering in the community.</p></qti-simple-choice></qti-choice-interaction></div></div><qti-rubric-block class="qti-rubric-discretionary-placement" use="scoring" view="scorer"><qti-content-body><h3>Rubric</h3><p>D</p><h3>Option Rationale</h3><div><strong>A:</strong><br/></div><div><strong>B:</strong><br/></div><div><strong>C:</strong><br/></div><div><strong>D:</strong><br/></div></qti-content-body></qti-rubric-block></qti-item-body><qti-catalog-info><qti-catalog id="item-183147-catalog-0"><qti-card support="spoken"><qti-card-entry data-reading-type="computer-read-aloud"><qti-html-content>Reed</qti-html-content></qti-card-entry><qti-card-entry data-reading-type="screen-reader"><qti-html-content>Read</qti-html-content></qti-card-entry></qti-card></qti-catalog><qti-catalog id="item-183147-catalog-1"><qti-card support="spoken"><qti-card-entry data-reading-type="computer-read-aloud"><qti-html-content>Volunteering.</qti-html-content></qti-card-entry><qti-card-entry data-reading-type="screen-reader"><qti-html-content>Volunteering</qti-html-content></qti-card-entry></qti-card></qti-catalog><qti-catalog id="item-183147-global"><qti-card support="ext:sbac-braille-files"><qti-card-entry data-math-representation="none" data-contracted="true" data-type="BRF" lang="en" data-format="EBAE"><qti-file-href mime-type="application/braille">item_183147_enu_ecl.brf</qti-file-href></qti-card-entry><qti-card-entry data-math-representation="none" data-contracted="false" data-type="BRF" lang="en" data-format="EBAE"><qti-file-href mime-type="application/braille">item_183147_enu_exl.brf</qti-file-href></qti-card-entry><qti-card-entry data-math-representation="none" data-contracted="true" data-type="BRF" lang="en" data-format="UEB"><qti-file-href mime-type="application/braille">item_183147_enu_ucl.brf</qti-file-href></qti-card-entry><qti-card-entry data-math-representation="none" data-contracted="false" data-type="BRF" lang="en" data-format="UEB"><qti-file-href mime-type="application/braille">item_183147_enu_uxl.brf</qti-file-href></qti-card-entry></qti-card></qti-catalog></qti-catalog-info><qti-response-processing><qti-response-condition><qti-response-if><qti-match><qti-variable identifier="RESPONSE"/><qti-correct identifier="RESPONSE"/></qti-match><qti-set-outcome-value identifier="SCORE"><qti-base-value base-type="float">
     1
    </qti-base-value></qti-set-outcome-value></qti-response-if><qti-response-else><qti-set-outcome-value identifier="SCORE"><qti-base-value base-type="float">
     0
    </qti-base-value></qti-set-outcome-value></qti-response-else></qti-response-condition></qti-response-processing></qti-assessment-item>