<?xml version="1.0" encoding="UTF-8"?><qti-assessment-item xsi:schemaLocation="http://www.imsglobal.org/xsd/imsqtiasi_v3p0 https://purl.imsglobal.org/spec/qti/v3p0/schema/xsd/imsqti_asiv3p0_v1p0.xsd http://www.w3.org/1998/Math/MathML https://purl.imsglobal.org/spec/mathml/v3p0/schema/xsd/mathml3.xsd http://www.w3.org/2001/10/synthesis https://purl.imsglobal.org/spec/ssml/v1p1/schema/xsd/ssmlv1p1-core.xsd http://www.w3.org/2001/XInclude https://purl.imsglobal.org/spec/w3/2001/schema/xsd/XInclude.xsd " xmlns="http://www.imsglobal.org/xsd/imsqtiasi_v3p0" xmlns:m3="http://www.w3.org/1998/Math/MathML" xmlns:ssml11="http://www.w3.org/2001/10/synthesis" xmlns:xi="http://www.w3.org/2001/XInclude" xmlns:xsi="http://www.w3.org/2001/XMLSchema-instance" identifier="sbac-200-183093" title="183093" xml:lang="en" tool-name="TIMS QTI 3.0 Export" tool-version="5.6.7" time-dependent="false"><qti-response-declaration identifier="RESPONSE" cardinality="multiple" base-type="identifier"><qti-correct-response><qti-value>a</qti-value><qti-value>b</qti-value></qti-correct-response></qti-response-declaration><qti-outcome-declaration identifier="SCORE" cardinality="single" base-type="float" normal-maximum="1.0" normal-minimum="0.0"><qti-default-value><qti-value>0</qti-value></qti-default-value></qti-outcome-declaration><qti-assessment-stimulus-ref identifier="sbac-200-193792" href="../sbac-200-193792/sbac-200-193792.xml"/><qti-stylesheet href="sbac-qti-assessment.css"/><qti-item-body class="sbac"><div data-catalog-idref="item-183093-global" class="sbac-global-item-catalog-ref"/><div class="qti-layout-row"><div class="qti-layout-col5"><div data-stimulus-idref="sbac-200-193792" class="qti-shared-stimulus"/></div><div class="qti-layout-col7"><div class="prompt"><p>Click the <strong><span data-catalog-idref="item-183093-catalog-0"/><span aria-hidden="true">two</span> </strong>sentences that<strong> <span data-catalog-idref="item-183093-catalog-1"/><span aria-hidden="true">best</span> </strong>support the inference that the narrator's expectations before the move were based on a kind of fantasy. </p><br/></div><qti-hottext-interaction response-identifier="RESPONSE" max-choices="0"><div><p><qti-hottext identifier="a"><span>When my parents said the three of us were moving out to California, to a place just north of Los Angeles, my mind immediately went to thoughts of Disneyland and Hollywood, glitz and glamour.</span></qti-hottext> <qti-hottext identifier="b"><span>I imagined a Rodeo Drive shopping spree to pick out a bikini for the endless days I would be spending on the beach.</span></qti-hottext> <qti-hottext identifier="c"><span>However, I’d forgotten about my parents’ penchant for the unconventional; they’re definitely “the road less traveled” kind of people.</span></qti-hottext> <qti-hottext identifier="d"><span>Mom had a gopher snake for a pet when she was younger, and Dad was never happier than when he was climbing near-vertical cliffs that only mountain goats could love.</span></qti-hottext> <qti-hottext identifier="e"><span>These are not city folk.</span></qti-hottext> </p></div></qti-hottext-interaction></div></div><qti-rubric-block class="qti-rubric-discretionary-placement" use="scoring" view="scorer"><qti-content-body><h3>Rubric</h3><p>When my parents said the three of us were moving out to California, to a place just north of Los Angeles, my mind immediately went to thoughts of Disneyland and Hollywood, glitz and glamour.</p><p>I imagined a Rodeo Drive shopping spree to pick out a bikini for the endless days I would be spending on the beach.</p></qti-content-body></qti-rubric-block></qti-item-body><qti-catalog-info><qti-catalog id="item-183093-catalog-0"><qti-card support="spoken"><qti-card-entry data-reading-type="computer-read-aloud"><qti-html-content>two,</qti-html-content></qti-card-entry><qti-card-entry data-reading-type="screen-reader"><qti-html-content>two</qti-html-content></qti-card-entry></qti-card></qti-catalog><qti-catalog id="item-183093-catalog-1"><qti-card support="spoken"><qti-card-entry data-reading-type="computer-read-aloud"><qti-html-content>best,</qti-html-content></qti-card-entry><qti-card-entry data-reading-type="screen-reader"><qti-html-content>best</qti-html-content></qti-card-entry></qti-card></qti-catalog><qti-catalog id="item-183093-global"><qti-card support="ext:sbac-braille-files"><qti-card-entry data-math-representation="none" data-contracted="true" data-type="BRF" lang="en" data-format="EBAE"><qti-file-href mime-type="application/braille">item_183093_enu_ecl.brf</qti-file-href></qti-card-entry><qti-card-entry data-math-representation="none" data-contracted="true" data-type="BRF" lang="en" data-format="UEB"><qti-file-href mime-type="application/braille">item_183093_enu_ucl.brf</qti-file-href></qti-card-entry><qti-card-entry data-math-representation="none" data-contracted="false" data-type="BRF" lang="en" data-format="EBAE"><qti-file-href mime-type="application/braille">item_183093_enu_exl.brf</qti-file-href></qti-card-entry><qti-card-entry data-math-representation="none" data-contracted="false" data-type="BRF" lang="en" data-format="UEB"><qti-file-href mime-type="application/braille">item_183093_enu_uxl.brf</qti-file-href></qti-card-entry></qti-card></qti-catalog></qti-catalog-info><qti-response-processing><qti-response-condition><qti-response-if><qti-match><qti-variable identifier="RESPONSE"/><qti-correct identifier="RESPONSE"/></qti-match><qti-set-outcome-value identifier="SCORE"><qti-base-value base-type="float">
     1
    </qti-base-value></qti-set-outcome-value></qti-response-if><qti-response-else><qti-set-outcome-value identifier="SCORE"><qti-base-value base-type="float">
     0
    </qti-base-value></qti-set-outcome-value></qti-response-else></qti-response-condition></qti-response-processing></qti-assessment-item>