<?xml version="1.0" encoding="UTF-8"?>
<metadata>
<smarterAppMetadata xmlns="http://www.smarterapp.org/ns/1/assessment_item_metadata">
   <Identifier>193799</Identifier>
   <Version>0.20</Version>
   <InteractionType>Stimulus</InteractionType>
   <Subject>ELA</Subject>
   <Status>Released</Status>
   <Language>eng</Language>
   <SecurityStatus>secure</SecurityStatus>
   <MinimumGrade>5</MinimumGrade>
   <IntendedGrade>5</IntendedGrade>
   <MaximumGrade>5</MaximumGrade>
   <BrailleType>BRF</BrailleType>
   <EnemyItem></EnemyItem>
   <ItemAuthorIdentifier>Sridhar_Ravva</ItemAuthorIdentifier>
   <MathematicalPractice></MathematicalPractice>
   <ItemSpecFormat>SmarterApp</ItemSpecFormat>
   <StimulusFormat>Standard</StimulusFormat>
   <SpecificationsVersion></SpecificationsVersion>
   <StimulusReadabilityFK></StimulusReadabilityFK>
   <StimulusReadabilityLexile></StimulusReadabilityLexile>
   <PtSequence></PtSequence>
   <AccessibilityTagsASLLanguage>Y</AccessibilityTagsASLLanguage>
   <ContentTaskModel></ContentTaskModel>
   <LanguageFeatures></LanguageFeatures>
   <MeaningPurpose></MeaningPurpose>
   <SecondaryContentDomain></SecondaryContentDomain>
   <TertiaryContentDomain></TertiaryContentDomain>
   <TestCategory>Practice</TestCategory>
   <TranslatedGlossaryPool></TranslatedGlossaryPool>
   <IllustrationGlossaryPool></IllustrationGlossaryPool>
   <BraillePool></BraillePool>
</smarterAppMetadata>
</metadata>