<?xml version="1.0" encoding="UTF-8"?><qti-assessment-stimulus xsi:schemaLocation="http://www.imsglobal.org/xsd/imsqtiasi_v3p0 https://purl.imsglobal.org/spec/qti/v3p0/schema/xsd/imsqti_asiv3p0_v1p0.xsd http://www.w3.org/1998/Math/MathML https://purl.imsglobal.org/spec/mathml/v3p0/schema/xsd/mathml3.xsd http://www.w3.org/2001/10/synthesis https://purl.imsglobal.org/spec/ssml/v1p1/schema/xsd/ssmlv1p1-core.xsd http://www.w3.org/2001/XInclude https://purl.imsglobal.org/spec/w3/2001/schema/xsd/XInclude.xsd " xmlns="http://www.imsglobal.org/xsd/imsqtiasi_v3p0" xmlns:m3="http://www.w3.org/1998/Math/MathML" xmlns:ssml11="http://www.w3.org/2001/10/synthesis" xmlns:xi="http://www.w3.org/2001/XInclude" xmlns:xsi="http://www.w3.org/2001/XMLSchema-instance" identifier="sbac-200-193799" title="193799" xml:lang="en" tool-name="TIMS QTI 3.0 Export" tool-version="5.6.7"><qti-stylesheet href="sbac-qti-assessment.css"/><qti-stimulus-body class="sbac"><div data-catalog-idref="item-193799-global" class="sbac-global-item-catalog-ref"/><div><br/><br/><p style=""><strong>Go Fly a <span data-catalog-idref="item-193799-catalog-1"/><span aria-hidden="true">Fengzheng</span></strong></p><p><br/>Listen to the presentation. Then answer the questions.</p><p><audio controls="true"><source src="passage_193799_v0_8246_audio1.m4a" type="audio/mp4"/><source src="passage_193799_v0_8246_audio1.ogg" type="audio/ogg"/><track label="Transcript" kind="captions" src="passage_193799_v0_8246_audio1.vtt" srclang="en" default="true"/>Your browser does not support the audio element.</audio></p><br/><p>Excerpt from &quot;Go Fly a Fengzheng!&quot; by Louise L. Greene, from <span style=""><em>Appleseeds</em></span>. Copyright <span data-catalog-idref="item-193799-catalog-0"/><span aria-hidden="true">© 2000</span> by Carus Publishing Company. Reused with permission of Carus Publishing Company.</p></div></qti-stimulus-body><qti-catalog-info><qti-catalog id="item-193799-catalog-0"><qti-card support="spoken"><qti-card-entry data-reading-type="computer-read-aloud"><qti-html-content>2 thousand</qti-html-content></qti-card-entry><qti-card-entry data-reading-type="screen-reader"><qti-html-content>© 2000</qti-html-content></qti-card-entry></qti-card></qti-catalog><qti-catalog id="item-193799-catalog-1"><qti-card support="spoken"><qti-card-entry data-reading-type="computer-read-aloud"><qti-html-content>Fengzheng.</qti-html-content></qti-card-entry><qti-card-entry data-reading-type="screen-reader"><qti-html-content>Fengzheng</qti-html-content></qti-card-entry></qti-card></qti-catalog><qti-catalog id="item-193799-global"><qti-card support="ext:sbac-braille-files"><qti-card-entry data-math-representation="none" data-contracted="true" data-type="BRF" lang="en" data-format="EBAE"><qti-file-href mime-type="application/braille">passage_193799_enu_ecl.brf</qti-file-href></qti-card-entry><qti-card-entry data-math-representation="none" data-contracted="true" data-type="BRF" lang="en" data-format="UEB"><qti-file-href mime-type="application/braille">passage_193799_enu_ucl.brf</qti-file-href></qti-card-entry><qti-card-entry data-math-representation="none" data-contracted="false" data-type="BRF" lang="en" data-format="EBAE"><qti-file-href mime-type="application/braille">passage_193799_enu_exl.brf</qti-file-href></qti-card-entry><qti-card-entry data-math-representation="none" data-contracted="false" data-type="BRF" lang="en" data-format="UEB"><qti-file-href mime-type="application/braille">passage_193799_enu_uxl.brf</qti-file-href></qti-card-entry></qti-card><qti-card support="sign-language"><qti-card-entry default="true" lang="ase"><qti-html-content><video controls="true"><source src="stim_193799_ASL_STEM.mp4" type="video/mp4"/><source src="stim_193799_ASL_STEM.webm" type="video/webm"/>Your browser does not support the video element.</video></qti-html-content></qti-card-entry></qti-card></qti-catalog></qti-catalog-info></qti-assessment-stimulus>