<?xml version="1.0" encoding="UTF-8"?><qti-assessment-item xsi:schemaLocation="http://www.imsglobal.org/xsd/imsqtiasi_v3p0 https://purl.imsglobal.org/spec/qti/v3p0/schema/xsd/imsqti_asiv3p0_v1p0.xsd http://www.w3.org/1998/Math/MathML https://purl.imsglobal.org/spec/mathml/v3p0/schema/xsd/mathml3.xsd http://www.w3.org/2001/10/synthesis https://purl.imsglobal.org/spec/ssml/v1p1/schema/xsd/ssmlv1p1-core.xsd http://www.w3.org/2001/XInclude https://purl.imsglobal.org/spec/w3/2001/schema/xsd/XInclude.xsd " xmlns="http://www.imsglobal.org/xsd/imsqtiasi_v3p0" xmlns:m3="http://www.w3.org/1998/Math/MathML" xmlns:ssml11="http://www.w3.org/2001/10/synthesis" xmlns:xi="http://www.w3.org/2001/XInclude" xmlns:xsi="http://www.w3.org/2001/XMLSchema-instance" identifier="sbac-200-183197" title="183197" xml:lang="en" tool-name="TIMS QTI 3.0 Export" tool-version="5.6.7" time-dependent="false"><qti-response-declaration identifier="RESPONSE" cardinality="multiple" base-type="identifier"><qti-correct-response><qti-value>C</qti-value><qti-value>E</qti-value></qti-correct-response></qti-response-declaration><qti-outcome-declaration identifier="SCORE" cardinality="single" base-type="float" normal-maximum="1.0" normal-minimum="0.0"><qti-default-value><qti-value>0</qti-value></qti-default-value></qti-outcome-declaration><qti-stylesheet href="sbac-qti-assessment.css"/><qti-item-body class="sbac"><div data-catalog-idref="item-183197-global" class="sbac-global-item-catalog-ref"/><div class="qti-layout-row"><div class="qti-layout-col12"><div class="prompt"><p>A student is writing a research report about the importance of laughing. <span data-catalog-idref="item-183197-catalog-0"/><span aria-hidden="true">Read</span> the paragraph from her report and the directions that follow. </p><p><br/><strong><span data-catalog-idref="item-183197-catalog-3"/><span aria-hidden="true">Laughing</span></strong></p><p><br/>It doesn't matter who you are or where you <span data-catalog-idref="item-183197-catalog-1"/><span aria-hidden="true">live</span> in the world. People everywhere understand what laughter means. However, what is funny in one part of the world may not be funny at all somewhere else. It depends a lot on the language and <span data-catalog-idref="glossary-term-3">customs</span> of a particular place. Oftentimes, laughter can be used to relieve people from thinking about serious matters. Laughter is also a very important part of helping people get well when they are sick. Laughing out loud actually exercises the abdominal, or stomach, muscles and helps the body relax. Also, laughter helps <span data-catalog-idref="glossary-term-4">blood pressure</span> by lowering it. Another benefit of laughter is that it can have a positive effect on people's moods. Lastly, laughter boosts the <span data-catalog-idref="glossary-term-5">immune system</span>. It increases overall health and <span data-catalog-idref="item-183197-catalog-2"/><span aria-hidden="true">well-being</span>.</p><p><br/>The student found information in different sources. Choose <strong><span data-catalog-idref="item-183197-catalog-4"/><span aria-hidden="true">two</span></strong> pieces of information that support the claim in the student's paragraph.</p></div><qti-choice-interaction class="qti-labels-none" response-identifier="RESPONSE" max-choices="7" min-choices="1"><qti-simple-choice identifier="A"><p>Joy and <span data-catalog-idref="glossary-term-1">humor</span> generally cause laughter.</p></qti-simple-choice><qti-simple-choice identifier="B"><p>The average adult laughs around <span data-catalog-idref="item-183197-catalog-5"/><span aria-hidden="true">20</span> times a day.</p></qti-simple-choice><qti-simple-choice identifier="C"><p>People who laugh together get along better than those who do not.</p></qti-simple-choice><qti-simple-choice identifier="D"><p>Laughter happens when people are comfortable with each other.</p></qti-simple-choice><qti-simple-choice identifier="E"><p>Laughter improves the <span data-catalog-idref="glossary-term-2">function of blood vessels</span> and increases blood flow.</p></qti-simple-choice><qti-simple-choice identifier="F"><p>The sound of laughter is far more catching than any cough, sniffle, or sneeze.</p></qti-simple-choice><qti-simple-choice identifier="G"><p>One study showed that people are <span data-catalog-idref="item-183197-catalog-6"/><span aria-hidden="true">30</span> times more likely to laugh in social settings than when they are alone.</p></qti-simple-choice></qti-choice-interaction></div></div><qti-rubric-block class="qti-rubric-discretionary-placement" use="scoring" view="scorer"><qti-content-body><h3>Rubric</h3><p>C,E</p><h3>Option Rationale</h3><div><strong>A:</strong></div><div><strong>B:</strong></div><div><strong>C:</strong></div><div><strong>D:</strong></div><div><strong>E:</strong></div><div><strong>F:</strong></div><div><strong>G:</strong></div></qti-content-body></qti-rubric-block></qti-item-body><qti-catalog-info><qti-catalog id="item-183197-catalog-0"><qti-card support="spoken"><qti-card-entry data-reading-type="computer-read-aloud"><qti-html-content>Reed</qti-html-content></qti-card-entry><qti-card-entry data-reading-type="screen-reader"><qti-html-content>Read</qti-html-content></qti-card-entry></qti-card></qti-catalog><qti-catalog id="item-183197-catalog-1"><qti-card support="spoken"><qti-card-entry data-reading-type="computer-read-aloud"><qti-html-content>liv</qti-html-content></qti-card-entry><qti-card-entry data-reading-type="screen-reader"><qti-html-content>live</qti-html-content></qti-card-entry></qti-card></qti-catalog><qti-catalog id="item-183197-catalog-2"><qti-card support="spoken"><qti-card-entry data-reading-type="computer-read-aloud"><qti-html-content>well being</qti-html-content></qti-card-entry><qti-card-entry data-reading-type="screen-reader"><qti-html-content>well-being</qti-html-content></qti-card-entry></qti-card></qti-catalog><qti-catalog id="item-183197-catalog-3"><qti-card support="spoken"><qti-card-entry data-reading-type="computer-read-aloud"><qti-html-content>Laughing,</qti-html-content></qti-card-entry><qti-card-entry data-reading-type="screen-reader"><qti-html-content>Laughing</qti-html-content></qti-card-entry></qti-card></qti-catalog><qti-catalog id="item-183197-catalog-4"><qti-card support="spoken"><qti-card-entry data-reading-type="computer-read-aloud"><qti-html-content>two,</qti-html-content></qti-card-entry><qti-card-entry data-reading-type="screen-reader"><qti-html-content>two</qti-html-content></qti-card-entry></qti-card></qti-catalog><qti-catalog id="item-183197-catalog-5"><qti-card support="spoken"><qti-card-entry data-reading-type="computer-read-aloud"><qti-html-content>twenty</qti-html-content></qti-card-entry><qti-card-entry data-reading-type="screen-reader"><qti-html-content>20</qti-html-content></qti-card-entry></qti-card></qti-catalog><qti-catalog id="item-183197-catalog-6"><qti-card support="spoken"><qti-card-entry data-reading-type="computer-read-aloud"><qti-html-content>thirty</qti-html-content></qti-card-entry><qti-card-entry data-reading-type="screen-reader"><qti-html-content>30</qti-html-content></qti-card-entry></qti-card></qti-catalog><qti-catalog id="item-183197-global"><qti-card support="ext:sbac-braille-files"><qti-card-entry data-math-representation="none" data-contracted="false" data-type="BRF" lang="en" data-format="EBAE"><qti-file-href mime-type="application/braille">item_183197_enu_exl.brf</qti-file-href></qti-card-entry><qti-card-entry data-math-representation="none" data-contracted="false" data-type="BRF" lang="en" data-format="UEB"><qti-file-href mime-type="application/braille">item_183197_enu_uxl.brf</qti-file-href></qti-card-entry><qti-card-entry data-math-representation="none" data-contracted="true" data-type="BRF" lang="en" data-format="UEB"><qti-file-href mime-type="application/braille">item_183197_enu_ucl.brf</qti-file-href></qti-card-entry><qti-card-entry data-math-representation="none" data-contracted="true" data-type="BRF" lang="en" data-format="EBAE"><qti-file-href mime-type="application/braille">item_183197_enu_ecl.brf</qti-file-href></qti-card-entry></qti-card></qti-catalog><qti-catalog id="glossary-term-1"><qti-card support="keyword-translation"><qti-card-entry data-list-code="TDS_WL_Glossary" data-list-type="glossary" lang="en"><qti-html-content><div><span>what makes something funny</span></div></qti-html-content></qti-card-entry></qti-card></qti-catalog><qti-catalog id="glossary-term-2"><qti-card support="keyword-translation"><qti-card-entry data-list-code="TDS_WL_Glossary" data-list-type="glossary" lang="en"><qti-html-content><div><span>how blood moves through the body</span></div></qti-html-content></qti-card-entry></qti-card></qti-catalog><qti-catalog id="glossary-term-3"><qti-card support="keyword-translation"><qti-card-entry data-list-code="TDS_WL_Glossary" data-list-type="glossary" lang="en"><qti-html-content><div><span>traditions</span></div><div><span>practices of a group of people</span></div></qti-html-content></qti-card-entry></qti-card></qti-catalog><qti-catalog id="glossary-term-4"><qti-card support="keyword-translation"><qti-card-entry data-list-code="TDS_WL_Glossary" data-list-type="glossary" lang="en"><qti-html-content><div><span>the amount of force of blood moving through the body; a high amount of force is damaging</span></div></qti-html-content></qti-card-entry></qti-card></qti-catalog><qti-catalog id="glossary-term-5"><qti-card support="keyword-translation"><qti-card-entry data-list-code="TDS_WL_Glossary" data-list-type="glossary" lang="en"><qti-html-content><div><span>part of the body that protects against disease or illness</span></div></qti-html-content></qti-card-entry></qti-card></qti-catalog></qti-catalog-info><qti-response-processing><qti-response-condition><qti-response-if><qti-match><qti-variable identifier="RESPONSE"/><qti-correct identifier="RESPONSE"/></qti-match><qti-set-outcome-value identifier="SCORE"><qti-base-value base-type="float">
     1
    </qti-base-value></qti-set-outcome-value></qti-response-if><qti-response-else><qti-set-outcome-value identifier="SCORE"><qti-base-value base-type="float">
     0
    </qti-base-value></qti-set-outcome-value></qti-response-else></qti-response-condition></qti-response-processing></qti-assessment-item>