<?xml version="1.0" encoding="UTF-8"?>
<metadata>
<smarterAppMetadata xmlns="http://www.smarterapp.org/ns/1/assessment_item_metadata">
   <Identifier>183627</Identifier>
   <Version>2.52</Version>
   <InteractionType>MC</InteractionType>
   <Subject>MATH</Subject>
   <Status>Released</Status>
   <Language>eng</Language>
   <Language>spa</Language>
   <SecurityStatus>secure</SecurityStatus>
   <MinimumGrade>7</MinimumGrade>
   <IntendedGrade>7</IntendedGrade>
   <MaximumGrade>7</MaximumGrade>
   <BrailleType>BRF</BrailleType>
   <EnemyItem></EnemyItem>
   <ItemAuthorIdentifier>Sridhar_Ravva</ItemAuthorIdentifier>
   <Claim2Category></Claim2Category>
   <Claim2RevisionCategory></Claim2RevisionCategory>
   <AllowCalculator>N</AllowCalculator>
   <MathematicalPractice>7</MathematicalPractice>
   <StimulusLength></StimulusLength>
   <AssociatedTutorial>67708</AssociatedTutorial>
   <AssociatedWordlist>600183627</AssociatedWordlist>
   <MaximumNumberOfPoints>1</MaximumNumberOfPoints>
   <ScorePoints>"0, 1"</ScorePoints>
   <ItemSpecFormat>SmarterApp</ItemSpecFormat>
   <DepthOfKnowledge>1</DepthOfKnowledge>
   <SpecificationsVersion></SpecificationsVersion>
   <PerformanceTaskComponentItem>N</PerformanceTaskComponentItem>
   <PtSequence></PtSequence>
   <AccessibilityTagsASLLanguage>Y</AccessibilityTagsASLLanguage>
   <StandardPublication>
      <Publication>SBAC-MA-v4</Publication>
      <PrimaryStandard>SBAC-MA-v4:1|EE|C-7|m|7.EE.1</PrimaryStandard>
   </StandardPublication>
   <StandardPublication>
      <Publication>SBAC-MA-v6</Publication>
      <PrimaryStandard>SBAC-MA-v6:1|P|TS02|C-7</PrimaryStandard>
   </StandardPublication>
   <StandardPublication>
      <Publication>SBAC</Publication>
      <PrimaryStandard>M.G7.C1EE.TC.7.EE.1</PrimaryStandard>
   </StandardPublication>
   <ContentTaskModel>TM1a_Rpdv</ContentTaskModel>
   <LanguageFeatures></LanguageFeatures>
   <MeaningPurpose></MeaningPurpose>
   <PrimaryClaim>1</PrimaryClaim>
   <PrimaryCommonCoreStandard>7.EE.1</PrimaryCommonCoreStandard>
   <PrimaryContentDomain>EE</PrimaryContentDomain>
   <QuaternaryClaim></QuaternaryClaim>
   <QuaternaryCommonCoreStandard></QuaternaryCommonCoreStandard>
   <ScoringEngine>Automatic with Key</ScoringEngine>
   <ScoringDependency></ScoringDependency>
   <SecondaryClaim></SecondaryClaim>
   <SecondaryCommonCoreStandard></SecondaryCommonCoreStandard>
   <SecondaryContentDomain></SecondaryContentDomain>
   <TertiaryClaim></TertiaryClaim>
   <TertiaryCommonCoreStandard></TertiaryCommonCoreStandard>
   <TertiaryContentDomain></TertiaryContentDomain>
   <TestCategory>Practice</TestCategory>
   <TranslatedGlossaryPool>Y</TranslatedGlossaryPool>
   <IllustrationGlossaryPool>Y</IllustrationGlossaryPool>
   <BraillePool></BraillePool>
</smarterAppMetadata>
</metadata>