<testspecification version="1" purpose="administration" publishdate="Mar 27 2020 12:14AM" publisher="SBAC">
  <identifier version="4" label="Grade 4 MATH - IRP Comprehensive Assessment (ICA)" name="SBAC-ICA-IRP-MATH-FIXED-4" uniqueid="(SBAC)SBAC-ICA-IRP-MATH-FIXED-4-2020-2021"/>
  <property label="MATH" name="subject" value="MATH"/>
  <property label="interim" name="type" value="interim"/>
  <property label="4" name="grade" value="4"/>
  <administration>
    <testblueprint>
      <bpelement maxftitems="0" opitemcount="13" elementtype="test" minopitems="0" maxopitems="13" ftitemcount="0" minftitems="0">
        <identifier version="4" name="SBAC-ICA-IRP-MATH-FIXED-4" uniqueid="(SBAC)SBAC-ICA-IRP-MATH-FIXED-4-2020-2021"/>
      </bpelement>
      <bpelement maxftitems="0" opitemcount="13" elementtype="segment" minopitems="0" maxopitems="13" ftitemcount="0" minftitems="0">
        <identifier version="4" name="SBAC-ICA-IRP-MATH-FIXED-4" uniqueid="(SBAC)SBAC-ICA-IRP-MATH-FIXED-4-2020-2021"/>
      </bpelement>
      <bpelement maxftitems="0" opitemcount="1" elementtype="contentlevel" minopitems="0" maxopitems="1" parentid="SBAC-4|OA" ftitemcount="0" minftitems="0">
        <identifier version="4" name="4|OA|NA" uniqueid="SBAC-4|OA|NA"/>
      </bpelement>
      <bpelement maxftitems="0" opitemcount="2" elementtype="contentlevel" minopitems="0" maxopitems="2" parentid="SBAC-1|P|TS02" ftitemcount="0" minftitems="0">
        <identifier version="4" name="1|P|TS02|G-4" uniqueid="SBAC-1|P|TS02|G-4"/>
      </bpelement>
      <bpelement maxftitems="0" opitemcount="1" elementtype="contentlevel" minopitems="0" maxopitems="1" parentid="SBAC-4" ftitemcount="0" minftitems="0">
        <identifier version="4" name="4|OA" uniqueid="SBAC-4|OA"/>
      </bpelement>
      <bpelement maxftitems="0" opitemcount="2" elementtype="contentlevel" minopitems="0" maxopitems="2" parentid="SBAC-1|P" ftitemcount="0" minftitems="0">
        <identifier version="4" name="1|P|TS02" uniqueid="SBAC-1|P|TS02"/>
      </bpelement>
      <bpelement maxftitems="0" opitemcount="1" elementtype="contentlevel" minopitems="0" maxopitems="1" parentid="SBAC-1|P" ftitemcount="0" minftitems="0">
        <identifier version="4" name="1|P|TS03" uniqueid="SBAC-1|P|TS03"/>
      </bpelement>
      <bpelement maxftitems="0" opitemcount="5" elementtype="contentlevel" minopitems="0" maxopitems="5" parentid="SBAC-1" ftitemcount="0" minftitems="0">
        <identifier version="4" name="1|P" uniqueid="SBAC-1|P"/>
      </bpelement>
      <bpelement maxftitems="0" opitemcount="1" elementtype="contentlevel" minopitems="0" maxopitems="1" parentid="SBAC-4" ftitemcount="0" minftitems="0">
        <identifier version="4" name="4|MD" uniqueid="SBAC-4|MD"/>
      </bpelement>
      <bpelement maxftitems="0" opitemcount="1" elementtype="contentlevel" minopitems="0" maxopitems="1" parentid="SBAC-4|MD|NA" ftitemcount="0" minftitems="0">
        <identifier version="4" name="4|MD|NA|D-4" uniqueid="SBAC-4|MD|NA|D-4"/>
      </bpelement>
      <bpelement maxftitems="0" opitemcount="1" elementtype="contentlevel" minopitems="0" maxopitems="1" parentid="SBAC-2|NBT|NA" ftitemcount="0" minftitems="0">
        <identifier version="4" name="2|NBT|NA|A-4" uniqueid="SBAC-2|NBT|NA|A-4"/>
      </bpelement>
      <bpelement maxftitems="0" opitemcount="1" elementtype="contentlevel" minopitems="0" maxopitems="1" parentid="SBAC-4|MD" ftitemcount="0" minftitems="0">
        <identifier version="4" name="4|MD|NA" uniqueid="SBAC-4|MD|NA"/>
      </bpelement>
      <bpelement maxftitems="0" opitemcount="2" elementtype="contentlevel" minopitems="0" maxopitems="2" parentid="SBAC-1|P" ftitemcount="0" minftitems="0">
        <identifier version="4" name="1|P|TS01" uniqueid="SBAC-1|P|TS01"/>
      </bpelement>
      <bpelement maxftitems="0" opitemcount="1" elementtype="contentlevel" minopitems="0" maxopitems="1" parentid="SBAC-2|NF|NA" ftitemcount="0" minftitems="0">
        <identifier version="4" name="2|NF|NA|A-4" uniqueid="SBAC-2|NF|NA|A-4"/>
      </bpelement>
      <bpelement maxftitems="0" opitemcount="1" elementtype="contentlevel" minopitems="0" maxopitems="1" parentid="SBAC-3|NF" ftitemcount="0" minftitems="0">
        <identifier version="4" name="3|NF|NA" uniqueid="SBAC-3|NF|NA"/>
      </bpelement>
      <bpelement maxftitems="0" opitemcount="1" elementtype="contentlevel" minopitems="0" maxopitems="1" parentid="SBAC-2|NF|NA" ftitemcount="0" minftitems="0">
        <identifier version="4" name="2|NF|NA|C-4" uniqueid="SBAC-2|NF|NA|C-4"/>
      </bpelement>
      <bpelement maxftitems="0" opitemcount="2" elementtype="contentlevel" minopitems="0" maxopitems="2" parentid="SBAC-2|NF" ftitemcount="0" minftitems="0">
        <identifier version="4" name="2|NF|NA" uniqueid="SBAC-2|NF|NA"/>
      </bpelement>
      <bpelement maxftitems="0" opitemcount="1" elementtype="contentlevel" minopitems="0" maxopitems="1" parentid="SBAC-1|P|TS03" ftitemcount="0" minftitems="0">
        <identifier version="4" name="1|P|TS03|D-4" uniqueid="SBAC-1|P|TS03|D-4"/>
      </bpelement>
      <bpelement maxftitems="0" opitemcount="1" elementtype="contentlevel" minopitems="0" maxopitems="1" parentid="SBAC-4" ftitemcount="0" minftitems="0">
        <identifier version="4" name="4|NF" uniqueid="SBAC-4|NF"/>
      </bpelement>
      <bpelement maxftitems="0" opitemcount="1" elementtype="contentlevel" minopitems="0" maxopitems="1" parentid="SBAC-3|OA|NA" ftitemcount="0" minftitems="0">
        <identifier version="4" name="3|OA|NA|A-4" uniqueid="SBAC-3|OA|NA|A-4"/>
      </bpelement>
      <bpelement maxftitems="0" opitemcount="2" elementtype="contentlevel" minopitems="0" maxopitems="2" parentid="SBAC-2" ftitemcount="0" minftitems="0">
        <identifier version="4" name="2|NF" uniqueid="SBAC-2|NF"/>
      </bpelement>
      <bpelement maxftitems="0" opitemcount="1" elementtype="contentlevel" minopitems="0" maxopitems="1" parentid="SBAC-3" ftitemcount="0" minftitems="0">
        <identifier version="4" name="3|OA" uniqueid="SBAC-3|OA"/>
      </bpelement>
      <bpelement maxftitems="0" opitemcount="1" elementtype="contentlevel" minopitems="0" maxopitems="1" parentid="SBAC-3|NF|NA" ftitemcount="0" minftitems="0">
        <identifier version="4" name="3|NF|NA|F-4" uniqueid="SBAC-3|NF|NA|F-4"/>
      </bpelement>
      <bpelement maxftitems="0" opitemcount="1" elementtype="contentlevel" minopitems="0" maxopitems="1" parentid="SBAC-4|NF" ftitemcount="0" minftitems="0">
        <identifier version="4" name="4|NF|NA" uniqueid="SBAC-4|NF|NA"/>
      </bpelement>
      <bpelement maxftitems="0" opitemcount="1" elementtype="contentlevel" minopitems="0" maxopitems="1" parentid="SBAC-2" ftitemcount="0" minftitems="0">
        <identifier version="4" name="2|NBT" uniqueid="SBAC-2|NBT"/>
      </bpelement>
      <bpelement maxftitems="0" opitemcount="5" elementtype="strand" minopitems="0" maxopitems="5" ftitemcount="0" minftitems="0">
        <identifier version="4" name="1" uniqueid="SBAC-1"/>
      </bpelement>
      <bpelement maxftitems="0" opitemcount="3" elementtype="strand" minopitems="0" maxopitems="3" ftitemcount="0" minftitems="0">
        <identifier version="4" name="2" uniqueid="SBAC-2"/>
      </bpelement>
      <bpelement maxftitems="0" opitemcount="2" elementtype="strand" minopitems="0" maxopitems="2" ftitemcount="0" minftitems="0">
        <identifier version="4" name="3" uniqueid="SBAC-3"/>
      </bpelement>
      <bpelement maxftitems="0" opitemcount="3" elementtype="strand" minopitems="0" maxopitems="3" ftitemcount="0" minftitems="0">
        <identifier version="4" name="4" uniqueid="SBAC-4"/>
      </bpelement>
      <bpelement maxftitems="0" opitemcount="1" elementtype="contentlevel" minopitems="0" maxopitems="1" parentid="SBAC-1|P|TS01" ftitemcount="0" minftitems="0">
        <identifier version="4" name="1|P|TS01|F-4" uniqueid="SBAC-1|P|TS01|F-4"/>
      </bpelement>
      <bpelement maxftitems="0" opitemcount="1" elementtype="contentlevel" minopitems="0" maxopitems="1" parentid="SBAC-4|OA|NA" ftitemcount="0" minftitems="0">
        <identifier version="4" name="4|OA|NA|E-4" uniqueid="SBAC-4|OA|NA|E-4"/>
      </bpelement>
      <bpelement maxftitems="0" opitemcount="1" elementtype="contentlevel" minopitems="0" maxopitems="1" parentid="SBAC-3" ftitemcount="0" minftitems="0">
        <identifier version="4" name="3|NF" uniqueid="SBAC-3|NF"/>
      </bpelement>
      <bpelement maxftitems="0" opitemcount="1" elementtype="contentlevel" minopitems="0" maxopitems="1" parentid="SBAC-2|NBT" ftitemcount="0" minftitems="0">
        <identifier version="4" name="2|NBT|NA" uniqueid="SBAC-2|NBT|NA"/>
      </bpelement>
      <bpelement maxftitems="0" opitemcount="1" elementtype="contentlevel" minopitems="0" maxopitems="1" parentid="SBAC-3|OA" ftitemcount="0" minftitems="0">
        <identifier version="4" name="3|OA|NA" uniqueid="SBAC-3|OA|NA"/>
      </bpelement>
      <bpelement maxftitems="0" opitemcount="1" elementtype="contentlevel" minopitems="0" maxopitems="1" parentid="SBAC-4|NF|NA" ftitemcount="0" minftitems="0">
        <identifier version="4" name="4|NF|NA|F-4" uniqueid="SBAC-4|NF|NA|F-4"/>
      </bpelement>
      <bpelement maxftitems="0" opitemcount="1" elementtype="contentlevel" minopitems="0" maxopitems="1" parentid="SBAC-1|P|TS01" ftitemcount="0" minftitems="0">
        <identifier version="4" name="1|P|TS01|A-4" uniqueid="SBAC-1|P|TS01|A-4"/>
      </bpelement>
    </testblueprint>
    <itempool>
      <testitem itemtype="EQ" filename="item-200-183216.xml">
        <identifier version="4" uniqueid="200-183216"/>
        <bpref>(SBAC)SBAC-ICA-IRP-MATH-FIXED-4-2020-2021</bpref>
        <bpref>SBAC-4</bpref>
        <bpref>SBAC-4|MD</bpref>
        <bpref>SBAC-4|MD|NA</bpref>
        <bpref>SBAC-4|MD|NA|D-4</bpref>
        <poolproperty label="English" value="ENU" property="Language"/>
        <poolproperty label="Braille" value="ENU-Braille" property="Language"/>
        <poolproperty label="Spanish" value="ESN" property="Language"/>
        <poolproperty label="ItemType = EQ" value="EQ" property="--ITEMTYPE--"/>
        <poolproperty label="Answer Key = EQ" value="EQ" property="Answer Key"/>
        <poolproperty label="ASL = Y" value="Y" property="ASL"/>
        <poolproperty label="Braille = PRN" value="PRN" property="Braille"/>
        <poolproperty label="Depth of Knowledge = 2" value="2" property="Depth of Knowledge"/>
        <poolproperty label="Grade = 4" value="4" property="Grade"/>
        <poolproperty label="Scoring Engine = Automatic with Machine Rubric" value="Automatic with Machine Rubric" property="Scoring Engine"/>
        <itemscoredimension measurementmodel="IRT3PLn" weight="1.0" scorepoints="1">
          <itemscoreparameter value="1.22559" measurementparameter="a"/>
          <itemscoreparameter value="1.17648" measurementparameter="b"/>
          <itemscoreparameter value="0.0" measurementparameter="c"/>
        </itemscoredimension>
      </testitem>
      <testitem itemtype="EQ" filename="item-200-183389.xml">
        <identifier version="4" uniqueid="200-183389"/>
        <bpref>(SBAC)SBAC-ICA-IRP-MATH-FIXED-4-2020-2021</bpref>
        <bpref>SBAC-2</bpref>
        <bpref>SBAC-2|NF</bpref>
        <bpref>SBAC-2|NF|NA</bpref>
        <bpref>SBAC-2|NF|NA|A-4</bpref>
        <poolproperty label="English" value="ENU" property="Language"/>
        <poolproperty label="Braille" value="ENU-Braille" property="Language"/>
        <poolproperty label="Spanish" value="ESN" property="Language"/>
        <poolproperty label="ItemType = EQ" value="EQ" property="--ITEMTYPE--"/>
        <poolproperty label="Answer Key = EQ" value="EQ" property="Answer Key"/>
        <poolproperty label="ASL = Y" value="Y" property="ASL"/>
        <poolproperty label="Braille = BRF" value="BRF" property="Braille"/>
        <poolproperty label="Depth of Knowledge = 2" value="2" property="Depth of Knowledge"/>
        <poolproperty label="Grade = 4" value="4" property="Grade"/>
        <poolproperty label="Scoring Engine = Automatic with Machine Rubric" value="Automatic with Machine Rubric" property="Scoring Engine"/>
        <itemscoredimension measurementmodel="IRT3PLn" weight="1.0" scorepoints="1">
          <itemscoreparameter value="0.9596" measurementparameter="a"/>
          <itemscoreparameter value="0.2066" measurementparameter="b"/>
          <itemscoreparameter value="0.0" measurementparameter="c"/>
        </itemscoredimension>
      </testitem>
      <testitem itemtype="EQ" filename="item-200-183413.xml">
        <identifier version="4" uniqueid="200-183413"/>
        <bpref>(SBAC)SBAC-ICA-IRP-MATH-FIXED-4-2020-2021</bpref>
        <bpref>SBAC-2</bpref>
        <bpref>SBAC-2|NBT</bpref>
        <bpref>SBAC-2|NBT|NA</bpref>
        <bpref>SBAC-2|NBT|NA|A-4</bpref>
        <poolproperty label="English" value="ENU" property="Language"/>
        <poolproperty label="Braille" value="ENU-Braille" property="Language"/>
        <poolproperty label="Spanish" value="ESN" property="Language"/>
        <poolproperty label="ItemType = EQ" value="EQ" property="--ITEMTYPE--"/>
        <poolproperty label="Answer Key = EQ" value="EQ" property="Answer Key"/>
        <poolproperty label="ASL = Y" value="Y" property="ASL"/>
        <poolproperty label="Braille = BRF" value="BRF" property="Braille"/>
        <poolproperty label="Depth of Knowledge = 2" value="2" property="Depth of Knowledge"/>
        <poolproperty label="Grade = 4" value="4" property="Grade"/>
        <poolproperty label="Scoring Engine = Automatic with Machine Rubric" value="Automatic with Machine Rubric" property="Scoring Engine"/>
        <itemscoredimension measurementmodel="IRTGPC" weight="1.0" scorepoints="2">
          <itemscoreparameter value="0.7543" measurementparameter="a"/>
          <itemscoreparameter value="1.4088" measurementparameter="b0"/>
          <itemscoreparameter value="-0.8522" measurementparameter="b1"/>
        </itemscoredimension>
      </testitem>
      <testitem itemtype="GI" filename="item-200-183419.xml">
        <identifier version="4" uniqueid="200-183419"/>
        <bpref>(SBAC)SBAC-ICA-IRP-MATH-FIXED-4-2020-2021</bpref>
        <bpref>SBAC-1</bpref>
        <bpref>SBAC-1|P</bpref>
        <bpref>SBAC-1|P|TS01</bpref>
        <bpref>SBAC-1|P|TS01|F-4</bpref>
        <poolproperty label="English" value="ENU" property="Language"/>
        <poolproperty label="Spanish" value="ESN" property="Language"/>
        <poolproperty label="ItemType = GI" value="GI" property="--ITEMTYPE--"/>
        <poolproperty label="Answer Key = GI" value="GI" property="Answer Key"/>
        <poolproperty label="ASL = Y" value="Y" property="ASL"/>
        <poolproperty label="Depth of Knowledge = 2" value="2" property="Depth of Knowledge"/>
        <poolproperty label="Grade = 4" value="4" property="Grade"/>
        <poolproperty label="Scoring Engine = Automatic with Machine Rubric" value="Automatic with Machine Rubric" property="Scoring Engine"/>
        <itemscoredimension measurementmodel="IRT3PLn" weight="1.0" scorepoints="1">
          <itemscoreparameter value="1.5494" measurementparameter="a"/>
          <itemscoreparameter value="-0.0668" measurementparameter="b"/>
          <itemscoreparameter value="0.0" measurementparameter="c"/>
        </itemscoredimension>
      </testitem>
      <testitem itemtype="EQ" filename="item-200-183421.xml">
        <identifier version="4" uniqueid="200-183421"/>
        <bpref>(SBAC)SBAC-ICA-IRP-MATH-FIXED-4-2020-2021</bpref>
        <bpref>SBAC-1</bpref>
        <bpref>SBAC-1|P</bpref>
        <bpref>SBAC-1|P|TS02</bpref>
        <bpref>SBAC-1|P|TS02|G-4</bpref>
        <poolproperty label="English" value="ENU" property="Language"/>
        <poolproperty label="Braille" value="ENU-Braille" property="Language"/>
        <poolproperty label="Spanish" value="ESN" property="Language"/>
        <poolproperty label="ItemType = EQ" value="EQ" property="--ITEMTYPE--"/>
        <poolproperty label="Answer Key = EQ" value="EQ" property="Answer Key"/>
        <poolproperty label="ASL = Y" value="Y" property="ASL"/>
        <poolproperty label="Braille = BRF" value="BRF" property="Braille"/>
        <poolproperty label="Depth of Knowledge = 2" value="2" property="Depth of Knowledge"/>
        <poolproperty label="Grade = 4" value="4" property="Grade"/>
        <poolproperty label="Scoring Engine = Automatic with Machine Rubric" value="Automatic with Machine Rubric" property="Scoring Engine"/>
        <itemscoredimension measurementmodel="IRT3PLn" weight="1.0" scorepoints="1">
          <itemscoreparameter value="1.4138" measurementparameter="a"/>
          <itemscoreparameter value="0.5945" measurementparameter="b"/>
          <itemscoreparameter value="0.0" measurementparameter="c"/>
        </itemscoredimension>
      </testitem>
      <testitem itemtype="GI" filename="item-200-183443.xml">
        <identifier version="4" uniqueid="200-183443"/>
        <bpref>(SBAC)SBAC-ICA-IRP-MATH-FIXED-4-2020-2021</bpref>
        <bpref>SBAC-3</bpref>
        <bpref>SBAC-3|OA</bpref>
        <bpref>SBAC-3|OA|NA</bpref>
        <bpref>SBAC-3|OA|NA|A-4</bpref>
        <poolproperty label="English" value="ENU" property="Language"/>
        <poolproperty label="Spanish" value="ESN" property="Language"/>
        <poolproperty label="ItemType = GI" value="GI" property="--ITEMTYPE--"/>
        <poolproperty label="Answer Key = GI" value="GI" property="Answer Key"/>
        <poolproperty label="ASL = Y" value="Y" property="ASL"/>
        <poolproperty label="Depth of Knowledge = 2" value="2" property="Depth of Knowledge"/>
        <poolproperty label="Grade = 4" value="4" property="Grade"/>
        <poolproperty label="Scoring Engine = Automatic with Machine Rubric" value="Automatic with Machine Rubric" property="Scoring Engine"/>
        <itemscoredimension measurementmodel="IRT3PLn" weight="1.0" scorepoints="1">
          <itemscoreparameter value="1.0939" measurementparameter="a"/>
          <itemscoreparameter value="-0.9012" measurementparameter="b"/>
          <itemscoreparameter value="0.0" measurementparameter="c"/>
        </itemscoredimension>
      </testitem>
      <testitem itemtype="EQ" filename="item-200-183451.xml">
        <identifier version="4" uniqueid="200-183451"/>
        <bpref>(SBAC)SBAC-ICA-IRP-MATH-FIXED-4-2020-2021</bpref>
        <bpref>SBAC-4</bpref>
        <bpref>SBAC-4|NF</bpref>
        <bpref>SBAC-4|NF|NA</bpref>
        <bpref>SBAC-4|NF|NA|F-4</bpref>
        <poolproperty label="English" value="ENU" property="Language"/>
        <poolproperty label="Braille" value="ENU-Braille" property="Language"/>
        <poolproperty label="Spanish" value="ESN" property="Language"/>
        <poolproperty label="ItemType = EQ" value="EQ" property="--ITEMTYPE--"/>
        <poolproperty label="Answer Key = EQ" value="EQ" property="Answer Key"/>
        <poolproperty label="ASL = Y" value="Y" property="ASL"/>
        <poolproperty label="Braille = BRF" value="BRF" property="Braille"/>
        <poolproperty label="Depth of Knowledge = 2" value="2" property="Depth of Knowledge"/>
        <poolproperty label="Grade = 4" value="4" property="Grade"/>
        <poolproperty label="Scoring Engine = Automatic with Machine Rubric" value="Automatic with Machine Rubric" property="Scoring Engine"/>
        <itemscoredimension measurementmodel="IRT3PLn" weight="1.0" scorepoints="1">
          <itemscoreparameter value="0.9959" measurementparameter="a"/>
          <itemscoreparameter value="1.021" measurementparameter="b"/>
          <itemscoreparameter value="0.0" measurementparameter="c"/>
        </itemscoredimension>
      </testitem>
      <testitem itemtype="EQ" filename="item-200-183467.xml">
        <identifier version="4" uniqueid="200-183467"/>
        <bpref>(SBAC)SBAC-ICA-IRP-MATH-FIXED-4-2020-2021</bpref>
        <bpref>SBAC-1</bpref>
        <bpref>SBAC-1|P</bpref>
        <bpref>SBAC-1|P|TS01</bpref>
        <bpref>SBAC-1|P|TS01|A-4</bpref>
        <poolproperty label="English" value="ENU" property="Language"/>
        <poolproperty label="Braille" value="ENU-Braille" property="Language"/>
        <poolproperty label="Spanish" value="ESN" property="Language"/>
        <poolproperty label="ItemType = EQ" value="EQ" property="--ITEMTYPE--"/>
        <poolproperty label="Answer Key = EQ" value="EQ" property="Answer Key"/>
        <poolproperty label="ASL = Y" value="Y" property="ASL"/>
        <poolproperty label="Braille = BRF" value="BRF" property="Braille"/>
        <poolproperty label="Depth of Knowledge = 1" value="1" property="Depth of Knowledge"/>
        <poolproperty label="Grade = 4" value="4" property="Grade"/>
        <poolproperty label="Scoring Engine = Automatic with Machine Rubric" value="Automatic with Machine Rubric" property="Scoring Engine"/>
        <itemscoredimension measurementmodel="IRT3PLn" weight="1.0" scorepoints="1">
          <itemscoreparameter value="1.7951" measurementparameter="a"/>
          <itemscoreparameter value="-1.5534" measurementparameter="b"/>
          <itemscoreparameter value="0.0" measurementparameter="c"/>
        </itemscoredimension>
      </testitem>
      <testitem itemtype="MC" filename="item-200-183525.xml">
        <identifier version="4" uniqueid="200-183525"/>
        <bpref>(SBAC)SBAC-ICA-IRP-MATH-FIXED-4-2020-2021</bpref>
        <bpref>SBAC-4</bpref>
        <bpref>SBAC-4|OA</bpref>
        <bpref>SBAC-4|OA|NA</bpref>
        <bpref>SBAC-4|OA|NA|E-4</bpref>
        <poolproperty label="English" value="ENU" property="Language"/>
        <poolproperty label="Braille" value="ENU-Braille" property="Language"/>
        <poolproperty label="Spanish" value="ESN" property="Language"/>
        <poolproperty label="ItemType = MC" value="MC" property="--ITEMTYPE--"/>
        <poolproperty label="Answer Key = D" value="D" property="Answer Key"/>
        <poolproperty label="ASL = Y" value="Y" property="ASL"/>
        <poolproperty label="Braille = BRF" value="BRF" property="Braille"/>
        <poolproperty label="Depth of Knowledge = 2" value="2" property="Depth of Knowledge"/>
        <poolproperty label="Grade = 4" value="4" property="Grade"/>
        <poolproperty label="Scoring Engine = Automatic with Key" value="Automatic with Key" property="Scoring Engine"/>
        <itemscoredimension measurementmodel="IRT3PLn" weight="1.0" scorepoints="1">
          <itemscoreparameter value="1.0239" measurementparameter="a"/>
          <itemscoreparameter value="-1.7343" measurementparameter="b"/>
          <itemscoreparameter value="0.0" measurementparameter="c"/>
        </itemscoredimension>
      </testitem>
      <testitem itemtype="MI" filename="item-200-183529.xml">
        <identifier version="4" uniqueid="200-183529"/>
        <bpref>(SBAC)SBAC-ICA-IRP-MATH-FIXED-4-2020-2021</bpref>
        <bpref>SBAC-1</bpref>
        <bpref>SBAC-1|P</bpref>
        <bpref>SBAC-1|P|TS03</bpref>
        <bpref>SBAC-1|P|TS03|D-4</bpref>
        <poolproperty label="English" value="ENU" property="Language"/>
        <poolproperty label="Braille" value="ENU-Braille" property="Language"/>
        <poolproperty label="Spanish" value="ESN" property="Language"/>
        <poolproperty label="ItemType = MI" value="MI" property="--ITEMTYPE--"/>
        <poolproperty label="Answer Key = MI" value="MI" property="Answer Key"/>
        <poolproperty label="ASL = Y" value="Y" property="ASL"/>
        <poolproperty label="Braille = BRF" value="BRF" property="Braille"/>
        <poolproperty label="Depth of Knowledge = 2" value="2" property="Depth of Knowledge"/>
        <poolproperty label="Grade = 4" value="4" property="Grade"/>
        <poolproperty label="Scoring Engine = Automatic with Machine Rubric" value="Automatic with Machine Rubric" property="Scoring Engine"/>
        <itemscoredimension measurementmodel="IRT3PLn" weight="1.0" scorepoints="1">
          <itemscoreparameter value="0.3779" measurementparameter="a"/>
          <itemscoreparameter value="-0.3138" measurementparameter="b"/>
          <itemscoreparameter value="0.0" measurementparameter="c"/>
        </itemscoredimension>
      </testitem>
      <testitem itemtype="MI" filename="item-200-183531.xml">
        <identifier version="4" uniqueid="200-183531"/>
        <bpref>(SBAC)SBAC-ICA-IRP-MATH-FIXED-4-2020-2021</bpref>
        <bpref>SBAC-1</bpref>
        <bpref>SBAC-1|P</bpref>
        <bpref>SBAC-1|P|TS02</bpref>
        <bpref>SBAC-1|P|TS02|G-4</bpref>
        <poolproperty label="English" value="ENU" property="Language"/>
        <poolproperty label="Braille" value="ENU-Braille" property="Language"/>
        <poolproperty label="Spanish" value="ESN" property="Language"/>
        <poolproperty label="ItemType = MI" value="MI" property="--ITEMTYPE--"/>
        <poolproperty label="Answer Key = MI" value="MI" property="Answer Key"/>
        <poolproperty label="ASL = Y" value="Y" property="ASL"/>
        <poolproperty label="Braille = BRF" value="BRF" property="Braille"/>
        <poolproperty label="Depth of Knowledge = 2" value="2" property="Depth of Knowledge"/>
        <poolproperty label="Grade = 4" value="4" property="Grade"/>
        <poolproperty label="Scoring Engine = Automatic with Machine Rubric" value="Automatic with Machine Rubric" property="Scoring Engine"/>
        <itemscoredimension measurementmodel="IRT3PLn" weight="1.0" scorepoints="1">
          <itemscoreparameter value="0.5299" measurementparameter="a"/>
          <itemscoreparameter value="-0.0087" measurementparameter="b"/>
          <itemscoreparameter value="0.0" measurementparameter="c"/>
        </itemscoredimension>
      </testitem>
      <testitem itemtype="MC" filename="item-200-183571.xml">
        <identifier version="4" uniqueid="200-183571"/>
        <bpref>(SBAC)SBAC-ICA-IRP-MATH-FIXED-4-2020-2021</bpref>
        <bpref>SBAC-2</bpref>
        <bpref>SBAC-2|NF</bpref>
        <bpref>SBAC-2|NF|NA</bpref>
        <bpref>SBAC-2|NF|NA|C-4</bpref>
        <poolproperty label="English" value="ENU" property="Language"/>
        <poolproperty label="Braille" value="ENU-Braille" property="Language"/>
        <poolproperty label="Spanish" value="ESN" property="Language"/>
        <poolproperty label="ItemType = MC" value="MC" property="--ITEMTYPE--"/>
        <poolproperty label="Answer Key = C" value="C" property="Answer Key"/>
        <poolproperty label="ASL = Y" value="Y" property="ASL"/>
        <poolproperty label="Braille = BRF" value="BRF" property="Braille"/>
        <poolproperty label="Depth of Knowledge = 2" value="2" property="Depth of Knowledge"/>
        <poolproperty label="Grade = 4" value="4" property="Grade"/>
        <poolproperty label="Scoring Engine = Automatic with Key" value="Automatic with Key" property="Scoring Engine"/>
        <itemscoredimension measurementmodel="IRT3PLn" weight="1.0" scorepoints="1">
          <itemscoreparameter value="0.5717" measurementparameter="a"/>
          <itemscoreparameter value="-0.0033" measurementparameter="b"/>
          <itemscoreparameter value="0.0" measurementparameter="c"/>
        </itemscoredimension>
      </testitem>
      <testitem itemtype="MS" filename="item-200-183637.xml">
        <identifier version="4" uniqueid="200-183637"/>
        <bpref>(SBAC)SBAC-ICA-IRP-MATH-FIXED-4-2020-2021</bpref>
        <bpref>SBAC-3</bpref>
        <bpref>SBAC-3|NF</bpref>
        <bpref>SBAC-3|NF|NA</bpref>
        <bpref>SBAC-3|NF|NA|F-4</bpref>
        <poolproperty label="English" value="ENU" property="Language"/>
        <poolproperty label="Braille" value="ENU-Braille" property="Language"/>
        <poolproperty label="Spanish" value="ESN" property="Language"/>
        <poolproperty label="ItemType = MS" value="MS" property="--ITEMTYPE--"/>
        <poolproperty label="Answer Key = A,C" value="A,C" property="Answer Key"/>
        <poolproperty label="ASL = Y" value="Y" property="ASL"/>
        <poolproperty label="Braille = PRN" value="PRN" property="Braille"/>
        <poolproperty label="Depth of Knowledge = 2" value="2" property="Depth of Knowledge"/>
        <poolproperty label="Grade = 4" value="4" property="Grade"/>
        <poolproperty label="Scoring Engine = Automatic with Key(s)" value="Automatic with Key(s)" property="Scoring Engine"/>
        <itemscoredimension measurementmodel="IRT3PLn" weight="1.0" scorepoints="1">
          <itemscoreparameter value="1.051" measurementparameter="a"/>
          <itemscoreparameter value="-0.3244" measurementparameter="b"/>
          <itemscoreparameter value="0.0" measurementparameter="c"/>
        </itemscoredimension>
      </testitem>
    </itempool>
    <testform length="13">
      <identifier version="4" name="(SBAC)SBAC-ICA-IRP-MATH-FIXED-4-2020-2021:Default-ESN" uniqueid="(SBAC)SBAC-ICA-IRP-MATH-FIXED-4-2020-2021:Default-ESN"/>
      <property label="Spanish" name="Language" value="ESN"/>
      <formpartition>
        <identifier version="4" name="Grade 4 MATH - IRP Comprehensive Assessment (ICA)::SPA" uniqueid="200-1191383011"/>
        <itemgroup formposition="1" maxresponses="0" maxitems="ALL">
          <identifier version="4" name="200-1191383011:I-200-183216" uniqueid="200-1191383011:I-200-183216"/>
          <groupitem blockid="A" groupposition="1" isfieldtest="false" responserequired="true" formposition="1" adminrequired="true" itemid="200-183216" isactive="true"/>
        </itemgroup>
        <itemgroup formposition="2" maxresponses="0" maxitems="ALL">
          <identifier version="4" name="200-1191383011:I-200-183389" uniqueid="200-1191383011:I-200-183389"/>
          <groupitem blockid="A" groupposition="1" isfieldtest="false" responserequired="true" formposition="2" adminrequired="true" itemid="200-183389" isactive="true"/>
        </itemgroup>
        <itemgroup formposition="3" maxresponses="0" maxitems="ALL">
          <identifier version="4" name="200-1191383011:I-200-183413" uniqueid="200-1191383011:I-200-183413"/>
          <groupitem blockid="A" groupposition="1" isfieldtest="false" responserequired="true" formposition="3" adminrequired="true" itemid="200-183413" isactive="true"/>
        </itemgroup>
        <itemgroup formposition="4" maxresponses="0" maxitems="ALL">
          <identifier version="4" name="200-1191383011:I-200-183419" uniqueid="200-1191383011:I-200-183419"/>
          <groupitem blockid="A" groupposition="1" isfieldtest="false" responserequired="true" formposition="4" adminrequired="true" itemid="200-183419" isactive="true"/>
        </itemgroup>
        <itemgroup formposition="5" maxresponses="0" maxitems="ALL">
          <identifier version="4" name="200-1191383011:I-200-183421" uniqueid="200-1191383011:I-200-183421"/>
          <groupitem blockid="A" groupposition="1" isfieldtest="false" responserequired="true" formposition="5" adminrequired="true" itemid="200-183421" isactive="true"/>
        </itemgroup>
        <itemgroup formposition="6" maxresponses="0" maxitems="ALL">
          <identifier version="4" name="200-1191383011:I-200-183443" uniqueid="200-1191383011:I-200-183443"/>
          <groupitem blockid="A" groupposition="1" isfieldtest="false" responserequired="true" formposition="6" adminrequired="true" itemid="200-183443" isactive="true"/>
        </itemgroup>
        <itemgroup formposition="7" maxresponses="0" maxitems="ALL">
          <identifier version="4" name="200-1191383011:I-200-183451" uniqueid="200-1191383011:I-200-183451"/>
          <groupitem blockid="A" groupposition="1" isfieldtest="false" responserequired="true" formposition="7" adminrequired="true" itemid="200-183451" isactive="true"/>
        </itemgroup>
        <itemgroup formposition="8" maxresponses="0" maxitems="ALL">
          <identifier version="4" name="200-1191383011:I-200-183467" uniqueid="200-1191383011:I-200-183467"/>
          <groupitem blockid="A" groupposition="1" isfieldtest="false" responserequired="true" formposition="8" adminrequired="true" itemid="200-183467" isactive="true"/>
        </itemgroup>
        <itemgroup formposition="9" maxresponses="0" maxitems="ALL">
          <identifier version="4" name="200-1191383011:I-200-183525" uniqueid="200-1191383011:I-200-183525"/>
          <groupitem blockid="A" groupposition="1" isfieldtest="false" responserequired="true" formposition="9" adminrequired="true" itemid="200-183525" isactive="true"/>
        </itemgroup>
        <itemgroup formposition="10" maxresponses="0" maxitems="ALL">
          <identifier version="4" name="200-1191383011:I-200-183529" uniqueid="200-1191383011:I-200-183529"/>
          <groupitem blockid="A" groupposition="1" isfieldtest="false" responserequired="true" formposition="10" adminrequired="true" itemid="200-183529" isactive="true"/>
        </itemgroup>
        <itemgroup formposition="11" maxresponses="0" maxitems="ALL">
          <identifier version="4" name="200-1191383011:I-200-183531" uniqueid="200-1191383011:I-200-183531"/>
          <groupitem blockid="A" groupposition="1" isfieldtest="false" responserequired="true" formposition="11" adminrequired="true" itemid="200-183531" isactive="true"/>
        </itemgroup>
        <itemgroup formposition="12" maxresponses="0" maxitems="ALL">
          <identifier version="4" name="200-1191383011:I-200-183571" uniqueid="200-1191383011:I-200-183571"/>
          <groupitem blockid="A" groupposition="1" isfieldtest="false" responserequired="true" formposition="12" adminrequired="true" itemid="200-183571" isactive="true"/>
        </itemgroup>
        <itemgroup formposition="13" maxresponses="0" maxitems="ALL">
          <identifier version="4" name="200-1191383011:I-200-183637" uniqueid="200-1191383011:I-200-183637"/>
          <groupitem blockid="A" groupposition="1" isfieldtest="false" responserequired="true" formposition="13" adminrequired="true" itemid="200-183637" isactive="true"/>
        </itemgroup>
      </formpartition>
    </testform>
    <testform length="13">
      <identifier version="4" name="(SBAC)SBAC-ICA-IRP-MATH-FIXED-4-2020-2021:Default-ENU" uniqueid="(SBAC)SBAC-ICA-IRP-MATH-FIXED-4-2020-2021:Default-ENU"/>
      <property label="English" name="Language" value="ENU"/>
      <formpartition>
        <identifier version="4" name="Grade 4 MATH - IRP Comprehensive Assessment (ICA)::ENU" uniqueid="200-1191396507"/>
        <itemgroup formposition="1" maxresponses="0" maxitems="ALL">
          <identifier version="4" name="200-1191396507:I-200-183216" uniqueid="200-1191396507:I-200-183216"/>
          <groupitem blockid="A" groupposition="1" isfieldtest="false" responserequired="true" formposition="1" adminrequired="true" itemid="200-183216" isactive="true"/>
        </itemgroup>
        <itemgroup formposition="2" maxresponses="0" maxitems="ALL">
          <identifier version="4" name="200-1191396507:I-200-183389" uniqueid="200-1191396507:I-200-183389"/>
          <groupitem blockid="A" groupposition="1" isfieldtest="false" responserequired="true" formposition="2" adminrequired="true" itemid="200-183389" isactive="true"/>
        </itemgroup>
        <itemgroup formposition="3" maxresponses="0" maxitems="ALL">
          <identifier version="4" name="200-1191396507:I-200-183413" uniqueid="200-1191396507:I-200-183413"/>
          <groupitem blockid="A" groupposition="1" isfieldtest="false" responserequired="true" formposition="3" adminrequired="true" itemid="200-183413" isactive="true"/>
        </itemgroup>
        <itemgroup formposition="4" maxresponses="0" maxitems="ALL">
          <identifier version="4" name="200-1191396507:I-200-183419" uniqueid="200-1191396507:I-200-183419"/>
          <groupitem blockid="A" groupposition="1" isfieldtest="false" responserequired="true" formposition="4" adminrequired="true" itemid="200-183419" isactive="true"/>
        </itemgroup>
        <itemgroup formposition="5" maxresponses="0" maxitems="ALL">
          <identifier version="4" name="200-1191396507:I-200-183421" uniqueid="200-1191396507:I-200-183421"/>
          <groupitem blockid="A" groupposition="1" isfieldtest="false" responserequired="true" formposition="5" adminrequired="true" itemid="200-183421" isactive="true"/>
        </itemgroup>
        <itemgroup formposition="6" maxresponses="0" maxitems="ALL">
          <identifier version="4" name="200-1191396507:I-200-183443" uniqueid="200-1191396507:I-200-183443"/>
          <groupitem blockid="A" groupposition="1" isfieldtest="false" responserequired="true" formposition="6" adminrequired="true" itemid="200-183443" isactive="true"/>
        </itemgroup>
        <itemgroup formposition="7" maxresponses="0" maxitems="ALL">
          <identifier version="4" name="200-1191396507:I-200-183451" uniqueid="200-1191396507:I-200-183451"/>
          <groupitem blockid="A" groupposition="1" isfieldtest="false" responserequired="true" formposition="7" adminrequired="true" itemid="200-183451" isactive="true"/>
        </itemgroup>
        <itemgroup formposition="8" maxresponses="0" maxitems="ALL">
          <identifier version="4" name="200-1191396507:I-200-183467" uniqueid="200-1191396507:I-200-183467"/>
          <groupitem blockid="A" groupposition="1" isfieldtest="false" responserequired="true" formposition="8" adminrequired="true" itemid="200-183467" isactive="true"/>
        </itemgroup>
        <itemgroup formposition="9" maxresponses="0" maxitems="ALL">
          <identifier version="4" name="200-1191396507:I-200-183525" uniqueid="200-1191396507:I-200-183525"/>
          <groupitem blockid="A" groupposition="1" isfieldtest="false" responserequired="true" formposition="9" adminrequired="true" itemid="200-183525" isactive="true"/>
        </itemgroup>
        <itemgroup formposition="10" maxresponses="0" maxitems="ALL">
          <identifier version="4" name="200-1191396507:I-200-183529" uniqueid="200-1191396507:I-200-183529"/>
          <groupitem blockid="A" groupposition="1" isfieldtest="false" responserequired="true" formposition="10" adminrequired="true" itemid="200-183529" isactive="true"/>
        </itemgroup>
        <itemgroup formposition="11" maxresponses="0" maxitems="ALL">
          <identifier version="4" name="200-1191396507:I-200-183531" uniqueid="200-1191396507:I-200-183531"/>
          <groupitem blockid="A" groupposition="1" isfieldtest="false" responserequired="true" formposition="11" adminrequired="true" itemid="200-183531" isactive="true"/>
        </itemgroup>
        <itemgroup formposition="12" maxresponses="0" maxitems="ALL">
          <identifier version="4" name="200-1191396507:I-200-183571" uniqueid="200-1191396507:I-200-183571"/>
          <groupitem blockid="A" groupposition="1" isfieldtest="false" responserequired="true" formposition="12" adminrequired="true" itemid="200-183571" isactive="true"/>
        </itemgroup>
        <itemgroup formposition="13" maxresponses="0" maxitems="ALL">
          <identifier version="4" name="200-1191396507:I-200-183637" uniqueid="200-1191396507:I-200-183637"/>
          <groupitem blockid="A" groupposition="1" isfieldtest="false" responserequired="true" formposition="13" adminrequired="true" itemid="200-183637" isactive="true"/>
        </itemgroup>
      </formpartition>
    </testform>
    <testform length="11">
      <identifier version="4" name="(SBAC)SBAC-ICA-IRP-MATH-FIXED-4-2020-2021:Default-ENU-Braille" uniqueid="(SBAC)SBAC-ICA-IRP-MATH-FIXED-4-2020-2021:Default-ENU-Braille"/>
      <property label="Braille" name="Language" value="ENU-Braille"/>
      <formpartition>
        <identifier version="4" name="Grade 4 MATH - IRP Comprehensive Assessment (ICA)::BRL" uniqueid="200-1191399275"/>
        <itemgroup formposition="1" maxresponses="0" maxitems="ALL">
          <identifier version="4" name="200-1191399275:I-200-183216" uniqueid="200-1191399275:I-200-183216"/>
          <groupitem blockid="A" groupposition="1" isfieldtest="false" responserequired="true" formposition="1" adminrequired="true" itemid="200-183216" isactive="true"/>
        </itemgroup>
        <itemgroup formposition="2" maxresponses="0" maxitems="ALL">
          <identifier version="4" name="200-1191399275:I-200-183389" uniqueid="200-1191399275:I-200-183389"/>
          <groupitem blockid="A" groupposition="1" isfieldtest="false" responserequired="true" formposition="2" adminrequired="true" itemid="200-183389" isactive="true"/>
        </itemgroup>
        <itemgroup formposition="3" maxresponses="0" maxitems="ALL">
          <identifier version="4" name="200-1191399275:I-200-183413" uniqueid="200-1191399275:I-200-183413"/>
          <groupitem blockid="A" groupposition="1" isfieldtest="false" responserequired="true" formposition="3" adminrequired="true" itemid="200-183413" isactive="true"/>
        </itemgroup>
        <itemgroup formposition="4" maxresponses="0" maxitems="ALL">
          <identifier version="4" name="200-1191399275:I-200-183421" uniqueid="200-1191399275:I-200-183421"/>
          <groupitem blockid="A" groupposition="1" isfieldtest="false" responserequired="true" formposition="4" adminrequired="true" itemid="200-183421" isactive="true"/>
        </itemgroup>
        <itemgroup formposition="5" maxresponses="0" maxitems="ALL">
          <identifier version="4" name="200-1191399275:I-200-183451" uniqueid="200-1191399275:I-200-183451"/>
          <groupitem blockid="A" groupposition="1" isfieldtest="false" responserequired="true" formposition="5" adminrequired="true" itemid="200-183451" isactive="true"/>
        </itemgroup>
        <itemgroup formposition="6" maxresponses="0" maxitems="ALL">
          <identifier version="4" name="200-1191399275:I-200-183467" uniqueid="200-1191399275:I-200-183467"/>
          <groupitem blockid="A" groupposition="1" isfieldtest="false" responserequired="true" formposition="6" adminrequired="true" itemid="200-183467" isactive="true"/>
        </itemgroup>
        <itemgroup formposition="7" maxresponses="0" maxitems="ALL">
          <identifier version="4" name="200-1191399275:I-200-183525" uniqueid="200-1191399275:I-200-183525"/>
          <groupitem blockid="A" groupposition="1" isfieldtest="false" responserequired="true" formposition="7" adminrequired="true" itemid="200-183525" isactive="true"/>
        </itemgroup>
        <itemgroup formposition="8" maxresponses="0" maxitems="ALL">
          <identifier version="4" name="200-1191399275:I-200-183529" uniqueid="200-1191399275:I-200-183529"/>
          <groupitem blockid="A" groupposition="1" isfieldtest="false" responserequired="true" formposition="8" adminrequired="true" itemid="200-183529" isactive="true"/>
        </itemgroup>
        <itemgroup formposition="9" maxresponses="0" maxitems="ALL">
          <identifier version="4" name="200-1191399275:I-200-183531" uniqueid="200-1191399275:I-200-183531"/>
          <groupitem blockid="A" groupposition="1" isfieldtest="false" responserequired="true" formposition="9" adminrequired="true" itemid="200-183531" isactive="true"/>
        </itemgroup>
        <itemgroup formposition="10" maxresponses="0" maxitems="ALL">
          <identifier version="4" name="200-1191399275:I-200-183571" uniqueid="200-1191399275:I-200-183571"/>
          <groupitem blockid="A" groupposition="1" isfieldtest="false" responserequired="true" formposition="10" adminrequired="true" itemid="200-183571" isactive="true"/>
        </itemgroup>
        <itemgroup formposition="11" maxresponses="0" maxitems="ALL">
          <identifier version="4" name="200-1191399275:I-200-183637" uniqueid="200-1191399275:I-200-183637"/>
          <groupitem blockid="A" groupposition="1" isfieldtest="false" responserequired="true" formposition="11" adminrequired="true" itemid="200-183637" isactive="true"/>
        </itemgroup>
      </formpartition>
    </testform>
    <adminsegment position="1" segmentid="(SBAC)SBAC-ICA-IRP-MATH-FIXED-4-2020-2021" itemselection="fixedform">
      <segmentblueprint>
        <segmentbpelement bpelementid="SBAC-1|P|TS02|G-4" minopitems="0" maxopitems="2"/>
        <segmentbpelement bpelementid="SBAC-4|OA|NA" minopitems="0" maxopitems="1"/>
        <segmentbpelement bpelementid="SBAC-4|OA" minopitems="0" maxopitems="1"/>
        <segmentbpelement bpelementid="SBAC-1|P|TS02" minopitems="0" maxopitems="2"/>
        <segmentbpelement bpelementid="SBAC-1|P" minopitems="0" maxopitems="5"/>
        <segmentbpelement bpelementid="SBAC-1|P|TS03" minopitems="0" maxopitems="1"/>
        <segmentbpelement bpelementid="SBAC-4|MD" minopitems="0" maxopitems="1"/>
        <segmentbpelement bpelementid="SBAC-4|MD|NA|D-4" minopitems="0" maxopitems="1"/>
        <segmentbpelement bpelementid="SBAC-2|NBT|NA|A-4" minopitems="0" maxopitems="1"/>
        <segmentbpelement bpelementid="SBAC-4|MD|NA" minopitems="0" maxopitems="1"/>
        <segmentbpelement bpelementid="SBAC-1|P|TS01" minopitems="0" maxopitems="2"/>
        <segmentbpelement bpelementid="SBAC-2|NF|NA|A-4" minopitems="0" maxopitems="1"/>
        <segmentbpelement bpelementid="SBAC-3|NF|NA" minopitems="0" maxopitems="1"/>
        <segmentbpelement bpelementid="SBAC-2|NF|NA|C-4" minopitems="0" maxopitems="1"/>
        <segmentbpelement bpelementid="SBAC-2|NF|NA" minopitems="0" maxopitems="2"/>
        <segmentbpelement bpelementid="SBAC-1|P|TS03|D-4" minopitems="0" maxopitems="1"/>
        <segmentbpelement bpelementid="SBAC-3|OA|NA|A-4" minopitems="0" maxopitems="1"/>
        <segmentbpelement bpelementid="SBAC-4|NF" minopitems="0" maxopitems="1"/>
        <segmentbpelement bpelementid="SBAC-2|NF" minopitems="0" maxopitems="2"/>
        <segmentbpelement bpelementid="SBAC-3|OA" minopitems="0" maxopitems="1"/>
        <segmentbpelement bpelementid="SBAC-3|NF|NA|F-4" minopitems="0" maxopitems="1"/>
        <segmentbpelement bpelementid="SBAC-4|NF|NA" minopitems="0" maxopitems="1"/>
        <segmentbpelement bpelementid="SBAC-ICA-IRP-MATH-FIXED-4" minopitems="0" maxopitems="13"/>
        <segmentbpelement bpelementid="SBAC-2|NBT" minopitems="0" maxopitems="1"/>
        <segmentbpelement bpelementid="SBAC-1" minopitems="0" maxopitems="5"/>
        <segmentbpelement bpelementid="SBAC-2" minopitems="0" maxopitems="3"/>
        <segmentbpelement bpelementid="SBAC-3" minopitems="0" maxopitems="2"/>
        <segmentbpelement bpelementid="SBAC-4" minopitems="0" maxopitems="3"/>
        <segmentbpelement bpelementid="SBAC-1|P|TS01|F-4" minopitems="0" maxopitems="1"/>
        <segmentbpelement bpelementid="SBAC-4|OA|NA|E-4" minopitems="0" maxopitems="1"/>
        <segmentbpelement bpelementid="SBAC-3|NF" minopitems="0" maxopitems="1"/>
        <segmentbpelement bpelementid="SBAC-2|NBT|NA" minopitems="0" maxopitems="1"/>
        <segmentbpelement bpelementid="SBAC-3|OA|NA" minopitems="0" maxopitems="1"/>
        <segmentbpelement bpelementid="SBAC-4|NF|NA|F-4" minopitems="0" maxopitems="1"/>
        <segmentbpelement bpelementid="SBAC-1|P|TS01|A-4" minopitems="0" maxopitems="1"/>
      </segmentblueprint>
      <itemselector type="fixedform">
        <identifier version="4" label="FAIRWAY FIXEDFORM" name="FAIRWAY FIXEDFORM" uniqueid="FAIRWAY FIXEDFORM"/>
        <itemselectionparameter bpelementid="(SBAC)SBAC-ICA-IRP-MATH-FIXED-4-2020-2021">
          <property label="slope" name="slope" value="79.3"/>
          <property label="intercept" name="intercept" value="2514.9"/>
        </itemselectionparameter>
      </itemselector>
      <segmentform formpartitionid="200-1191396507"/>
      <segmentform formpartitionid="200-1191399275"/>
      <segmentform formpartitionid="200-1191383011"/>
    </adminsegment>
  </administration>
</testspecification>
