<testspecification version="1" purpose="administration" publishdate="Mar 27 2020 12:15AM" publisher="SBAC">
  <identifier version="5" label="Grade 7 MATH - Performance Task - IRP (ICA)" name="SBAC-ICA-IRP-MATH-PT-7" uniqueid="(SBAC)SBAC-ICA-IRP-MATH-PT-7-2020-2021"/>
  <property label="MATH" name="subject" value="MATH"/>
  <property label="interim" name="type" value="interim"/>
  <property label="7" name="grade" value="7"/>
  <administration>
    <testblueprint>
      <bpelement maxftitems="0" opitemcount="5" elementtype="test" minopitems="0" maxopitems="5" ftitemcount="0" minftitems="0">
        <identifier version="5" name="SBAC-ICA-IRP-MATH-PT-7" uniqueid="(SBAC)SBAC-ICA-IRP-MATH-PT-7-2020-2021"/>
      </bpelement>
      <bpelement maxftitems="0" opitemcount="5" elementtype="segment" minopitems="0" maxopitems="5" ftitemcount="0" minftitems="0">
        <identifier version="5" name="SBAC-ICA-IRP-MATH-PT-7" uniqueid="(SBAC)SBAC-ICA-IRP-MATH-PT-7-2020-2021"/>
      </bpelement>
      <bpelement maxftitems="0" opitemcount="1" elementtype="contentlevel" minopitems="0" maxopitems="1" parentid="SBAC-3|SP" ftitemcount="0" minftitems="0">
        <identifier version="5" name="3|SP|NA" uniqueid="SBAC-3|SP|NA"/>
      </bpelement>
      <bpelement maxftitems="0" opitemcount="2" elementtype="contentlevel" minopitems="0" maxopitems="2" parentid="SBAC-4|G|NA" ftitemcount="0" minftitems="0">
        <identifier version="5" name="4|G|NA|A-7" uniqueid="SBAC-4|G|NA|A-7"/>
      </bpelement>
      <bpelement maxftitems="0" opitemcount="1" elementtype="contentlevel" minopitems="0" maxopitems="1" parentid="SBAC-2|G|NA" ftitemcount="0" minftitems="0">
        <identifier version="5" name="2|G|NA|A-7" uniqueid="SBAC-2|G|NA|A-7"/>
      </bpelement>
      <bpelement maxftitems="0" opitemcount="1" elementtype="contentlevel" minopitems="0" maxopitems="1" parentid="SBAC-2|SP|NA" ftitemcount="0" minftitems="0">
        <identifier version="5" name="2|SP|NA|A-7" uniqueid="SBAC-2|SP|NA|A-7"/>
      </bpelement>
      <bpelement maxftitems="0" opitemcount="1" elementtype="contentlevel" minopitems="0" maxopitems="1" parentid="SBAC-2|SP" ftitemcount="0" minftitems="0">
        <identifier version="5" name="2|SP|NA" uniqueid="SBAC-2|SP|NA"/>
      </bpelement>
      <bpelement maxftitems="0" opitemcount="2" elementtype="strand" minopitems="0" maxopitems="2" ftitemcount="0" minftitems="0">
        <identifier version="5" name="2" uniqueid="SBAC-2"/>
      </bpelement>
      <bpelement maxftitems="0" opitemcount="1" elementtype="strand" minopitems="0" maxopitems="1" ftitemcount="0" minftitems="0">
        <identifier version="5" name="3" uniqueid="SBAC-3"/>
      </bpelement>
      <bpelement maxftitems="0" opitemcount="2" elementtype="strand" minopitems="0" maxopitems="2" ftitemcount="0" minftitems="0">
        <identifier version="5" name="4" uniqueid="SBAC-4"/>
      </bpelement>
      <bpelement maxftitems="0" opitemcount="1" elementtype="contentlevel" minopitems="0" maxopitems="1" parentid="SBAC-3|SP|NA" ftitemcount="0" minftitems="0">
        <identifier version="5" name="3|SP|NA|A-7" uniqueid="SBAC-3|SP|NA|A-7"/>
      </bpelement>
      <bpelement maxftitems="0" opitemcount="1" elementtype="contentlevel" minopitems="0" maxopitems="1" parentid="SBAC-2|G" ftitemcount="0" minftitems="0">
        <identifier version="5" name="2|G|NA" uniqueid="SBAC-2|G|NA"/>
      </bpelement>
      <bpelement maxftitems="0" opitemcount="1" elementtype="contentlevel" minopitems="0" maxopitems="1" parentid="SBAC-3" ftitemcount="0" minftitems="0">
        <identifier version="5" name="3|SP" uniqueid="SBAC-3|SP"/>
      </bpelement>
      <bpelement maxftitems="0" opitemcount="2" elementtype="contentlevel" minopitems="0" maxopitems="2" parentid="SBAC-4|G" ftitemcount="0" minftitems="0">
        <identifier version="5" name="4|G|NA" uniqueid="SBAC-4|G|NA"/>
      </bpelement>
      <bpelement maxftitems="0" opitemcount="1" elementtype="contentlevel" minopitems="0" maxopitems="1" parentid="SBAC-2" ftitemcount="0" minftitems="0">
        <identifier version="5" name="2|G" uniqueid="SBAC-2|G"/>
      </bpelement>
      <bpelement maxftitems="0" opitemcount="2" elementtype="contentlevel" minopitems="0" maxopitems="2" parentid="SBAC-4" ftitemcount="0" minftitems="0">
        <identifier version="5" name="4|G" uniqueid="SBAC-4|G"/>
      </bpelement>
      <bpelement maxftitems="0" opitemcount="1" elementtype="contentlevel" minopitems="0" maxopitems="1" parentid="SBAC-2" ftitemcount="0" minftitems="0">
        <identifier version="5" name="2|SP" uniqueid="SBAC-2|SP"/>
      </bpelement>
    </testblueprint>
    <itempool>
      <passage filename="stim-200-171646.xml">
        <identifier version="5" uniqueid="200-171646"/>
      </passage>
      <testitem itemtype="EQ" filename="item-200-51235.xml">
        <identifier version="5" uniqueid="200-51235"/>
        <bpref>(SBAC)SBAC-ICA-IRP-MATH-PT-7-2020-2021</bpref>
        <bpref>SBAC-2</bpref>
        <bpref>SBAC-2|SP</bpref>
        <bpref>SBAC-2|SP|NA</bpref>
        <bpref>SBAC-2|SP|NA|A-7</bpref>
        <passageref>200-171646</passageref>
        <poolproperty label="English" value="ENU" property="Language"/>
        <poolproperty label="Braille" value="ENU-Braille" property="Language"/>
        <poolproperty label="Spanish" value="ESN" property="Language"/>
        <poolproperty label="ItemType = EQ" value="EQ" property="--ITEMTYPE--"/>
        <poolproperty label="Answer Key = EQ" value="EQ" property="Answer Key"/>
        <poolproperty label="ASL = Y" value="Y" property="ASL"/>
        <poolproperty label="Braille = BRF" value="BRF" property="Braille"/>
        <poolproperty label="Depth of Knowledge = 2" value="2" property="Depth of Knowledge"/>
        <poolproperty label="Grade = 7" value="7" property="Grade"/>
        <poolproperty label="Scoring Engine = Automatic with Machine Rubric" value="Automatic with Machine Rubric" property="Scoring Engine"/>
        <itemscoredimension measurementmodel="IRT3PLn" weight="1.0" scorepoints="1">
          <itemscoreparameter value="1.0441" measurementparameter="a"/>
          <itemscoreparameter value="1.3169" measurementparameter="b"/>
          <itemscoreparameter value="0.0" measurementparameter="c"/>
        </itemscoredimension>
      </testitem>
      <testitem itemtype="EQ" filename="item-200-51236.xml">
        <identifier version="5" uniqueid="200-51236"/>
        <bpref>(SBAC)SBAC-ICA-IRP-MATH-PT-7-2020-2021</bpref>
        <bpref>SBAC-2</bpref>
        <bpref>SBAC-2|G</bpref>
        <bpref>SBAC-2|G|NA</bpref>
        <bpref>SBAC-2|G|NA|A-7</bpref>
        <passageref>200-171646</passageref>
        <poolproperty label="English" value="ENU" property="Language"/>
        <poolproperty label="Braille" value="ENU-Braille" property="Language"/>
        <poolproperty label="Spanish" value="ESN" property="Language"/>
        <poolproperty label="ItemType = EQ" value="EQ" property="--ITEMTYPE--"/>
        <poolproperty label="Answer Key = EQ" value="EQ" property="Answer Key"/>
        <poolproperty label="ASL = Y" value="Y" property="ASL"/>
        <poolproperty label="Braille = BRF" value="BRF" property="Braille"/>
        <poolproperty label="Depth of Knowledge = 2" value="2" property="Depth of Knowledge"/>
        <poolproperty label="Grade = 7" value="7" property="Grade"/>
        <poolproperty label="Scoring Engine = Automatic with Machine Rubric" value="Automatic with Machine Rubric" property="Scoring Engine"/>
        <itemscoredimension measurementmodel="IRT3PLn" weight="1.0" scorepoints="1">
          <itemscoreparameter value="0.6372" measurementparameter="a"/>
          <itemscoreparameter value="0.0949" measurementparameter="b"/>
          <itemscoreparameter value="0.0" measurementparameter="c"/>
        </itemscoredimension>
      </testitem>
      <testitem itemtype="MC" filename="item-200-51237.xml">
        <identifier version="5" uniqueid="200-51237"/>
        <bpref>(SBAC)SBAC-ICA-IRP-MATH-PT-7-2020-2021</bpref>
        <bpref>SBAC-4</bpref>
        <bpref>SBAC-4|G</bpref>
        <bpref>SBAC-4|G|NA</bpref>
        <bpref>SBAC-4|G|NA|A-7</bpref>
        <passageref>200-171646</passageref>
        <poolproperty label="English" value="ENU" property="Language"/>
        <poolproperty label="Braille" value="ENU-Braille" property="Language"/>
        <poolproperty label="Spanish" value="ESN" property="Language"/>
        <poolproperty label="ItemType = MC" value="MC" property="--ITEMTYPE--"/>
        <poolproperty label="Answer Key = A" value="A" property="Answer Key"/>
        <poolproperty label="ASL = Y" value="Y" property="ASL"/>
        <poolproperty label="Braille = PRN" value="PRN" property="Braille"/>
        <poolproperty label="Depth of Knowledge = 2" value="2" property="Depth of Knowledge"/>
        <poolproperty label="Grade = 7" value="7" property="Grade"/>
        <poolproperty label="Scoring Engine = Automatic with Key" value="Automatic with Key" property="Scoring Engine"/>
        <itemscoredimension measurementmodel="IRT3PLn" weight="1.0" scorepoints="1">
          <itemscoreparameter value="0.2564" measurementparameter="a"/>
          <itemscoreparameter value="1.4588" measurementparameter="b"/>
          <itemscoreparameter value="0.0" measurementparameter="c"/>
        </itemscoredimension>
      </testitem>
      <testitem itemtype="EQ" filename="item-200-51240.xml">
        <identifier version="5" uniqueid="200-51240"/>
        <bpref>(SBAC)SBAC-ICA-IRP-MATH-PT-7-2020-2021</bpref>
        <bpref>SBAC-3</bpref>
        <bpref>SBAC-3|SP</bpref>
        <bpref>SBAC-3|SP|NA</bpref>
        <bpref>SBAC-3|SP|NA|A-7</bpref>
        <passageref>200-171646</passageref>
        <poolproperty label="English" value="ENU" property="Language"/>
        <poolproperty label="Braille" value="ENU-Braille" property="Language"/>
        <poolproperty label="Spanish" value="ESN" property="Language"/>
        <poolproperty label="ItemType = EQ" value="EQ" property="--ITEMTYPE--"/>
        <poolproperty label="Answer Key = EQ" value="EQ" property="Answer Key"/>
        <poolproperty label="ASL = Y" value="Y" property="ASL"/>
        <poolproperty label="Braille = BRF" value="BRF" property="Braille"/>
        <poolproperty label="Depth of Knowledge = 2" value="2" property="Depth of Knowledge"/>
        <poolproperty label="Grade = 7" value="7" property="Grade"/>
        <poolproperty label="Scoring Engine = Automatic with Machine Rubric" value="Automatic with Machine Rubric" property="Scoring Engine"/>
        <itemscoredimension measurementmodel="IRTGPC" weight="1.0" scorepoints="2">
          <itemscoreparameter value="0.4705" measurementparameter="a"/>
          <itemscoreparameter value="2.5484" measurementparameter="b0"/>
          <itemscoreparameter value="-1.7442" measurementparameter="b1"/>
        </itemscoredimension>
      </testitem>
      <testitem itemtype="SA" filename="item-200-51246.xml">
        <identifier version="5" uniqueid="200-51246"/>
        <bpref>(SBAC)SBAC-ICA-IRP-MATH-PT-7-2020-2021</bpref>
        <bpref>SBAC-4</bpref>
        <bpref>SBAC-4|G</bpref>
        <bpref>SBAC-4|G|NA</bpref>
        <bpref>SBAC-4|G|NA|A-7</bpref>
        <passageref>200-171646</passageref>
        <poolproperty label="English" value="ENU" property="Language"/>
        <poolproperty label="Braille" value="ENU-Braille" property="Language"/>
        <poolproperty label="Spanish" value="ESN" property="Language"/>
        <poolproperty label="ItemType = SA" value="SA" property="--ITEMTYPE--"/>
        <poolproperty label="Answer Key = SA" value="SA" property="Answer Key"/>
        <poolproperty label="ASL = Y" value="Y" property="ASL"/>
        <poolproperty label="Braille = BRF" value="BRF" property="Braille"/>
        <poolproperty label="Depth of Knowledge = 3" value="3" property="Depth of Knowledge"/>
        <poolproperty label="Grade = 7" value="7" property="Grade"/>
        <poolproperty label="Scoring Engine = HandScored" value="HandScored" property="Scoring Engine"/>
        <itemscoredimension measurementmodel="IRTGPC" weight="1.0" scorepoints="2">
          <itemscoreparameter value="0.6332" measurementparameter="a"/>
          <itemscoreparameter value="1.9412" measurementparameter="b0"/>
          <itemscoreparameter value="0.7562" measurementparameter="b1"/>
        </itemscoredimension>
      </testitem>
    </itempool>
    <testform length="5">
      <identifier version="5" name="(SBAC)SBAC-ICA-IRP-MATH-PT-7-2020-2021:Default-ESN" uniqueid="(SBAC)SBAC-ICA-IRP-MATH-PT-7-2020-2021:Default-ESN"/>
      <property label="Spanish" name="Language" value="ESN"/>
      <formpartition>
        <identifier version="5" name="Grade 7 MATH - Performance Task - IRP (ICA)::SPA" uniqueid="200-2049155560"/>
        <itemgroup formposition="1" maxresponses="ALL" maxitems="ALL">
          <identifier version="5" name="200-2049155560:G-200-171646-0" uniqueid="200-2049155560:G-200-171646-0"/>
          <passageref>200-171646</passageref>
          <groupitem blockid="A" groupposition="1" isfieldtest="false" responserequired="true" formposition="1" adminrequired="true" itemid="200-51235" isactive="true"/>
          <groupitem blockid="A" groupposition="2" isfieldtest="false" responserequired="true" formposition="2" adminrequired="true" itemid="200-51236" isactive="true"/>
          <groupitem blockid="A" groupposition="3" isfieldtest="false" responserequired="true" formposition="3" adminrequired="true" itemid="200-51237" isactive="true"/>
          <groupitem blockid="A" groupposition="4" isfieldtest="false" responserequired="true" formposition="4" adminrequired="true" itemid="200-51240" isactive="true"/>
          <groupitem blockid="A" groupposition="5" isfieldtest="false" responserequired="true" formposition="5" adminrequired="true" itemid="200-51246" isactive="true"/>
        </itemgroup>
      </formpartition>
    </testform>
    <testform length="5">
      <identifier version="5" name="(SBAC)SBAC-ICA-IRP-MATH-PT-7-2020-2021:Default-ENU-Braille" uniqueid="(SBAC)SBAC-ICA-IRP-MATH-PT-7-2020-2021:Default-ENU-Braille"/>
      <property label="Braille" name="Language" value="ENU-Braille"/>
      <formpartition>
        <identifier version="5" name="Grade 7 MATH - Performance Task - IRP (ICA)::BRL" uniqueid="200-2049171824"/>
        <itemgroup formposition="1" maxresponses="ALL" maxitems="ALL">
          <identifier version="5" name="200-2049171824:G-200-171646-0" uniqueid="200-2049171824:G-200-171646-0"/>
          <passageref>200-171646</passageref>
          <groupitem blockid="A" groupposition="1" isfieldtest="false" responserequired="true" formposition="1" adminrequired="true" itemid="200-51235" isactive="true"/>
          <groupitem blockid="A" groupposition="2" isfieldtest="false" responserequired="true" formposition="2" adminrequired="true" itemid="200-51236" isactive="true"/>
          <groupitem blockid="A" groupposition="3" isfieldtest="false" responserequired="true" formposition="3" adminrequired="true" itemid="200-51237" isactive="true"/>
          <groupitem blockid="A" groupposition="4" isfieldtest="false" responserequired="true" formposition="4" adminrequired="true" itemid="200-51240" isactive="true"/>
          <groupitem blockid="A" groupposition="5" isfieldtest="false" responserequired="true" formposition="5" adminrequired="true" itemid="200-51246" isactive="true"/>
        </itemgroup>
      </formpartition>
    </testform>
    <testform length="5">
      <identifier version="5" name="(SBAC)SBAC-ICA-IRP-MATH-PT-7-2020-2021:Default-ENU" uniqueid="(SBAC)SBAC-ICA-IRP-MATH-PT-7-2020-2021:Default-ENU"/>
      <property label="English" name="Language" value="ENU"/>
      <formpartition>
        <identifier version="5" name="Grade 7 MATH - Performance Task - IRP (ICA)::ENU" uniqueid="200-2049169056"/>
        <itemgroup formposition="1" maxresponses="ALL" maxitems="ALL">
          <identifier version="5" name="200-2049169056:G-200-171646-0" uniqueid="200-2049169056:G-200-171646-0"/>
          <passageref>200-171646</passageref>
          <groupitem blockid="A" groupposition="1" isfieldtest="false" responserequired="true" formposition="1" adminrequired="true" itemid="200-51235" isactive="true"/>
          <groupitem blockid="A" groupposition="2" isfieldtest="false" responserequired="true" formposition="2" adminrequired="true" itemid="200-51236" isactive="true"/>
          <groupitem blockid="A" groupposition="3" isfieldtest="false" responserequired="true" formposition="3" adminrequired="true" itemid="200-51237" isactive="true"/>
          <groupitem blockid="A" groupposition="4" isfieldtest="false" responserequired="true" formposition="4" adminrequired="true" itemid="200-51240" isactive="true"/>
          <groupitem blockid="A" groupposition="5" isfieldtest="false" responserequired="true" formposition="5" adminrequired="true" itemid="200-51246" isactive="true"/>
        </itemgroup>
      </formpartition>
    </testform>
    <adminsegment position="1" segmentid="(SBAC)SBAC-ICA-IRP-MATH-PT-7-2020-2021" itemselection="fixedform">
      <segmentblueprint>
        <segmentbpelement bpelementid="SBAC-2|SP|NA" minopitems="0" maxopitems="1"/>
        <segmentbpelement bpelementid="SBAC-2|SP|NA|A-7" minopitems="0" maxopitems="1"/>
        <segmentbpelement bpelementid="SBAC-4|G|NA" minopitems="0" maxopitems="2"/>
        <segmentbpelement bpelementid="SBAC-3|SP|NA|A-7" minopitems="0" maxopitems="1"/>
        <segmentbpelement bpelementid="SBAC-3|SP|NA" minopitems="0" maxopitems="1"/>
        <segmentbpelement bpelementid="SBAC-4|G|NA|A-7" minopitems="0" maxopitems="2"/>
        <segmentbpelement bpelementid="SBAC-2" minopitems="0" maxopitems="2"/>
        <segmentbpelement bpelementid="SBAC-3" minopitems="0" maxopitems="1"/>
        <segmentbpelement bpelementid="SBAC-4" minopitems="0" maxopitems="2"/>
        <segmentbpelement bpelementid="SBAC-2|G|NA" minopitems="0" maxopitems="1"/>
        <segmentbpelement bpelementid="SBAC-ICA-IRP-MATH-PT-7" minopitems="0" maxopitems="5"/>
        <segmentbpelement bpelementid="SBAC-2|G|NA|A-7" minopitems="0" maxopitems="1"/>
        <segmentbpelement bpelementid="SBAC-2|G" minopitems="0" maxopitems="1"/>
        <segmentbpelement bpelementid="SBAC-2|SP" minopitems="0" maxopitems="1"/>
        <segmentbpelement bpelementid="SBAC-4|G" minopitems="0" maxopitems="2"/>
        <segmentbpelement bpelementid="SBAC-3|SP" minopitems="0" maxopitems="1"/>
      </segmentblueprint>
      <itemselector type="fixedform">
        <identifier version="5" label="FAIRWAY FIXEDFORM" name="FAIRWAY FIXEDFORM" uniqueid="FAIRWAY FIXEDFORM"/>
        <itemselectionparameter bpelementid="(SBAC)SBAC-ICA-IRP-MATH-PT-7-2020-2021">
          <property label="slope" name="slope" value="79.3"/>
          <property label="intercept" name="intercept" value="2514.9"/>
        </itemselectionparameter>
      </itemselector>
      <segmentform formpartitionid="200-2049169056"/>
      <segmentform formpartitionid="200-2049171824"/>
      <segmentform formpartitionid="200-2049155560"/>
    </adminsegment>
  </administration>
</testspecification>
