<testspecification version="1" purpose="administration" publishdate="Mar 27 2020 12:14AM" publisher="SBAC">
  <identifier version="3" label="Grade 4 ELA - IRP Comprehensive Assessment (ICA)" name="SBAC-ICA-IRP-ELA-FIXED-4" uniqueid="(SBAC)SBAC-ICA-IRP-ELA-FIXED-4-2023-2024"/>
  <property label="ELA" name="subject" value="ELA"/>
  <property label="interim" name="type" value="interim"/>
  <property label="4" name="grade" value="4"/>
  <administration>
    <testblueprint>
      <bpelement maxftitems="0" opitemcount="18" elementtype="test" minopitems="0" maxopitems="18" ftitemcount="0" minftitems="0">
        <identifier version="3" name="SBAC-ICA-IRP-ELA-FIXED-4" uniqueid="(SBAC)SBAC-ICA-IRP-ELA-FIXED-4-2023-2024"/>
      </bpelement>
      <bpelement maxftitems="0" opitemcount="18" elementtype="segment" minopitems="0" maxopitems="18" ftitemcount="0" minftitems="0">
        <identifier version="3" name="SBAC-ICA-IRP-ELA-FIXED-4" uniqueid="(SBAC)SBAC-ICA-IRP-ELA-FIXED-4-2023-2024"/>
      </bpelement>
      <bpelement maxftitems="0" opitemcount="1" elementtype="contentlevel" minopitems="0" maxopitems="1" parentid="SBAC-4-CR" ftitemcount="0" minftitems="0">
        <identifier version="3" name="4-CR|3-4" uniqueid="SBAC-4-CR|3-4"/>
      </bpelement>
      <bpelement maxftitems="0" opitemcount="1" elementtype="contentlevel" minopitems="0" maxopitems="1" parentid="SBAC-4-CR|4-4" ftitemcount="0" minftitems="0">
        <identifier version="3" name="4-CR|4-4|4.W.9" uniqueid="SBAC-4-CR|4-4|4.W.9"/>
      </bpelement>
      <bpelement maxftitems="0" opitemcount="1" elementtype="contentlevel" minopitems="0" maxopitems="1" parentid="SBAC-4-CR" ftitemcount="0" minftitems="0">
        <identifier version="3" name="4-CR|4-4" uniqueid="SBAC-4-CR|4-4"/>
      </bpelement>
      <bpelement maxftitems="0" opitemcount="5" elementtype="contentlevel" minopitems="0" maxopitems="5" parentid="SBAC-3-L" ftitemcount="0" minftitems="0">
        <identifier version="3" name="3-L|4-4" uniqueid="SBAC-3-L|4-4"/>
      </bpelement>
      <bpelement maxftitems="0" opitemcount="1" elementtype="contentlevel" minopitems="0" maxopitems="1" parentid="SBAC-4-CR" ftitemcount="0" minftitems="0">
        <identifier version="3" name="4-CR|2-4" uniqueid="SBAC-4-CR|2-4"/>
      </bpelement>
      <bpelement maxftitems="0" opitemcount="1" elementtype="contentlevel" minopitems="0" maxopitems="1" parentid="SBAC-1-LT|4-4" ftitemcount="0" minftitems="0">
        <identifier version="3" name="1-LT|4-4|4.RL.3" uniqueid="SBAC-1-LT|4-4|4.RL.3"/>
      </bpelement>
      <bpelement maxftitems="0" opitemcount="1" elementtype="contentlevel" minopitems="0" maxopitems="1" parentid="SBAC-2-W|9-4" ftitemcount="0" minftitems="0">
        <identifier version="3" name="2-W|9-4|4.L.2" uniqueid="SBAC-2-W|9-4|4.L.2"/>
      </bpelement>
      <bpelement maxftitems="0" opitemcount="1" elementtype="contentlevel" minopitems="0" maxopitems="1" parentid="SBAC-1-IT" ftitemcount="0" minftitems="0">
        <identifier version="3" name="1-IT|10-4" uniqueid="SBAC-1-IT|10-4"/>
      </bpelement>
      <bpelement maxftitems="0" opitemcount="2" elementtype="contentlevel" minopitems="0" maxopitems="2" parentid="SBAC-1-IT|9-4" ftitemcount="0" minftitems="0">
        <identifier version="3" name="1-IT|9-4|4.RI.2" uniqueid="SBAC-1-IT|9-4|4.RI.2"/>
      </bpelement>
      <bpelement maxftitems="0" opitemcount="4" elementtype="strand" minopitems="0" maxopitems="4" ftitemcount="0" minftitems="0">
        <identifier version="3" name="1-IT" uniqueid="SBAC-1-IT"/>
      </bpelement>
      <bpelement maxftitems="0" opitemcount="1" elementtype="contentlevel" minopitems="0" maxopitems="1" parentid="SBAC-2-W|3-4" ftitemcount="0" minftitems="0">
        <identifier version="3" name="2-W|3-4|4.W.2c" uniqueid="SBAC-2-W|3-4|4.W.2c"/>
      </bpelement>
      <bpelement maxftitems="0" opitemcount="1" elementtype="contentlevel" minopitems="0" maxopitems="1" parentid="SBAC-1-IT" ftitemcount="0" minftitems="0">
        <identifier version="3" name="1-IT|8-4" uniqueid="SBAC-1-IT|8-4"/>
      </bpelement>
      <bpelement maxftitems="0" opitemcount="2" elementtype="contentlevel" minopitems="0" maxopitems="2" parentid="SBAC-1-IT" ftitemcount="0" minftitems="0">
        <identifier version="3" name="1-IT|9-4" uniqueid="SBAC-1-IT|9-4"/>
      </bpelement>
      <bpelement maxftitems="0" opitemcount="1" elementtype="contentlevel" minopitems="0" maxopitems="1" parentid="SBAC-1-LT" ftitemcount="0" minftitems="0">
        <identifier version="3" name="1-LT|4-4" uniqueid="SBAC-1-LT|4-4"/>
      </bpelement>
      <bpelement maxftitems="0" opitemcount="1" elementtype="contentlevel" minopitems="0" maxopitems="1" parentid="SBAC-4-CR|2-4" ftitemcount="0" minftitems="0">
        <identifier version="3" name="4-CR|2-4|4.W.8" uniqueid="SBAC-4-CR|2-4|4.W.8"/>
      </bpelement>
      <bpelement maxftitems="0" opitemcount="1" elementtype="contentlevel" minopitems="0" maxopitems="1" parentid="SBAC-2-W" ftitemcount="0" minftitems="0">
        <identifier version="3" name="2-W|6-4" uniqueid="SBAC-2-W|6-4"/>
      </bpelement>
      <bpelement maxftitems="0" opitemcount="1" elementtype="contentlevel" minopitems="0" maxopitems="1" parentid="SBAC-2-W" ftitemcount="0" minftitems="0">
        <identifier version="3" name="2-W|8-4" uniqueid="SBAC-2-W|8-4"/>
      </bpelement>
      <bpelement maxftitems="0" opitemcount="1" elementtype="contentlevel" minopitems="0" maxopitems="1" parentid="SBAC-2-W" ftitemcount="0" minftitems="0">
        <identifier version="3" name="2-W|1-4" uniqueid="SBAC-2-W|1-4"/>
      </bpelement>
      <bpelement maxftitems="0" opitemcount="1" elementtype="contentlevel" minopitems="0" maxopitems="1" parentid="SBAC-2-W" ftitemcount="0" minftitems="0">
        <identifier version="3" name="2-W|3-4" uniqueid="SBAC-2-W|3-4"/>
      </bpelement>
      <bpelement maxftitems="0" opitemcount="1" elementtype="contentlevel" minopitems="0" maxopitems="1" parentid="SBAC-4-CR|3-4" ftitemcount="0" minftitems="0">
        <identifier version="3" name="4-CR|3-4|4.W.8" uniqueid="SBAC-4-CR|3-4|4.W.8"/>
      </bpelement>
      <bpelement maxftitems="0" opitemcount="1" elementtype="contentlevel" minopitems="0" maxopitems="1" parentid="SBAC-2-W" ftitemcount="0" minftitems="0">
        <identifier version="3" name="2-W|9-4" uniqueid="SBAC-2-W|9-4"/>
      </bpelement>
      <bpelement maxftitems="0" opitemcount="1" elementtype="contentlevel" minopitems="0" maxopitems="1" parentid="SBAC-2-W|8-4" ftitemcount="0" minftitems="0">
        <identifier version="3" name="2-W|8-4|4.W.2d" uniqueid="SBAC-2-W|8-4|4.W.2d"/>
      </bpelement>
      <bpelement maxftitems="0" opitemcount="1" elementtype="contentlevel" minopitems="0" maxopitems="1" parentid="SBAC-2-W|1-4" ftitemcount="0" minftitems="0">
        <identifier version="3" name="2-W|1-4|4.W.3b" uniqueid="SBAC-2-W|1-4|4.W.3b"/>
      </bpelement>
      <bpelement maxftitems="0" opitemcount="1" elementtype="contentlevel" minopitems="0" maxopitems="1" parentid="SBAC-1-IT|8-4" ftitemcount="0" minftitems="0">
        <identifier version="3" name="1-IT|8-4|4.RI.1" uniqueid="SBAC-1-IT|8-4|4.RI.1"/>
      </bpelement>
      <bpelement maxftitems="0" opitemcount="3" elementtype="strand" minopitems="0" maxopitems="3" ftitemcount="0" minftitems="0">
        <identifier version="3" name="4-CR" uniqueid="SBAC-4-CR"/>
      </bpelement>
      <bpelement maxftitems="0" opitemcount="5" elementtype="strand" minopitems="0" maxopitems="5" ftitemcount="0" minftitems="0">
        <identifier version="3" name="3-L" uniqueid="SBAC-3-L"/>
      </bpelement>
      <bpelement maxftitems="0" opitemcount="1" elementtype="strand" minopitems="0" maxopitems="1" ftitemcount="0" minftitems="0">
        <identifier version="3" name="1-LT" uniqueid="SBAC-1-LT"/>
      </bpelement>
      <bpelement maxftitems="0" opitemcount="1" elementtype="contentlevel" minopitems="0" maxopitems="1" parentid="SBAC-2-W|6-4" ftitemcount="0" minftitems="0">
        <identifier version="3" name="2-W|6-4|4.W.1b" uniqueid="SBAC-2-W|6-4|4.W.1b"/>
      </bpelement>
      <bpelement maxftitems="0" opitemcount="4" elementtype="contentlevel" minopitems="0" maxopitems="4" parentid="SBAC-3-L|4-4" ftitemcount="0" minftitems="0">
        <identifier version="3" name="3-L|4-4|4.SL.2" uniqueid="SBAC-3-L|4-4|4.SL.2"/>
      </bpelement>
      <bpelement maxftitems="0" opitemcount="1" elementtype="contentlevel" minopitems="0" maxopitems="1" parentid="SBAC-3-L|4-4" ftitemcount="0" minftitems="0">
        <identifier version="3" name="3-L|4-4|4.SL.3" uniqueid="SBAC-3-L|4-4|4.SL.3"/>
      </bpelement>
      <bpelement maxftitems="0" opitemcount="5" elementtype="strand" minopitems="0" maxopitems="5" ftitemcount="0" minftitems="0">
        <identifier version="3" name="2-W" uniqueid="SBAC-2-W"/>
      </bpelement>
      <bpelement maxftitems="0" opitemcount="1" elementtype="contentlevel" minopitems="0" maxopitems="1" parentid="SBAC-1-IT|10-4" ftitemcount="0" minftitems="0">
        <identifier version="3" name="1-IT|10-4|4.RI.4" uniqueid="SBAC-1-IT|10-4|4.RI.4"/>
      </bpelement>
    </testblueprint>
    <itempool>
      <passage filename="stim-200-193775.xml">
        <identifier version="3" uniqueid="200-193775"/>
      </passage>
      <passage filename="stim-200-193779.xml">
        <identifier version="3" uniqueid="200-193779"/>
      </passage>
      <passage filename="stim-200-193773.xml">
        <identifier version="3" uniqueid="200-193773"/>
      </passage>
      <passage filename="stim-200-171000.xml">
        <identifier version="3" uniqueid="200-171000"/>
      </passage>
      <testitem itemtype="MC" filename="item-200-123964.xml">
        <identifier version="3" uniqueid="200-123964"/>
        <bpref>(SBAC)SBAC-ICA-IRP-ELA-FIXED-4-2023-2024</bpref>
        <bpref>SBAC-2-W</bpref>
        <bpref>SBAC-2-W|6-4</bpref>
        <bpref>SBAC-2-W|6-4|4.W.1b</bpref>
        <poolproperty label="English" value="ENU" property="Language"/>
        <poolproperty label="Braille" value="ENU-Braille" property="Language"/>
        <poolproperty label="ItemType = MC" value="MC" property="--ITEMTYPE--"/>
        <poolproperty label="Answer Key = D" value="D" property="Answer Key"/>
        <poolproperty label="ASL = N" value="N" property="ASL"/>
        <poolproperty label="Braille = BRF" value="BRF" property="Braille"/>
        <poolproperty label="Depth of Knowledge = 2" value="2" property="Depth of Knowledge"/>
        <poolproperty label="Grade = 4" value="4" property="Grade"/>
        <poolproperty label="Scoring Engine = Automatic with Key" value="Automatic with Key" property="Scoring Engine"/>
        <itemscoredimension measurementmodel="IRT3PLn" weight="1.0" scorepoints="1">
          <itemscoreparameter value="0.4959" measurementparameter="a"/>
          <itemscoreparameter value="-0.3736" measurementparameter="b"/>
          <itemscoreparameter value="0.0" measurementparameter="c"/>
        </itemscoredimension>
      </testitem>
      <testitem itemtype="MC" filename="item-200-182823.xml">
        <identifier version="3" uniqueid="200-182823"/>
        <bpref>(SBAC)SBAC-ICA-IRP-ELA-FIXED-4-2023-2024</bpref>
        <bpref>SBAC-2-W</bpref>
        <bpref>SBAC-2-W|1-4</bpref>
        <bpref>SBAC-2-W|1-4|4.W.3b</bpref>
        <poolproperty label="English" value="ENU" property="Language"/>
        <poolproperty label="Braille" value="ENU-Braille" property="Language"/>
        <poolproperty label="ItemType = MC" value="MC" property="--ITEMTYPE--"/>
        <poolproperty label="Answer Key = B" value="B" property="Answer Key"/>
        <poolproperty label="ASL = N" value="N" property="ASL"/>
        <poolproperty label="Braille = BRF" value="BRF" property="Braille"/>
        <poolproperty label="Depth of Knowledge = 2" value="2" property="Depth of Knowledge"/>
        <poolproperty label="Grade = 4" value="4" property="Grade"/>
        <poolproperty label="Scoring Engine = Automatic with Key" value="Automatic with Key" property="Scoring Engine"/>
        <itemscoredimension measurementmodel="IRT3PLn" weight="1.0" scorepoints="1">
          <itemscoreparameter value="0.4689" measurementparameter="a"/>
          <itemscoreparameter value="-2.75108" measurementparameter="b"/>
          <itemscoreparameter value="0.0" measurementparameter="c"/>
        </itemscoredimension>
      </testitem>
      <testitem itemtype="EBSR" filename="item-200-182828.xml">
        <identifier version="3" uniqueid="200-182828"/>
        <bpref>(SBAC)SBAC-ICA-IRP-ELA-FIXED-4-2023-2024</bpref>
        <bpref>SBAC-3-L</bpref>
        <bpref>SBAC-3-L|4-4</bpref>
        <bpref>SBAC-3-L|4-4|4.SL.3</bpref>
        <passageref>200-193773</passageref>
        <poolproperty label="English" value="ENU" property="Language"/>
        <poolproperty label="Braille" value="ENU-Braille" property="Language"/>
        <poolproperty label="ItemType = EBSR" value="EBSR" property="--ITEMTYPE--"/>
        <poolproperty label="Answer Key = B" value="B" property="Answer Key"/>
        <poolproperty label="Answer Key (Part II) = D" value="D" property="Answer Key (Part II)"/>
        <poolproperty label="ASL = Y" value="Y" property="ASL"/>
        <poolproperty label="Braille = BRF" value="BRF" property="Braille"/>
        <poolproperty label="Depth of Knowledge = 3" value="3" property="Depth of Knowledge"/>
        <poolproperty label="Grade = 4" value="4" property="Grade"/>
        <poolproperty label="Scoring Engine = Automatic with Key(s)" value="Automatic with Key(s)" property="Scoring Engine"/>
        <itemscoredimension measurementmodel="IRT3PLn" weight="1.0" scorepoints="1">
          <itemscoreparameter value="0.46486" measurementparameter="a"/>
          <itemscoreparameter value="2.23086" measurementparameter="b"/>
          <itemscoreparameter value="0.0" measurementparameter="c"/>
        </itemscoredimension>
      </testitem>
      <testitem itemtype="MI" filename="item-200-182830.xml">
        <identifier version="3" uniqueid="200-182830"/>
        <bpref>(SBAC)SBAC-ICA-IRP-ELA-FIXED-4-2023-2024</bpref>
        <bpref>SBAC-3-L</bpref>
        <bpref>SBAC-3-L|4-4</bpref>
        <bpref>SBAC-3-L|4-4|4.SL.2</bpref>
        <passageref>200-193773</passageref>
        <poolproperty label="English" value="ENU" property="Language"/>
        <poolproperty label="Braille" value="ENU-Braille" property="Language"/>
        <poolproperty label="ItemType = MI" value="MI" property="--ITEMTYPE--"/>
        <poolproperty label="Answer Key = MI" value="MI" property="Answer Key"/>
        <poolproperty label="ASL = Y" value="Y" property="ASL"/>
        <poolproperty label="Braille = BRF" value="BRF" property="Braille"/>
        <poolproperty label="Depth of Knowledge = 1" value="1" property="Depth of Knowledge"/>
        <poolproperty label="Grade = 4" value="4" property="Grade"/>
        <poolproperty label="Scoring Engine = Automatic with Machine Rubric" value="Automatic with Machine Rubric" property="Scoring Engine"/>
        <itemscoredimension measurementmodel="IRT3PLn" weight="1.0" scorepoints="1">
          <itemscoreparameter value="0.56022" measurementparameter="a"/>
          <itemscoreparameter value="-0.50117" measurementparameter="b"/>
          <itemscoreparameter value="0.0" measurementparameter="c"/>
        </itemscoredimension>
      </testitem>
      <testitem itemtype="HTQ" filename="item-200-182835.xml">
        <identifier version="3" uniqueid="200-182835"/>
        <bpref>(SBAC)SBAC-ICA-IRP-ELA-FIXED-4-2023-2024</bpref>
        <bpref>SBAC-2-W</bpref>
        <bpref>SBAC-2-W|8-4</bpref>
        <bpref>SBAC-2-W|8-4|4.W.2d</bpref>
        <poolproperty label="English" value="ENU" property="Language"/>
        <poolproperty label="Braille" value="ENU-Braille" property="Language"/>
        <poolproperty label="ItemType = HTQ" value="HTQ" property="--ITEMTYPE--"/>
        <poolproperty label="Answer Key = HTQ" value="HTQ" property="Answer Key"/>
        <poolproperty label="ASL = N" value="N" property="ASL"/>
        <poolproperty label="Braille = BRF" value="BRF" property="Braille"/>
        <poolproperty label="Depth of Knowledge = 1" value="1" property="Depth of Knowledge"/>
        <poolproperty label="Grade = 4" value="4" property="Grade"/>
        <poolproperty label="Scoring Engine = Automatic with Machine Rubric" value="Automatic with Machine Rubric" property="Scoring Engine"/>
        <itemscoredimension measurementmodel="IRT3PLn" weight="1.0" scorepoints="1">
          <itemscoreparameter value="0.7789" measurementparameter="a"/>
          <itemscoreparameter value="0.31602" measurementparameter="b"/>
          <itemscoreparameter value="0.0" measurementparameter="c"/>
        </itemscoredimension>
      </testitem>
      <testitem itemtype="HTQ" filename="item-200-182851.xml">
        <identifier version="3" uniqueid="200-182851"/>
        <bpref>(SBAC)SBAC-ICA-IRP-ELA-FIXED-4-2023-2024</bpref>
        <bpref>SBAC-1-IT</bpref>
        <bpref>SBAC-1-IT|8-4</bpref>
        <bpref>SBAC-1-IT|8-4|4.RI.1</bpref>
        <passageref>200-193775</passageref>
        <poolproperty label="English" value="ENU" property="Language"/>
        <poolproperty label="Braille" value="ENU-Braille" property="Language"/>
        <poolproperty label="ItemType = HTQ" value="HTQ" property="--ITEMTYPE--"/>
        <poolproperty label="Answer Key = HTQ" value="HTQ" property="Answer Key"/>
        <poolproperty label="ASL = N" value="N" property="ASL"/>
        <poolproperty label="Braille = BRF" value="BRF" property="Braille"/>
        <poolproperty label="Depth of Knowledge = 2" value="2" property="Depth of Knowledge"/>
        <poolproperty label="Grade = 4" value="4" property="Grade"/>
        <poolproperty label="Scoring Engine = Automatic with Machine Rubric" value="Automatic with Machine Rubric" property="Scoring Engine"/>
        <itemscoredimension measurementmodel="IRT3PLn" weight="1.0" scorepoints="1">
          <itemscoreparameter value="0.79647" measurementparameter="a"/>
          <itemscoreparameter value="0.83865" measurementparameter="b"/>
          <itemscoreparameter value="0.0" measurementparameter="c"/>
        </itemscoredimension>
      </testitem>
      <testitem itemtype="MS" filename="item-200-182852.xml">
        <identifier version="3" uniqueid="200-182852"/>
        <bpref>(SBAC)SBAC-ICA-IRP-ELA-FIXED-4-2023-2024</bpref>
        <bpref>SBAC-1-IT</bpref>
        <bpref>SBAC-1-IT|9-4</bpref>
        <bpref>SBAC-1-IT|9-4|4.RI.2</bpref>
        <passageref>200-193775</passageref>
        <poolproperty label="English" value="ENU" property="Language"/>
        <poolproperty label="Braille" value="ENU-Braille" property="Language"/>
        <poolproperty label="ItemType = MS" value="MS" property="--ITEMTYPE--"/>
        <poolproperty label="Answer Key = D,F" value="D,F" property="Answer Key"/>
        <poolproperty label="ASL = N" value="N" property="ASL"/>
        <poolproperty label="Braille = BRF" value="BRF" property="Braille"/>
        <poolproperty label="Depth of Knowledge = 2" value="2" property="Depth of Knowledge"/>
        <poolproperty label="Grade = 4" value="4" property="Grade"/>
        <poolproperty label="Scoring Engine = Automatic with Key(s)" value="Automatic with Key(s)" property="Scoring Engine"/>
        <itemscoredimension measurementmodel="IRT3PLn" weight="1.0" scorepoints="1">
          <itemscoreparameter value="0.50207" measurementparameter="a"/>
          <itemscoreparameter value="2.37178" measurementparameter="b"/>
          <itemscoreparameter value="0.0" measurementparameter="c"/>
        </itemscoredimension>
      </testitem>
      <testitem itemtype="HTQ" filename="item-200-182854.xml">
        <identifier version="3" uniqueid="200-182854"/>
        <bpref>(SBAC)SBAC-ICA-IRP-ELA-FIXED-4-2023-2024</bpref>
        <bpref>SBAC-1-IT</bpref>
        <bpref>SBAC-1-IT|9-4</bpref>
        <bpref>SBAC-1-IT|9-4|4.RI.2</bpref>
        <passageref>200-193775</passageref>
        <poolproperty label="English" value="ENU" property="Language"/>
        <poolproperty label="Braille" value="ENU-Braille" property="Language"/>
        <poolproperty label="ItemType = HTQ" value="HTQ" property="--ITEMTYPE--"/>
        <poolproperty label="Answer Key = HTQ" value="HTQ" property="Answer Key"/>
        <poolproperty label="ASL = N" value="N" property="ASL"/>
        <poolproperty label="Braille = BRF" value="BRF" property="Braille"/>
        <poolproperty label="Depth of Knowledge = 2" value="2" property="Depth of Knowledge"/>
        <poolproperty label="Grade = 4" value="4" property="Grade"/>
        <poolproperty label="Scoring Engine = Automatic with Machine Rubric" value="Automatic with Machine Rubric" property="Scoring Engine"/>
        <itemscoredimension measurementmodel="IRT3PLn" weight="1.0" scorepoints="1">
          <itemscoreparameter value="0.61973" measurementparameter="a"/>
          <itemscoreparameter value="1.56784" measurementparameter="b"/>
          <itemscoreparameter value="0.0" measurementparameter="c"/>
        </itemscoredimension>
      </testitem>
      <testitem itemtype="MC" filename="item-200-182856.xml">
        <identifier version="3" uniqueid="200-182856"/>
        <bpref>(SBAC)SBAC-ICA-IRP-ELA-FIXED-4-2023-2024</bpref>
        <bpref>SBAC-1-IT</bpref>
        <bpref>SBAC-1-IT|10-4</bpref>
        <bpref>SBAC-1-IT|10-4|4.RI.4</bpref>
        <passageref>200-193775</passageref>
        <poolproperty label="English" value="ENU" property="Language"/>
        <poolproperty label="Braille" value="ENU-Braille" property="Language"/>
        <poolproperty label="ItemType = MC" value="MC" property="--ITEMTYPE--"/>
        <poolproperty label="Answer Key = D" value="D" property="Answer Key"/>
        <poolproperty label="ASL = N" value="N" property="ASL"/>
        <poolproperty label="Braille = BRF" value="BRF" property="Braille"/>
        <poolproperty label="Depth of Knowledge = 2" value="2" property="Depth of Knowledge"/>
        <poolproperty label="Grade = 4" value="4" property="Grade"/>
        <poolproperty label="Scoring Engine = Automatic with Key" value="Automatic with Key" property="Scoring Engine"/>
        <itemscoredimension measurementmodel="IRT3PLn" weight="1.0" scorepoints="1">
          <itemscoreparameter value="0.8129" measurementparameter="a"/>
          <itemscoreparameter value="-1.17706" measurementparameter="b"/>
          <itemscoreparameter value="0.0" measurementparameter="c"/>
        </itemscoredimension>
      </testitem>
      <testitem itemtype="MC" filename="item-200-182872.xml">
        <identifier version="3" uniqueid="200-182872"/>
        <bpref>(SBAC)SBAC-ICA-IRP-ELA-FIXED-4-2023-2024</bpref>
        <bpref>SBAC-4-CR</bpref>
        <bpref>SBAC-4-CR|2-4</bpref>
        <bpref>SBAC-4-CR|2-4|4.W.8</bpref>
        <poolproperty label="English" value="ENU" property="Language"/>
        <poolproperty label="Braille" value="ENU-Braille" property="Language"/>
        <poolproperty label="ItemType = MC" value="MC" property="--ITEMTYPE--"/>
        <poolproperty label="Answer Key = D" value="D" property="Answer Key"/>
        <poolproperty label="ASL = N" value="N" property="ASL"/>
        <poolproperty label="Braille = BRF" value="BRF" property="Braille"/>
        <poolproperty label="Depth of Knowledge = 2" value="2" property="Depth of Knowledge"/>
        <poolproperty label="Grade = 4" value="4" property="Grade"/>
        <poolproperty label="Scoring Engine = Automatic with Key" value="Automatic with Key" property="Scoring Engine"/>
        <itemscoredimension measurementmodel="IRT3PLn" weight="1.0" scorepoints="1">
          <itemscoreparameter value="0.23747" measurementparameter="a"/>
          <itemscoreparameter value="0.5217" measurementparameter="b"/>
          <itemscoreparameter value="0.0" measurementparameter="c"/>
        </itemscoredimension>
      </testitem>
      <testitem itemtype="MS" filename="item-200-182874.xml">
        <identifier version="3" uniqueid="200-182874"/>
        <bpref>(SBAC)SBAC-ICA-IRP-ELA-FIXED-4-2023-2024</bpref>
        <bpref>SBAC-4-CR</bpref>
        <bpref>SBAC-4-CR|4-4</bpref>
        <bpref>SBAC-4-CR|4-4|4.W.9</bpref>
        <poolproperty label="English" value="ENU" property="Language"/>
        <poolproperty label="Braille" value="ENU-Braille" property="Language"/>
        <poolproperty label="ItemType = MS" value="MS" property="--ITEMTYPE--"/>
        <poolproperty label="Answer Key = D,F" value="D,F" property="Answer Key"/>
        <poolproperty label="ASL = N" value="N" property="ASL"/>
        <poolproperty label="Braille = BRF" value="BRF" property="Braille"/>
        <poolproperty label="Depth of Knowledge = 2" value="2" property="Depth of Knowledge"/>
        <poolproperty label="Grade = 4" value="4" property="Grade"/>
        <poolproperty label="Scoring Engine = Automatic with Key(s)" value="Automatic with Key(s)" property="Scoring Engine"/>
        <itemscoredimension measurementmodel="IRT3PLn" weight="1.0" scorepoints="1">
          <itemscoreparameter value="0.53274" measurementparameter="a"/>
          <itemscoreparameter value="1.31486" measurementparameter="b"/>
          <itemscoreparameter value="0.0" measurementparameter="c"/>
        </itemscoredimension>
      </testitem>
      <testitem itemtype="EBSR" filename="item-200-182899.xml">
        <identifier version="3" uniqueid="200-182899"/>
        <bpref>(SBAC)SBAC-ICA-IRP-ELA-FIXED-4-2023-2024</bpref>
        <bpref>SBAC-1-LT</bpref>
        <bpref>SBAC-1-LT|4-4</bpref>
        <bpref>SBAC-1-LT|4-4|4.RL.3</bpref>
        <passageref>200-193779</passageref>
        <poolproperty label="English" value="ENU" property="Language"/>
        <poolproperty label="Braille" value="ENU-Braille" property="Language"/>
        <poolproperty label="ItemType = EBSR" value="EBSR" property="--ITEMTYPE--"/>
        <poolproperty label="Answer Key = D" value="D" property="Answer Key"/>
        <poolproperty label="Answer Key (Part II) = B" value="B" property="Answer Key (Part II)"/>
        <poolproperty label="ASL = N" value="N" property="ASL"/>
        <poolproperty label="Braille = BRF" value="BRF" property="Braille"/>
        <poolproperty label="Depth of Knowledge = 3" value="3" property="Depth of Knowledge"/>
        <poolproperty label="Grade = 4" value="4" property="Grade"/>
        <poolproperty label="Scoring Engine = Automatic with Key(s)" value="Automatic with Key(s)" property="Scoring Engine"/>
        <itemscoredimension measurementmodel="IRT3PLn" weight="1.0" scorepoints="1">
          <itemscoreparameter value="0.6651" measurementparameter="a"/>
          <itemscoreparameter value="-0.25892" measurementparameter="b"/>
          <itemscoreparameter value="0.0" measurementparameter="c"/>
        </itemscoredimension>
      </testitem>
      <testitem itemtype="MS" filename="item-200-182913.xml">
        <identifier version="3" uniqueid="200-182913"/>
        <bpref>(SBAC)SBAC-ICA-IRP-ELA-FIXED-4-2023-2024</bpref>
        <bpref>SBAC-2-W</bpref>
        <bpref>SBAC-2-W|3-4</bpref>
        <bpref>SBAC-2-W|3-4|4.W.2c</bpref>
        <poolproperty label="English" value="ENU" property="Language"/>
        <poolproperty label="Braille" value="ENU-Braille" property="Language"/>
        <poolproperty label="ItemType = MS" value="MS" property="--ITEMTYPE--"/>
        <poolproperty label="Answer Key = A,D" value="A,D" property="Answer Key"/>
        <poolproperty label="ASL = N" value="N" property="ASL"/>
        <poolproperty label="Braille = BRF" value="BRF" property="Braille"/>
        <poolproperty label="Depth of Knowledge = 2" value="2" property="Depth of Knowledge"/>
        <poolproperty label="Grade = 4" value="4" property="Grade"/>
        <poolproperty label="Scoring Engine = Automatic with Key(s)" value="Automatic with Key(s)" property="Scoring Engine"/>
        <itemscoredimension measurementmodel="IRT3PLn" weight="1.0" scorepoints="1">
          <itemscoreparameter value="0.67968" measurementparameter="a"/>
          <itemscoreparameter value="1.38652" measurementparameter="b"/>
          <itemscoreparameter value="0.0" measurementparameter="c"/>
        </itemscoredimension>
      </testitem>
      <testitem itemtype="MS" filename="item-200-182928.xml">
        <identifier version="3" uniqueid="200-182928"/>
        <bpref>(SBAC)SBAC-ICA-IRP-ELA-FIXED-4-2023-2024</bpref>
        <bpref>SBAC-4-CR</bpref>
        <bpref>SBAC-4-CR|3-4</bpref>
        <bpref>SBAC-4-CR|3-4|4.W.8</bpref>
        <poolproperty label="English" value="ENU" property="Language"/>
        <poolproperty label="Braille" value="ENU-Braille" property="Language"/>
        <poolproperty label="ItemType = MS" value="MS" property="--ITEMTYPE--"/>
        <poolproperty label="Answer Key = D,F" value="D,F" property="Answer Key"/>
        <poolproperty label="ASL = N" value="N" property="ASL"/>
        <poolproperty label="Braille = BRF" value="BRF" property="Braille"/>
        <poolproperty label="Depth of Knowledge = 2" value="2" property="Depth of Knowledge"/>
        <poolproperty label="Grade = 4" value="4" property="Grade"/>
        <poolproperty label="Scoring Engine = Automatic with Key(s)" value="Automatic with Key(s)" property="Scoring Engine"/>
        <itemscoredimension measurementmodel="IRT3PLn" weight="1.0" scorepoints="1">
          <itemscoreparameter value="0.98548" measurementparameter="a"/>
          <itemscoreparameter value="0.22918" measurementparameter="b"/>
          <itemscoreparameter value="0.0" measurementparameter="c"/>
        </itemscoredimension>
      </testitem>
      <testitem itemtype="MC" filename="item-200-33715.xml">
        <identifier version="3" uniqueid="200-33715"/>
        <bpref>(SBAC)SBAC-ICA-IRP-ELA-FIXED-4-2023-2024</bpref>
        <bpref>SBAC-3-L</bpref>
        <bpref>SBAC-3-L|4-4</bpref>
        <bpref>SBAC-3-L|4-4|4.SL.2</bpref>
        <passageref>200-171000</passageref>
        <poolproperty label="English" value="ENU" property="Language"/>
        <poolproperty label="Braille" value="ENU-Braille" property="Language"/>
        <poolproperty label="ItemType = MC" value="MC" property="--ITEMTYPE--"/>
        <poolproperty label="Answer Key = D" value="D" property="Answer Key"/>
        <poolproperty label="ASL = Y" value="Y" property="ASL"/>
        <poolproperty label="Braille = BRF" value="BRF" property="Braille"/>
        <poolproperty label="Depth of Knowledge = 3" value="3" property="Depth of Knowledge"/>
        <poolproperty label="Grade = 4" value="4" property="Grade"/>
        <poolproperty label="Scoring Engine = Automatic with Key" value="Automatic with Key" property="Scoring Engine"/>
        <itemscoredimension measurementmodel="IRT3PLn" weight="1.0" scorepoints="1">
          <itemscoreparameter value="0.56618" measurementparameter="a"/>
          <itemscoreparameter value="-0.69249" measurementparameter="b"/>
          <itemscoreparameter value="0.0" measurementparameter="c"/>
        </itemscoredimension>
      </testitem>
      <testitem itemtype="MS" filename="item-200-33717.xml">
        <identifier version="3" uniqueid="200-33717"/>
        <bpref>(SBAC)SBAC-ICA-IRP-ELA-FIXED-4-2023-2024</bpref>
        <bpref>SBAC-3-L</bpref>
        <bpref>SBAC-3-L|4-4</bpref>
        <bpref>SBAC-3-L|4-4|4.SL.2</bpref>
        <passageref>200-171000</passageref>
        <poolproperty label="English" value="ENU" property="Language"/>
        <poolproperty label="Braille" value="ENU-Braille" property="Language"/>
        <poolproperty label="ItemType = MS" value="MS" property="--ITEMTYPE--"/>
        <poolproperty label="Answer Key = A,E" value="A,E" property="Answer Key"/>
        <poolproperty label="ASL = Y" value="Y" property="ASL"/>
        <poolproperty label="Braille = BRF" value="BRF" property="Braille"/>
        <poolproperty label="Depth of Knowledge = 2" value="2" property="Depth of Knowledge"/>
        <poolproperty label="Grade = 4" value="4" property="Grade"/>
        <poolproperty label="Scoring Engine = Automatic with Key(s)" value="Automatic with Key(s)" property="Scoring Engine"/>
        <itemscoredimension measurementmodel="IRT3PLn" weight="1.0" scorepoints="1">
          <itemscoreparameter value="0.81177" measurementparameter="a"/>
          <itemscoreparameter value="-0.60221" measurementparameter="b"/>
          <itemscoreparameter value="0.0" measurementparameter="c"/>
        </itemscoredimension>
      </testitem>
      <testitem itemtype="MI" filename="item-200-33719.xml">
        <identifier version="3" uniqueid="200-33719"/>
        <bpref>(SBAC)SBAC-ICA-IRP-ELA-FIXED-4-2023-2024</bpref>
        <bpref>SBAC-3-L</bpref>
        <bpref>SBAC-3-L|4-4</bpref>
        <bpref>SBAC-3-L|4-4|4.SL.2</bpref>
        <passageref>200-171000</passageref>
        <poolproperty label="English" value="ENU" property="Language"/>
        <poolproperty label="Braille" value="ENU-Braille" property="Language"/>
        <poolproperty label="ItemType = MI" value="MI" property="--ITEMTYPE--"/>
        <poolproperty label="Answer Key = MI" value="MI" property="Answer Key"/>
        <poolproperty label="ASL = Y" value="Y" property="ASL"/>
        <poolproperty label="Braille = BRF" value="BRF" property="Braille"/>
        <poolproperty label="Depth of Knowledge = 1" value="1" property="Depth of Knowledge"/>
        <poolproperty label="Grade = 4" value="4" property="Grade"/>
        <poolproperty label="Scoring Engine = Automatic with Machine Rubric" value="Automatic with Machine Rubric" property="Scoring Engine"/>
        <itemscoredimension measurementmodel="IRT3PLn" weight="1.0" scorepoints="1">
          <itemscoreparameter value="0.79606" measurementparameter="a"/>
          <itemscoreparameter value="-1.12406" measurementparameter="b"/>
          <itemscoreparameter value="0.0" measurementparameter="c"/>
        </itemscoredimension>
      </testitem>
      <testitem itemtype="HTQ" filename="item-200-94357.xml">
        <identifier version="3" uniqueid="200-94357"/>
        <bpref>(SBAC)SBAC-ICA-IRP-ELA-FIXED-4-2023-2024</bpref>
        <bpref>SBAC-2-W</bpref>
        <bpref>SBAC-2-W|9-4</bpref>
        <bpref>SBAC-2-W|9-4|4.L.2</bpref>
        <poolproperty label="English" value="ENU" property="Language"/>
        <poolproperty label="Braille" value="ENU-Braille" property="Language"/>
        <poolproperty label="ItemType = HTQ" value="HTQ" property="--ITEMTYPE--"/>
        <poolproperty label="Answer Key = HTQ" value="HTQ" property="Answer Key"/>
        <poolproperty label="ASL = N" value="N" property="ASL"/>
        <poolproperty label="Braille = BRF" value="BRF" property="Braille"/>
        <poolproperty label="Depth of Knowledge = 1" value="1" property="Depth of Knowledge"/>
        <poolproperty label="Grade = 4" value="4" property="Grade"/>
        <poolproperty label="Scoring Engine = Automatic with Machine Rubric" value="Automatic with Machine Rubric" property="Scoring Engine"/>
        <itemscoredimension measurementmodel="IRT3PLn" weight="1.0" scorepoints="1">
          <itemscoreparameter value="0.4827" measurementparameter="a"/>
          <itemscoreparameter value="0.2941" measurementparameter="b"/>
          <itemscoreparameter value="0.0" measurementparameter="c"/>
        </itemscoredimension>
      </testitem>
    </itempool>
    <testform length="18">
      <identifier version="3" name="(SBAC)SBAC-ICA-IRP-ELA-FIXED-4-2023-2024:Default-ENU-Braille" uniqueid="(SBAC)SBAC-ICA-IRP-ELA-FIXED-4-2023-2024:Default-ENU-Braille"/>
      <property label="Braille" name="Language" value="ENU-Braille"/>
      <formpartition>
        <identifier version="3" name="Grade 4 ELA - IRP Comprehensive Assessment (ICA)::BRL" uniqueid="200-263630717"/>
        <itemgroup formposition="1" maxresponses="0" maxitems="ALL">
          <identifier version="3" name="200-263630717:I-200-123964" uniqueid="200-263630717:I-200-123964"/>
          <groupitem blockid="A" groupposition="1" isfieldtest="false" responserequired="true" formposition="1" adminrequired="true" itemid="200-123964" isactive="true"/>
        </itemgroup>
        <itemgroup formposition="2" maxresponses="0" maxitems="ALL">
          <identifier version="3" name="200-263630717:I-200-182823" uniqueid="200-263630717:I-200-182823"/>
          <groupitem blockid="A" groupposition="1" isfieldtest="false" responserequired="true" formposition="2" adminrequired="true" itemid="200-182823" isactive="true"/>
        </itemgroup>
        <itemgroup formposition="3" maxresponses="ALL" maxitems="ALL">
          <identifier version="3" name="200-263630717:G-200-193773-0" uniqueid="200-263630717:G-200-193773-0"/>
          <passageref>200-193773</passageref>
          <groupitem blockid="A" groupposition="1" isfieldtest="false" responserequired="true" formposition="3" adminrequired="true" itemid="200-182828" isactive="true"/>
          <groupitem blockid="A" groupposition="2" isfieldtest="false" responserequired="true" formposition="4" adminrequired="true" itemid="200-182830" isactive="true"/>
        </itemgroup>
        <itemgroup formposition="4" maxresponses="0" maxitems="ALL">
          <identifier version="3" name="200-263630717:I-200-182835" uniqueid="200-263630717:I-200-182835"/>
          <groupitem blockid="A" groupposition="1" isfieldtest="false" responserequired="true" formposition="5" adminrequired="true" itemid="200-182835" isactive="true"/>
        </itemgroup>
        <itemgroup formposition="5" maxresponses="ALL" maxitems="ALL">
          <identifier version="3" name="200-263630717:G-200-193775-0" uniqueid="200-263630717:G-200-193775-0"/>
          <passageref>200-193775</passageref>
          <groupitem blockid="A" groupposition="1" isfieldtest="false" responserequired="true" formposition="6" adminrequired="true" itemid="200-182851" isactive="true"/>
          <groupitem blockid="A" groupposition="2" isfieldtest="false" responserequired="true" formposition="7" adminrequired="true" itemid="200-182852" isactive="true"/>
          <groupitem blockid="A" groupposition="3" isfieldtest="false" responserequired="true" formposition="8" adminrequired="true" itemid="200-182854" isactive="true"/>
          <groupitem blockid="A" groupposition="4" isfieldtest="false" responserequired="true" formposition="9" adminrequired="true" itemid="200-182856" isactive="true"/>
        </itemgroup>
        <itemgroup formposition="6" maxresponses="0" maxitems="ALL">
          <identifier version="3" name="200-263630717:I-200-182872" uniqueid="200-263630717:I-200-182872"/>
          <groupitem blockid="A" groupposition="1" isfieldtest="false" responserequired="true" formposition="10" adminrequired="true" itemid="200-182872" isactive="true"/>
        </itemgroup>
        <itemgroup formposition="7" maxresponses="0" maxitems="ALL">
          <identifier version="3" name="200-263630717:I-200-182874" uniqueid="200-263630717:I-200-182874"/>
          <groupitem blockid="A" groupposition="1" isfieldtest="false" responserequired="true" formposition="11" adminrequired="true" itemid="200-182874" isactive="true"/>
        </itemgroup>
        <itemgroup formposition="8" maxresponses="0" maxitems="ALL">
          <identifier version="3" name="200-263630717:G-200-193779-0" uniqueid="200-263630717:G-200-193779-0"/>
          <passageref>200-193779</passageref>
          <groupitem blockid="A" groupposition="1" isfieldtest="false" responserequired="true" formposition="12" adminrequired="true" itemid="200-182899" isactive="true"/>
        </itemgroup>
        <itemgroup formposition="9" maxresponses="0" maxitems="ALL">
          <identifier version="3" name="200-263630717:I-200-182913" uniqueid="200-263630717:I-200-182913"/>
          <groupitem blockid="A" groupposition="1" isfieldtest="false" responserequired="true" formposition="13" adminrequired="true" itemid="200-182913" isactive="true"/>
        </itemgroup>
        <itemgroup formposition="10" maxresponses="0" maxitems="ALL">
          <identifier version="3" name="200-263630717:I-200-182928" uniqueid="200-263630717:I-200-182928"/>
          <groupitem blockid="A" groupposition="1" isfieldtest="false" responserequired="true" formposition="14" adminrequired="true" itemid="200-182928" isactive="true"/>
        </itemgroup>
        <itemgroup formposition="11" maxresponses="ALL" maxitems="ALL">
          <identifier version="3" name="200-263630717:G-200-171000-0" uniqueid="200-263630717:G-200-171000-0"/>
          <passageref>200-171000</passageref>
          <groupitem blockid="A" groupposition="1" isfieldtest="false" responserequired="true" formposition="15" adminrequired="true" itemid="200-33715" isactive="true"/>
          <groupitem blockid="A" groupposition="2" isfieldtest="false" responserequired="true" formposition="16" adminrequired="true" itemid="200-33717" isactive="true"/>
          <groupitem blockid="A" groupposition="3" isfieldtest="false" responserequired="true" formposition="17" adminrequired="true" itemid="200-33719" isactive="true"/>
        </itemgroup>
        <itemgroup formposition="12" maxresponses="0" maxitems="ALL">
          <identifier version="3" name="200-263630717:I-200-94357" uniqueid="200-263630717:I-200-94357"/>
          <groupitem blockid="A" groupposition="1" isfieldtest="false" responserequired="true" formposition="18" adminrequired="true" itemid="200-94357" isactive="true"/>
        </itemgroup>
      </formpartition>
    </testform>
    <testform length="18">
      <identifier version="3" name="(SBAC)SBAC-ICA-IRP-ELA-FIXED-4-2023-2024:Default-ENU" uniqueid="(SBAC)SBAC-ICA-IRP-ELA-FIXED-4-2023-2024:Default-ENU"/>
      <property label="English" name="Language" value="ENU"/>
      <formpartition>
        <identifier version="3" name="Grade 4 ELA - IRP Comprehensive Assessment (ICA)::ENU" uniqueid="200-263633485"/>
        <itemgroup formposition="1" maxresponses="0" maxitems="ALL">
          <identifier version="3" name="200-263633485:I-200-123964" uniqueid="200-263633485:I-200-123964"/>
          <groupitem blockid="A" groupposition="1" isfieldtest="false" responserequired="true" formposition="1" adminrequired="true" itemid="200-123964" isactive="true"/>
        </itemgroup>
        <itemgroup formposition="2" maxresponses="0" maxitems="ALL">
          <identifier version="3" name="200-263633485:I-200-182823" uniqueid="200-263633485:I-200-182823"/>
          <groupitem blockid="A" groupposition="1" isfieldtest="false" responserequired="true" formposition="2" adminrequired="true" itemid="200-182823" isactive="true"/>
        </itemgroup>
        <itemgroup formposition="3" maxresponses="ALL" maxitems="ALL">
          <identifier version="3" name="200-263633485:G-200-193773-0" uniqueid="200-263633485:G-200-193773-0"/>
          <passageref>200-193773</passageref>
          <groupitem blockid="A" groupposition="1" isfieldtest="false" responserequired="true" formposition="3" adminrequired="true" itemid="200-182828" isactive="true"/>
          <groupitem blockid="A" groupposition="2" isfieldtest="false" responserequired="true" formposition="4" adminrequired="true" itemid="200-182830" isactive="true"/>
        </itemgroup>
        <itemgroup formposition="4" maxresponses="0" maxitems="ALL">
          <identifier version="3" name="200-263633485:I-200-182835" uniqueid="200-263633485:I-200-182835"/>
          <groupitem blockid="A" groupposition="1" isfieldtest="false" responserequired="true" formposition="5" adminrequired="true" itemid="200-182835" isactive="true"/>
        </itemgroup>
        <itemgroup formposition="5" maxresponses="ALL" maxitems="ALL">
          <identifier version="3" name="200-263633485:G-200-193775-0" uniqueid="200-263633485:G-200-193775-0"/>
          <passageref>200-193775</passageref>
          <groupitem blockid="A" groupposition="1" isfieldtest="false" responserequired="true" formposition="6" adminrequired="true" itemid="200-182851" isactive="true"/>
          <groupitem blockid="A" groupposition="2" isfieldtest="false" responserequired="true" formposition="7" adminrequired="true" itemid="200-182852" isactive="true"/>
          <groupitem blockid="A" groupposition="3" isfieldtest="false" responserequired="true" formposition="8" adminrequired="true" itemid="200-182854" isactive="true"/>
          <groupitem blockid="A" groupposition="4" isfieldtest="false" responserequired="true" formposition="9" adminrequired="true" itemid="200-182856" isactive="true"/>
        </itemgroup>
        <itemgroup formposition="6" maxresponses="0" maxitems="ALL">
          <identifier version="3" name="200-263633485:I-200-182872" uniqueid="200-263633485:I-200-182872"/>
          <groupitem blockid="A" groupposition="1" isfieldtest="false" responserequired="true" formposition="10" adminrequired="true" itemid="200-182872" isactive="true"/>
        </itemgroup>
        <itemgroup formposition="7" maxresponses="0" maxitems="ALL">
          <identifier version="3" name="200-263633485:I-200-182874" uniqueid="200-263633485:I-200-182874"/>
          <groupitem blockid="A" groupposition="1" isfieldtest="false" responserequired="true" formposition="11" adminrequired="true" itemid="200-182874" isactive="true"/>
        </itemgroup>
        <itemgroup formposition="8" maxresponses="0" maxitems="ALL">
          <identifier version="3" name="200-263633485:G-200-193779-0" uniqueid="200-263633485:G-200-193779-0"/>
          <passageref>200-193779</passageref>
          <groupitem blockid="A" groupposition="1" isfieldtest="false" responserequired="true" formposition="12" adminrequired="true" itemid="200-182899" isactive="true"/>
        </itemgroup>
        <itemgroup formposition="9" maxresponses="0" maxitems="ALL">
          <identifier version="3" name="200-263633485:I-200-182913" uniqueid="200-263633485:I-200-182913"/>
          <groupitem blockid="A" groupposition="1" isfieldtest="false" responserequired="true" formposition="13" adminrequired="true" itemid="200-182913" isactive="true"/>
        </itemgroup>
        <itemgroup formposition="10" maxresponses="0" maxitems="ALL">
          <identifier version="3" name="200-263633485:I-200-182928" uniqueid="200-263633485:I-200-182928"/>
          <groupitem blockid="A" groupposition="1" isfieldtest="false" responserequired="true" formposition="14" adminrequired="true" itemid="200-182928" isactive="true"/>
        </itemgroup>
        <itemgroup formposition="11" maxresponses="ALL" maxitems="ALL">
          <identifier version="3" name="200-263633485:G-200-171000-0" uniqueid="200-263633485:G-200-171000-0"/>
          <passageref>200-171000</passageref>
          <groupitem blockid="A" groupposition="1" isfieldtest="false" responserequired="true" formposition="15" adminrequired="true" itemid="200-33715" isactive="true"/>
          <groupitem blockid="A" groupposition="2" isfieldtest="false" responserequired="true" formposition="16" adminrequired="true" itemid="200-33717" isactive="true"/>
          <groupitem blockid="A" groupposition="3" isfieldtest="false" responserequired="true" formposition="17" adminrequired="true" itemid="200-33719" isactive="true"/>
        </itemgroup>
        <itemgroup formposition="12" maxresponses="0" maxitems="ALL">
          <identifier version="3" name="200-263633485:I-200-94357" uniqueid="200-263633485:I-200-94357"/>
          <groupitem blockid="A" groupposition="1" isfieldtest="false" responserequired="true" formposition="18" adminrequired="true" itemid="200-94357" isactive="true"/>
        </itemgroup>
      </formpartition>
    </testform>
    <adminsegment position="1" segmentid="(SBAC)SBAC-ICA-IRP-ELA-FIXED-4-2023-2024" itemselection="fixedform">
      <segmentblueprint>
        <segmentbpelement bpelementid="SBAC-4-CR|3-4" minopitems="0" maxopitems="1"/>
        <segmentbpelement bpelementid="SBAC-3-L|4-4" minopitems="0" maxopitems="5"/>
        <segmentbpelement bpelementid="SBAC-4-CR|4-4" minopitems="0" maxopitems="1"/>
        <segmentbpelement bpelementid="SBAC-4-CR|4-4|4.W.9" minopitems="0" maxopitems="1"/>
        <segmentbpelement bpelementid="SBAC-4-CR|2-4" minopitems="0" maxopitems="1"/>
        <segmentbpelement bpelementid="SBAC-1-LT|4-4|4.RL.3" minopitems="0" maxopitems="1"/>
        <segmentbpelement bpelementid="SBAC-2-W|9-4|4.L.2" minopitems="0" maxopitems="1"/>
        <segmentbpelement bpelementid="SBAC-1-IT|10-4" minopitems="0" maxopitems="1"/>
        <segmentbpelement bpelementid="SBAC-ICA-IRP-ELA-FIXED-4" minopitems="0" maxopitems="18"/>
        <segmentbpelement bpelementid="SBAC-1-IT" minopitems="0" maxopitems="4"/>
        <segmentbpelement bpelementid="SBAC-1-IT|9-4|4.RI.2" minopitems="0" maxopitems="2"/>
        <segmentbpelement bpelementid="SBAC-2-W|3-4|4.W.2c" minopitems="0" maxopitems="1"/>
        <segmentbpelement bpelementid="SBAC-1-IT|8-4" minopitems="0" maxopitems="1"/>
        <segmentbpelement bpelementid="SBAC-1-IT|9-4" minopitems="0" maxopitems="2"/>
        <segmentbpelement bpelementid="SBAC-1-LT|4-4" minopitems="0" maxopitems="1"/>
        <segmentbpelement bpelementid="SBAC-2-W|6-4" minopitems="0" maxopitems="1"/>
        <segmentbpelement bpelementid="SBAC-4-CR|2-4|4.W.8" minopitems="0" maxopitems="1"/>
        <segmentbpelement bpelementid="SBAC-2-W|8-4" minopitems="0" maxopitems="1"/>
        <segmentbpelement bpelementid="SBAC-2-W|1-4" minopitems="0" maxopitems="1"/>
        <segmentbpelement bpelementid="SBAC-2-W|3-4" minopitems="0" maxopitems="1"/>
        <segmentbpelement bpelementid="SBAC-4-CR|3-4|4.W.8" minopitems="0" maxopitems="1"/>
        <segmentbpelement bpelementid="SBAC-2-W|9-4" minopitems="0" maxopitems="1"/>
        <segmentbpelement bpelementid="SBAC-2-W|8-4|4.W.2d" minopitems="0" maxopitems="1"/>
        <segmentbpelement bpelementid="SBAC-2-W|1-4|4.W.3b" minopitems="0" maxopitems="1"/>
        <segmentbpelement bpelementid="SBAC-1-IT|8-4|4.RI.1" minopitems="0" maxopitems="1"/>
        <segmentbpelement bpelementid="SBAC-4-CR" minopitems="0" maxopitems="3"/>
        <segmentbpelement bpelementid="SBAC-3-L" minopitems="0" maxopitems="5"/>
        <segmentbpelement bpelementid="SBAC-1-LT" minopitems="0" maxopitems="1"/>
        <segmentbpelement bpelementid="SBAC-2-W|6-4|4.W.1b" minopitems="0" maxopitems="1"/>
        <segmentbpelement bpelementid="SBAC-3-L|4-4|4.SL.2" minopitems="0" maxopitems="4"/>
        <segmentbpelement bpelementid="SBAC-3-L|4-4|4.SL.3" minopitems="0" maxopitems="1"/>
        <segmentbpelement bpelementid="SBAC-2-W" minopitems="0" maxopitems="5"/>
        <segmentbpelement bpelementid="SBAC-1-IT|10-4|4.RI.4" minopitems="0" maxopitems="1"/>
      </segmentblueprint>
      <itemselector type="fixedform">
        <identifier version="3" label="FAIRWAY FIXEDFORM" name="FAIRWAY FIXEDFORM" uniqueid="FAIRWAY FIXEDFORM"/>
        <itemselectionparameter bpelementid="(SBAC)SBAC-ICA-IRP-ELA-FIXED-4-2023-2024">
          <property label="slope" name="slope" value="85.8"/>
          <property label="intercept" name="intercept" value="2508.2"/>
        </itemselectionparameter>
      </itemselector>
      <segmentform formpartitionid="200-263633485"/>
      <segmentform formpartitionid="200-263630717"/>
    </adminsegment>
  </administration>
</testspecification>
