<testspecification version="1" purpose="administration" publishdate="Mar 27 2020 12:14AM" publisher="SBAC">
  <identifier version="4" label="Grade 7 ELA - Performance Task - IRP (ICA)" name="SBAC-ICA-IRP-ELA-PT-7" uniqueid="(SBAC)SBAC-ICA-IRP-ELA-PT-7-2023-2024"/>
  <property label="ELA" name="subject" value="ELA"/>
  <property label="interim" name="type" value="interim"/>
  <property label="7" name="grade" value="7"/>
  <administration>
    <testblueprint>
      <bpelement maxftitems="0" opitemcount="3" elementtype="test" minopitems="0" maxopitems="3" ftitemcount="0" minftitems="0">
        <identifier version="4" name="SBAC-ICA-IRP-ELA-PT-7" uniqueid="(SBAC)SBAC-ICA-IRP-ELA-PT-7-2023-2024"/>
      </bpelement>
      <bpelement maxftitems="0" opitemcount="1" elementtype="segment" minopitems="0" maxopitems="1" ftitemcount="0" minftitems="0">
        <identifier version="4" name="SBAC-ICA-IRP-ELA-PT-7-SEG1-PT1" uniqueid="(SBAC)SBAC-ICA-IRP-ELA-PT-7-SEG1-PT1-2023-2024"/>
      </bpelement>
      <bpelement maxftitems="0" opitemcount="2" elementtype="segment" minopitems="0" maxopitems="2" ftitemcount="0" minftitems="0">
        <identifier version="4" name="SBAC-ICA-IRP-ELA-PT-7-SEG2-PT2" uniqueid="(SBAC)SBAC-ICA-IRP-ELA-PT-7-SEG2-PT2-2023-2024"/>
      </bpelement>
      <bpelement maxftitems="0" opitemcount="1" elementtype="contentlevel" minopitems="0" maxopitems="1" parentid="SBAC-4-CR" ftitemcount="0" minftitems="0">
        <identifier version="4" name="4-CR|4-7" uniqueid="SBAC-4-CR|4-7"/>
      </bpelement>
      <bpelement maxftitems="0" opitemcount="1" elementtype="contentlevel" minopitems="0" maxopitems="1" parentid="SBAC-4-CR" ftitemcount="0" minftitems="0">
        <identifier version="4" name="4-CR|3-7" uniqueid="SBAC-4-CR|3-7"/>
      </bpelement>
      <bpelement maxftitems="0" opitemcount="1" elementtype="contentlevel" minopitems="0" maxopitems="1" parentid="SBAC-2-W" ftitemcount="0" minftitems="0">
        <identifier version="4" name="2-W|2-7" uniqueid="SBAC-2-W|2-7"/>
      </bpelement>
      <bpelement maxftitems="0" opitemcount="2" elementtype="strand" minopitems="0" maxopitems="2" ftitemcount="0" minftitems="0">
        <identifier version="4" name="4-CR" uniqueid="SBAC-4-CR"/>
      </bpelement>
      <bpelement maxftitems="0" opitemcount="1" elementtype="contentlevel" minopitems="0" maxopitems="1" parentid="SBAC-2-W|2-7" ftitemcount="0" minftitems="0">
        <identifier version="4" name="2-W|2-7|7.W.3a" uniqueid="SBAC-2-W|2-7|7.W.3a"/>
      </bpelement>
      <bpelement maxftitems="0" opitemcount="1" elementtype="contentlevel" minopitems="0" maxopitems="1" parentid="SBAC-4-CR|4-7" ftitemcount="0" minftitems="0">
        <identifier version="4" name="4-CR|4-7|7.W.8" uniqueid="SBAC-4-CR|4-7|7.W.8"/>
      </bpelement>
      <bpelement maxftitems="0" opitemcount="1" elementtype="contentlevel" minopitems="0" maxopitems="1" parentid="SBAC-4-CR|3-7" ftitemcount="0" minftitems="0">
        <identifier version="4" name="4-CR|3-7|7.W.8" uniqueid="SBAC-4-CR|3-7|7.W.8"/>
      </bpelement>
      <bpelement maxftitems="0" opitemcount="1" elementtype="strand" minopitems="0" maxopitems="1" ftitemcount="0" minftitems="0">
        <identifier version="4" name="2-W" uniqueid="SBAC-2-W"/>
      </bpelement>
    </testblueprint>
    <itempool>
      <passage filename="stim-200-171857.xml">
        <identifier version="4" uniqueid="200-171857"/>
      </passage>
      <testitem itemtype="MC" filename="item-200-55391.xml">
        <identifier version="4" uniqueid="200-55391"/>
        <bpref>(SBAC)SBAC-ICA-IRP-ELA-PT-7-SEG1-PT1-2023-2024</bpref>
        <bpref>SBAC-4-CR</bpref>
        <bpref>SBAC-4-CR|3-7</bpref>
        <bpref>SBAC-4-CR|3-7|7.W.8</bpref>
        <passageref>200-171857</passageref>
        <poolproperty label="English" value="ENU" property="Language"/>
        <poolproperty label="Braille" value="ENU-Braille" property="Language"/>
        <poolproperty label="ItemType = MC" value="MC" property="--ITEMTYPE--"/>
        <poolproperty label="Answer Key = A" value="A" property="Answer Key"/>
        <poolproperty label="ASL = N" value="N" property="ASL"/>
        <poolproperty label="Braille = BRF" value="BRF" property="Braille"/>
        <poolproperty label="Depth of Knowledge = 3" value="3" property="Depth of Knowledge"/>
        <poolproperty label="Grade = 7" value="7" property="Grade"/>
        <poolproperty label="Scoring Engine = Automatic with Key" value="Automatic with Key" property="Scoring Engine"/>
        <itemscoredimension measurementmodel="IRT3PLn" weight="1.0" scorepoints="1">
          <itemscoreparameter value="0.59364" measurementparameter="a"/>
          <itemscoreparameter value="0.54401" measurementparameter="b"/>
          <itemscoreparameter value="0.0" measurementparameter="c"/>
        </itemscoredimension>
      </testitem>
      <testitem itemtype="SA" filename="item-200-61210.xml">
        <identifier version="4" uniqueid="200-61210"/>
        <bpref>(SBAC)SBAC-ICA-IRP-ELA-PT-7-SEG2-PT2-2023-2024</bpref>
        <bpref>SBAC-4-CR</bpref>
        <bpref>SBAC-4-CR|4-7</bpref>
        <bpref>SBAC-4-CR|4-7|7.W.8</bpref>
        <passageref>200-171857</passageref>
        <poolproperty label="English" value="ENU" property="Language"/>
        <poolproperty label="Braille" value="ENU-Braille" property="Language"/>
        <poolproperty label="ItemType = SA" value="SA" property="--ITEMTYPE--"/>
        <poolproperty label="Answer Key = SA" value="SA" property="Answer Key"/>
        <poolproperty label="ASL = N" value="N" property="ASL"/>
        <poolproperty label="Braille = BRF" value="BRF" property="Braille"/>
        <poolproperty label="Depth of Knowledge = 3" value="3" property="Depth of Knowledge"/>
        <poolproperty label="Grade = 7" value="7" property="Grade"/>
        <poolproperty label="Scoring Engine = HandScored" value="HandScored" property="Scoring Engine"/>
        <itemscoredimension measurementmodel="IRTGPC" weight="1.0" scorepoints="2">
          <itemscoreparameter value="0.76435" measurementparameter="a"/>
          <itemscoreparameter value="0.43464" measurementparameter="b0"/>
          <itemscoreparameter value="1.76102" measurementparameter="b1"/>
        </itemscoredimension>
      </testitem>
      <testitem itemtype="WER" filename="item-200-55393.xml">
        <identifier version="4" uniqueid="200-55393"/>
        <bpref>(SBAC)SBAC-ICA-IRP-ELA-PT-7-SEG2-PT2-2023-2024</bpref>
        <bpref>SBAC-2-W</bpref>
        <bpref>SBAC-2-W|2-7</bpref>
        <bpref>SBAC-2-W|2-7|7.W.3a</bpref>
        <passageref>200-171857</passageref>
        <poolproperty label="English" value="ENU" property="Language"/>
        <poolproperty label="Braille" value="ENU-Braille" property="Language"/>
        <poolproperty label="ItemType = WER" value="WER" property="--ITEMTYPE--"/>
        <poolproperty label="Answer Key = WER" value="WER" property="Answer Key"/>
        <poolproperty label="ASL = N" value="N" property="ASL"/>
        <poolproperty label="Braille = BRF" value="BRF" property="Braille"/>
        <poolproperty label="Depth of Knowledge = 4" value="4" property="Depth of Knowledge"/>
        <poolproperty label="Grade = 7" value="7" property="Grade"/>
        <poolproperty label="Scoring Engine = HandScored" value="HandScored" property="Scoring Engine"/>
        <itemscoredimension measurementmodel="IRTGPC" weight="1.0" dimension="C" scorepoints="2">
          <itemscoreparameter value="0.9452" measurementparameter="a"/>
          <itemscoreparameter value="-0.21148" measurementparameter="b0"/>
          <itemscoreparameter value="0.54702" measurementparameter="b1"/>
        </itemscoredimension>
        <itemscoredimension measurementmodel="IRTGPC" weight="1.0" dimension="D" scorepoints="4">
          <itemscoreparameter value="0.61023" measurementparameter="a"/>
          <itemscoreparameter value="-0.68479" measurementparameter="b0"/>
          <itemscoreparameter value="-0.1517" measurementparameter="b1"/>
          <itemscoreparameter value="1.25336" measurementparameter="b2"/>
          <itemscoreparameter value="3.15217" measurementparameter="b3"/>
        </itemscoredimension>
      </testitem>
    </itempool>
    <testform length="3">
      <identifier version="4" name="(SBAC)SBAC-ICA-IRP-ELA-PT-7-2023-2024:Default-ENU" uniqueid="(SBAC)SBAC-ICA-IRP-ELA-PT-7-2023-2024:Default-ENU"/>
      <property label="English" name="Language" value="ENU"/>
      <formpartition>
        <identifier version="4" name="Grade 7 ELA - Performance Task - IRP - PT1 (ICA)::ENU" uniqueid="200-1828789612"/>
        <itemgroup formposition="1" maxresponses="0" maxitems="ALL">
          <identifier version="4" name="200-1828789612:G-200-171857-1" uniqueid="200-1828789612:G-200-171857-1"/>
          <passageref>200-171857</passageref>
          <groupitem blockid="A" groupposition="1" isfieldtest="false" responserequired="true" formposition="1" adminrequired="true" itemid="200-55391" isactive="true"/>
        </itemgroup>
      </formpartition>
      <formpartition>
        <identifier version="4" name="Grade 7 ELA - Performance Task - IRP - PT2 (ICA)::ENU" uniqueid="200-1699706893"/>
        <itemgroup formposition="1" maxresponses="ALL" maxitems="ALL">
          <identifier version="4" name="200-1699706893:G-200-171857-2" uniqueid="200-1699706893:G-200-171857-2"/>
          <passageref>200-171857</passageref>
          <groupitem blockid="A" groupposition="1" isfieldtest="false" responserequired="true" formposition="1" adminrequired="true" itemid="200-61210" isactive="true"/>
          <groupitem blockid="A" groupposition="2" isfieldtest="false" responserequired="true" formposition="2" adminrequired="true" itemid="200-55393" isactive="true"/>
        </itemgroup>
      </formpartition>
    </testform>
    <testform length="3">
      <identifier version="4" name="(SBAC)SBAC-ICA-IRP-ELA-PT-7-2023-2024:Default-ENU-Braille" uniqueid="(SBAC)SBAC-ICA-IRP-ELA-PT-7-2023-2024:Default-ENU-Braille"/>
      <property label="Braille" name="Language" value="ENU-Braille"/>
      <formpartition>
        <identifier version="4" name="Grade 7 ELA - Performance Task - IRP - PT1 (ICA)::BRL" uniqueid="200-1828792380"/>
        <itemgroup formposition="1" maxresponses="0" maxitems="ALL">
          <identifier version="4" name="200-1828792380:G-200-171857-1" uniqueid="200-1828792380:G-200-171857-1"/>
          <passageref>200-171857</passageref>
          <groupitem blockid="A" groupposition="1" isfieldtest="false" responserequired="true" formposition="1" adminrequired="true" itemid="200-55391" isactive="true"/>
        </itemgroup>
      </formpartition>
      <formpartition>
        <identifier version="4" name="Grade 7 ELA - Performance Task - IRP - PT2 (ICA)::BRL" uniqueid="200-1699709661"/>
        <itemgroup formposition="1" maxresponses="ALL" maxitems="ALL">
          <identifier version="4" name="200-1699709661:G-200-171857-2" uniqueid="200-1699709661:G-200-171857-2"/>
          <passageref>200-171857</passageref>
          <groupitem blockid="A" groupposition="1" isfieldtest="false" responserequired="true" formposition="1" adminrequired="true" itemid="200-61210" isactive="true"/>
          <groupitem blockid="A" groupposition="2" isfieldtest="false" responserequired="true" formposition="2" adminrequired="true" itemid="200-55393" isactive="true"/>
        </itemgroup>
      </formpartition>
    </testform>
    <adminsegment position="1" segmentid="(SBAC)SBAC-ICA-IRP-ELA-PT-7-SEG1-PT1-2023-2024" itemselection="fixedform">
      <segmentblueprint>
        <segmentbpelement bpelementid="SBAC-4-CR" minopitems="0" maxopitems="1"/>
        <segmentbpelement bpelementid="SBAC-ICA-IRP-ELA-PT-7-SEG1-PT1" minopitems="0" maxopitems="1"/>
        <segmentbpelement bpelementid="SBAC-4-CR|3-7|7.W.8" minopitems="0" maxopitems="1"/>
        <segmentbpelement bpelementid="SBAC-4-CR|3-7" minopitems="0" maxopitems="1"/>
      </segmentblueprint>
      <itemselector type="fixedform">
        <identifier version="4" label="FAIRWAY FIXEDFORM" name="FAIRWAY FIXEDFORM" uniqueid="FAIRWAY FIXEDFORM"/>
        <itemselectionparameter bpelementid="(SBAC)SBAC-ICA-IRP-ELA-PT-7-SEG1-PT1-2023-2024">
          <property label="slope" name="slope" value="85.8"/>
          <property label="intercept" name="intercept" value="2508.2"/>
        </itemselectionparameter>
      </itemselector>
      <segmentform formpartitionid="200-1828789612"/>
      <segmentform formpartitionid="200-1828792380"/>
    </adminsegment>
    <adminsegment position="2" segmentid="(SBAC)SBAC-ICA-IRP-ELA-PT-7-SEG2-PT2-2023-2024" itemselection="fixedform">
      <segmentblueprint>
        <segmentbpelement bpelementid="SBAC-4-CR" minopitems="0" maxopitems="1"/>
        <segmentbpelement bpelementid="SBAC-2-W|2-7|7.W.3a" minopitems="0" maxopitems="1"/>
        <segmentbpelement bpelementid="SBAC-ICA-IRP-ELA-PT-7-SEG2-PT2" minopitems="0" maxopitems="2"/>
        <segmentbpelement bpelementid="SBAC-4-CR|4-7|7.W.8" minopitems="0" maxopitems="1"/>
        <segmentbpelement bpelementid="SBAC-2-W|2-7" minopitems="0" maxopitems="1"/>
        <segmentbpelement bpelementid="SBAC-4-CR|4-7" minopitems="0" maxopitems="1"/>
        <segmentbpelement bpelementid="SBAC-2-W" minopitems="0" maxopitems="1"/>
      </segmentblueprint>
      <itemselector type="fixedform">
        <identifier version="4" label="FAIRWAY FIXEDFORM" name="FAIRWAY FIXEDFORM" uniqueid="FAIRWAY FIXEDFORM"/>
        <itemselectionparameter bpelementid="(SBAC)SBAC-ICA-IRP-ELA-PT-7-SEG2-PT2-2023-2024">
          <property label="slope" name="slope" value="85.8"/>
          <property label="intercept" name="intercept" value="2508.2"/>
        </itemselectionparameter>
      </itemselector>
      <segmentform formpartitionid="200-1699706893"/>
      <segmentform formpartitionid="200-1699709661"/>
    </adminsegment>
  </administration>
</testspecification>
