<testspecification version="1" purpose="administration" publishdate="Mar 27 2020 12:14AM" publisher="SBAC">
  <identifier version="4" label="Grade 4 MATH - Performance Task - IRP (ICA)" name="SBAC-ICA-IRP-MATH-PT-4" uniqueid="(SBAC)SBAC-ICA-IRP-MATH-PT-4-2023-2024"/>
  <property label="MATH" name="subject" value="MATH"/>
  <property label="interim" name="type" value="interim"/>
  <property label="4" name="grade" value="4"/>
  <administration>
    <testblueprint>
      <bpelement maxftitems="0" opitemcount="6" elementtype="test" minopitems="0" maxopitems="6" ftitemcount="0" minftitems="0">
        <identifier version="4" name="SBAC-ICA-IRP-MATH-PT-4" uniqueid="(SBAC)SBAC-ICA-IRP-MATH-PT-4-2023-2024"/>
      </bpelement>
      <bpelement maxftitems="0" opitemcount="6" elementtype="segment" minopitems="0" maxopitems="6" ftitemcount="0" minftitems="0">
        <identifier version="4" name="SBAC-ICA-IRP-MATH-PT-4" uniqueid="(SBAC)SBAC-ICA-IRP-MATH-PT-4-2023-2024"/>
      </bpelement>
      <bpelement maxftitems="0" opitemcount="1" elementtype="contentlevel" minopitems="0" maxopitems="1" parentid="SBAC-4|OA" ftitemcount="0" minftitems="0">
        <identifier version="4" name="4|OA|NA" uniqueid="SBAC-4|OA|NA"/>
      </bpelement>
      <bpelement maxftitems="0" opitemcount="1" elementtype="contentlevel" minopitems="0" maxopitems="1" parentid="SBAC-4" ftitemcount="0" minftitems="0">
        <identifier version="4" name="4|OA" uniqueid="SBAC-4|OA"/>
      </bpelement>
      <bpelement maxftitems="0" opitemcount="2" elementtype="contentlevel" minopitems="0" maxopitems="2" parentid="SBAC-2" ftitemcount="0" minftitems="0">
        <identifier version="4" name="2|OA" uniqueid="SBAC-2|OA"/>
      </bpelement>
      <bpelement maxftitems="0" opitemcount="2" elementtype="contentlevel" minopitems="0" maxopitems="2" parentid="SBAC-2|OA|NA" ftitemcount="0" minftitems="0">
        <identifier version="4" name="2|OA|NA|A-4" uniqueid="SBAC-2|OA|NA|A-4"/>
      </bpelement>
      <bpelement maxftitems="0" opitemcount="2" elementtype="contentlevel" minopitems="0" maxopitems="2" parentid="SBAC-3|OA|NA" ftitemcount="0" minftitems="0">
        <identifier version="4" name="3|OA|NA|B-4" uniqueid="SBAC-3|OA|NA|B-4"/>
      </bpelement>
      <bpelement maxftitems="0" opitemcount="2" elementtype="contentlevel" minopitems="0" maxopitems="2" parentid="SBAC-2|OA" ftitemcount="0" minftitems="0">
        <identifier version="4" name="2|OA|NA" uniqueid="SBAC-2|OA|NA"/>
      </bpelement>
      <bpelement maxftitems="0" opitemcount="1" elementtype="contentlevel" minopitems="0" maxopitems="1" parentid="SBAC-3|OA|NA" ftitemcount="0" minftitems="0">
        <identifier version="4" name="3|OA|NA|E-4" uniqueid="SBAC-3|OA|NA|E-4"/>
      </bpelement>
      <bpelement maxftitems="0" opitemcount="3" elementtype="contentlevel" minopitems="0" maxopitems="3" parentid="SBAC-3" ftitemcount="0" minftitems="0">
        <identifier version="4" name="3|OA" uniqueid="SBAC-3|OA"/>
      </bpelement>
      <bpelement maxftitems="0" opitemcount="2" elementtype="strand" minopitems="0" maxopitems="2" ftitemcount="0" minftitems="0">
        <identifier version="4" name="2" uniqueid="SBAC-2"/>
      </bpelement>
      <bpelement maxftitems="0" opitemcount="3" elementtype="strand" minopitems="0" maxopitems="3" ftitemcount="0" minftitems="0">
        <identifier version="4" name="3" uniqueid="SBAC-3"/>
      </bpelement>
      <bpelement maxftitems="0" opitemcount="1" elementtype="strand" minopitems="0" maxopitems="1" ftitemcount="0" minftitems="0">
        <identifier version="4" name="4" uniqueid="SBAC-4"/>
      </bpelement>
      <bpelement maxftitems="0" opitemcount="3" elementtype="contentlevel" minopitems="0" maxopitems="3" parentid="SBAC-3|OA" ftitemcount="0" minftitems="0">
        <identifier version="4" name="3|OA|NA" uniqueid="SBAC-3|OA|NA"/>
      </bpelement>
      <bpelement maxftitems="0" opitemcount="1" elementtype="contentlevel" minopitems="0" maxopitems="1" parentid="SBAC-4|OA|NA" ftitemcount="0" minftitems="0">
        <identifier version="4" name="4|OA|NA|A-4" uniqueid="SBAC-4|OA|NA|A-4"/>
      </bpelement>
    </testblueprint>
    <itempool>
      <passage filename="stim-200-172081.xml">
        <identifier version="4" uniqueid="200-172081"/>
      </passage>
      <testitem itemtype="EQ" filename="item-200-77953.xml">
        <identifier version="4" uniqueid="200-77953"/>
        <bpref>(SBAC)SBAC-ICA-IRP-MATH-PT-4-2023-2024</bpref>
        <bpref>SBAC-2</bpref>
        <bpref>SBAC-2|OA</bpref>
        <bpref>SBAC-2|OA|NA</bpref>
        <bpref>SBAC-2|OA|NA|A-4</bpref>
        <passageref>200-172081</passageref>
        <poolproperty label="English" value="ENU" property="Language"/>
        <poolproperty label="Braille" value="ENU-Braille" property="Language"/>
        <poolproperty label="Spanish" value="ESN" property="Language"/>
        <poolproperty label="ItemType = EQ" value="EQ" property="--ITEMTYPE--"/>
        <poolproperty label="Answer Key = EQ" value="EQ" property="Answer Key"/>
        <poolproperty label="ASL = Y" value="Y" property="ASL"/>
        <poolproperty label="Braille = BRF" value="BRF" property="Braille"/>
        <poolproperty label="Depth of Knowledge = 2" value="2" property="Depth of Knowledge"/>
        <poolproperty label="Grade = 4" value="4" property="Grade"/>
        <poolproperty label="Scoring Engine = Automatic with Machine Rubric" value="Automatic with Machine Rubric" property="Scoring Engine"/>
        <itemscoredimension measurementmodel="IRT3PLn" weight="1.0" scorepoints="1">
          <itemscoreparameter value="0.8984" measurementparameter="a"/>
          <itemscoreparameter value="-1.4468" measurementparameter="b"/>
          <itemscoreparameter value="0.0" measurementparameter="c"/>
        </itemscoredimension>
      </testitem>
      <testitem itemtype="EQ" filename="item-200-77954.xml">
        <identifier version="4" uniqueid="200-77954"/>
        <bpref>(SBAC)SBAC-ICA-IRP-MATH-PT-4-2023-2024</bpref>
        <bpref>SBAC-2</bpref>
        <bpref>SBAC-2|OA</bpref>
        <bpref>SBAC-2|OA|NA</bpref>
        <bpref>SBAC-2|OA|NA|A-4</bpref>
        <passageref>200-172081</passageref>
        <poolproperty label="English" value="ENU" property="Language"/>
        <poolproperty label="Braille" value="ENU-Braille" property="Language"/>
        <poolproperty label="Spanish" value="ESN" property="Language"/>
        <poolproperty label="ItemType = EQ" value="EQ" property="--ITEMTYPE--"/>
        <poolproperty label="Answer Key = EQ" value="EQ" property="Answer Key"/>
        <poolproperty label="ASL = Y" value="Y" property="ASL"/>
        <poolproperty label="Braille = BRF" value="BRF" property="Braille"/>
        <poolproperty label="Depth of Knowledge = 2" value="2" property="Depth of Knowledge"/>
        <poolproperty label="Grade = 4" value="4" property="Grade"/>
        <poolproperty label="Scoring Engine = Automatic with Machine Rubric" value="Automatic with Machine Rubric" property="Scoring Engine"/>
        <itemscoredimension measurementmodel="IRT3PLn" weight="1.0" scorepoints="1">
          <itemscoreparameter value="0.9138" measurementparameter="a"/>
          <itemscoreparameter value="-1.6668" measurementparameter="b"/>
          <itemscoreparameter value="0.0" measurementparameter="c"/>
        </itemscoredimension>
      </testitem>
      <testitem itemtype="SA" filename="item-200-77959.xml">
        <identifier version="4" uniqueid="200-77959"/>
        <bpref>(SBAC)SBAC-ICA-IRP-MATH-PT-4-2023-2024</bpref>
        <bpref>SBAC-3</bpref>
        <bpref>SBAC-3|OA</bpref>
        <bpref>SBAC-3|OA|NA</bpref>
        <bpref>SBAC-3|OA|NA|E-4</bpref>
        <passageref>200-172081</passageref>
        <poolproperty label="English" value="ENU" property="Language"/>
        <poolproperty label="Braille" value="ENU-Braille" property="Language"/>
        <poolproperty label="Spanish" value="ESN" property="Language"/>
        <poolproperty label="ItemType = SA" value="SA" property="--ITEMTYPE--"/>
        <poolproperty label="Answer Key = SA" value="SA" property="Answer Key"/>
        <poolproperty label="ASL = Y" value="Y" property="ASL"/>
        <poolproperty label="Braille = BRF" value="BRF" property="Braille"/>
        <poolproperty label="Depth of Knowledge = 3" value="3" property="Depth of Knowledge"/>
        <poolproperty label="Grade = 4" value="4" property="Grade"/>
        <poolproperty label="Scoring Engine = HandScored" value="HandScored" property="Scoring Engine"/>
        <itemscoredimension measurementmodel="IRT3PLn" weight="1.0" scorepoints="1">
          <itemscoreparameter value="1.0709" measurementparameter="a"/>
          <itemscoreparameter value="0.3808" measurementparameter="b"/>
          <itemscoreparameter value="0.0" measurementparameter="c"/>
        </itemscoredimension>
      </testitem>
      <testitem itemtype="SA" filename="item-200-77963.xml">
        <identifier version="4" uniqueid="200-77963"/>
        <bpref>(SBAC)SBAC-ICA-IRP-MATH-PT-4-2023-2024</bpref>
        <bpref>SBAC-3</bpref>
        <bpref>SBAC-3|OA</bpref>
        <bpref>SBAC-3|OA|NA</bpref>
        <bpref>SBAC-3|OA|NA|B-4</bpref>
        <passageref>200-172081</passageref>
        <poolproperty label="English" value="ENU" property="Language"/>
        <poolproperty label="Braille" value="ENU-Braille" property="Language"/>
        <poolproperty label="Spanish" value="ESN" property="Language"/>
        <poolproperty label="ItemType = SA" value="SA" property="--ITEMTYPE--"/>
        <poolproperty label="Answer Key = SA" value="SA" property="Answer Key"/>
        <poolproperty label="ASL = Y" value="Y" property="ASL"/>
        <poolproperty label="Braille = BRF" value="BRF" property="Braille"/>
        <poolproperty label="Depth of Knowledge = 3" value="3" property="Depth of Knowledge"/>
        <poolproperty label="Grade = 4" value="4" property="Grade"/>
        <poolproperty label="Scoring Engine = HandScored" value="HandScored" property="Scoring Engine"/>
        <itemscoredimension measurementmodel="IRTGPC" weight="1.0" scorepoints="2">
          <itemscoreparameter value="0.632" measurementparameter="a"/>
          <itemscoreparameter value="1.6623" measurementparameter="b0"/>
          <itemscoreparameter value="-0.0149" measurementparameter="b1"/>
        </itemscoredimension>
      </testitem>
      <testitem itemtype="TI" filename="item-200-77981.xml">
        <identifier version="4" uniqueid="200-77981"/>
        <bpref>(SBAC)SBAC-ICA-IRP-MATH-PT-4-2023-2024</bpref>
        <bpref>SBAC-4</bpref>
        <bpref>SBAC-4|OA</bpref>
        <bpref>SBAC-4|OA|NA</bpref>
        <bpref>SBAC-4|OA|NA|A-4</bpref>
        <passageref>200-172081</passageref>
        <poolproperty label="English" value="ENU" property="Language"/>
        <poolproperty label="Braille" value="ENU-Braille" property="Language"/>
        <poolproperty label="Spanish" value="ESN" property="Language"/>
        <poolproperty label="ItemType = TI" value="TI" property="--ITEMTYPE--"/>
        <poolproperty label="Answer Key = TI" value="TI" property="Answer Key"/>
        <poolproperty label="ASL = Y" value="Y" property="ASL"/>
        <poolproperty label="Braille = BRF" value="BRF" property="Braille"/>
        <poolproperty label="Depth of Knowledge = 2" value="2" property="Depth of Knowledge"/>
        <poolproperty label="Grade = 4" value="4" property="Grade"/>
        <poolproperty label="Scoring Engine = Automatic with Machine Rubric" value="Automatic with Machine Rubric" property="Scoring Engine"/>
        <itemscoredimension measurementmodel="IRTGPC" weight="1.0" scorepoints="2">
          <itemscoreparameter value="0.7056" measurementparameter="a"/>
          <itemscoreparameter value="0.0092" measurementparameter="b0"/>
          <itemscoreparameter value="-0.778" measurementparameter="b1"/>
        </itemscoredimension>
      </testitem>
      <testitem itemtype="SA" filename="item-200-77982.xml">
        <identifier version="4" uniqueid="200-77982"/>
        <bpref>(SBAC)SBAC-ICA-IRP-MATH-PT-4-2023-2024</bpref>
        <bpref>SBAC-3</bpref>
        <bpref>SBAC-3|OA</bpref>
        <bpref>SBAC-3|OA|NA</bpref>
        <bpref>SBAC-3|OA|NA|B-4</bpref>
        <passageref>200-172081</passageref>
        <poolproperty label="English" value="ENU" property="Language"/>
        <poolproperty label="Braille" value="ENU-Braille" property="Language"/>
        <poolproperty label="Spanish" value="ESN" property="Language"/>
        <poolproperty label="ItemType = SA" value="SA" property="--ITEMTYPE--"/>
        <poolproperty label="Answer Key = SA" value="SA" property="Answer Key"/>
        <poolproperty label="ASL = Y" value="Y" property="ASL"/>
        <poolproperty label="Braille = BRF" value="BRF" property="Braille"/>
        <poolproperty label="Depth of Knowledge = 3" value="3" property="Depth of Knowledge"/>
        <poolproperty label="Grade = 4" value="4" property="Grade"/>
        <poolproperty label="Scoring Engine = HandScored" value="HandScored" property="Scoring Engine"/>
        <itemscoredimension measurementmodel="IRTGPC" weight="1.0" scorepoints="2">
          <itemscoreparameter value="0.6816" measurementparameter="a"/>
          <itemscoreparameter value="-0.1433" measurementparameter="b0"/>
          <itemscoreparameter value="0.7231" measurementparameter="b1"/>
        </itemscoredimension>
      </testitem>
    </itempool>
    <testform length="6">
      <identifier version="4" name="(SBAC)SBAC-ICA-IRP-MATH-PT-4-2023-2024:Default-ESN" uniqueid="(SBAC)SBAC-ICA-IRP-MATH-PT-4-2023-2024:Default-ESN"/>
      <property label="Spanish" name="Language" value="ESN"/>
      <formpartition>
        <identifier version="4" name="Grade 4 MATH - Performance Task - IRP (ICA)::SPA" uniqueid="200-1873591995"/>
        <itemgroup formposition="1" maxresponses="ALL" maxitems="ALL">
          <identifier version="4" name="200-1873591995:G-200-172081-0" uniqueid="200-1873591995:G-200-172081-0"/>
          <passageref>200-172081</passageref>
          <groupitem blockid="A" groupposition="1" isfieldtest="false" responserequired="true" formposition="1" adminrequired="true" itemid="200-77953" isactive="true"/>
          <groupitem blockid="A" groupposition="2" isfieldtest="false" responserequired="true" formposition="2" adminrequired="true" itemid="200-77954" isactive="true"/>
          <groupitem blockid="A" groupposition="3" isfieldtest="false" responserequired="true" formposition="3" adminrequired="true" itemid="200-77959" isactive="true"/>
          <groupitem blockid="A" groupposition="4" isfieldtest="false" responserequired="true" formposition="4" adminrequired="true" itemid="200-77963" isactive="true"/>
          <groupitem blockid="A" groupposition="5" isfieldtest="false" responserequired="true" formposition="5" adminrequired="true" itemid="200-77981" isactive="true"/>
          <groupitem blockid="A" groupposition="6" isfieldtest="false" responserequired="true" formposition="6" adminrequired="true" itemid="200-77982" isactive="true"/>
        </itemgroup>
      </formpartition>
    </testform>
    <testform length="6">
      <identifier version="4" name="(SBAC)SBAC-ICA-IRP-MATH-PT-4-2023-2024:Default-ENU-Braille" uniqueid="(SBAC)SBAC-ICA-IRP-MATH-PT-4-2023-2024:Default-ENU-Braille"/>
      <property label="Braille" name="Language" value="ENU-Braille"/>
      <formpartition>
        <identifier version="4" name="Grade 4 MATH - Performance Task - IRP (ICA)::BRL" uniqueid="200-1873575731"/>
        <itemgroup formposition="1" maxresponses="ALL" maxitems="ALL">
          <identifier version="4" name="200-1873575731:G-200-172081-0" uniqueid="200-1873575731:G-200-172081-0"/>
          <passageref>200-172081</passageref>
          <groupitem blockid="A" groupposition="1" isfieldtest="false" responserequired="true" formposition="1" adminrequired="true" itemid="200-77953" isactive="true"/>
          <groupitem blockid="A" groupposition="2" isfieldtest="false" responserequired="true" formposition="2" adminrequired="true" itemid="200-77954" isactive="true"/>
          <groupitem blockid="A" groupposition="3" isfieldtest="false" responserequired="true" formposition="3" adminrequired="true" itemid="200-77959" isactive="true"/>
          <groupitem blockid="A" groupposition="4" isfieldtest="false" responserequired="true" formposition="4" adminrequired="true" itemid="200-77963" isactive="true"/>
          <groupitem blockid="A" groupposition="5" isfieldtest="false" responserequired="true" formposition="5" adminrequired="true" itemid="200-77981" isactive="true"/>
          <groupitem blockid="A" groupposition="6" isfieldtest="false" responserequired="true" formposition="6" adminrequired="true" itemid="200-77982" isactive="true"/>
        </itemgroup>
      </formpartition>
    </testform>
    <testform length="6">
      <identifier version="4" name="(SBAC)SBAC-ICA-IRP-MATH-PT-4-2023-2024:Default-ENU" uniqueid="(SBAC)SBAC-ICA-IRP-MATH-PT-4-2023-2024:Default-ENU"/>
      <property label="English" name="Language" value="ENU"/>
      <formpartition>
        <identifier version="4" name="Grade 4 MATH - Performance Task - IRP (ICA)::ENU" uniqueid="200-1873578499"/>
        <itemgroup formposition="1" maxresponses="ALL" maxitems="ALL">
          <identifier version="4" name="200-1873578499:G-200-172081-0" uniqueid="200-1873578499:G-200-172081-0"/>
          <passageref>200-172081</passageref>
          <groupitem blockid="A" groupposition="1" isfieldtest="false" responserequired="true" formposition="1" adminrequired="true" itemid="200-77953" isactive="true"/>
          <groupitem blockid="A" groupposition="2" isfieldtest="false" responserequired="true" formposition="2" adminrequired="true" itemid="200-77954" isactive="true"/>
          <groupitem blockid="A" groupposition="3" isfieldtest="false" responserequired="true" formposition="3" adminrequired="true" itemid="200-77959" isactive="true"/>
          <groupitem blockid="A" groupposition="4" isfieldtest="false" responserequired="true" formposition="4" adminrequired="true" itemid="200-77963" isactive="true"/>
          <groupitem blockid="A" groupposition="5" isfieldtest="false" responserequired="true" formposition="5" adminrequired="true" itemid="200-77981" isactive="true"/>
          <groupitem blockid="A" groupposition="6" isfieldtest="false" responserequired="true" formposition="6" adminrequired="true" itemid="200-77982" isactive="true"/>
        </itemgroup>
      </formpartition>
    </testform>
    <adminsegment position="1" segmentid="(SBAC)SBAC-ICA-IRP-MATH-PT-4-2023-2024" itemselection="fixedform">
      <segmentblueprint>
        <segmentbpelement bpelementid="SBAC-4|OA|NA" minopitems="0" maxopitems="1"/>
        <segmentbpelement bpelementid="SBAC-3|OA" minopitems="0" maxopitems="3"/>
        <segmentbpelement bpelementid="SBAC-4|OA" minopitems="0" maxopitems="1"/>
        <segmentbpelement bpelementid="SBAC-2|OA" minopitems="0" maxopitems="2"/>
        <segmentbpelement bpelementid="SBAC-2|OA|NA|A-4" minopitems="0" maxopitems="2"/>
        <segmentbpelement bpelementid="SBAC-2" minopitems="0" maxopitems="2"/>
        <segmentbpelement bpelementid="SBAC-3" minopitems="0" maxopitems="3"/>
        <segmentbpelement bpelementid="SBAC-ICA-IRP-MATH-PT-4" minopitems="0" maxopitems="6"/>
        <segmentbpelement bpelementid="SBAC-4" minopitems="0" maxopitems="1"/>
        <segmentbpelement bpelementid="SBAC-3|OA|NA|B-4" minopitems="0" maxopitems="2"/>
        <segmentbpelement bpelementid="SBAC-2|OA|NA" minopitems="0" maxopitems="2"/>
        <segmentbpelement bpelementid="SBAC-3|OA|NA" minopitems="0" maxopitems="3"/>
        <segmentbpelement bpelementid="SBAC-4|OA|NA|A-4" minopitems="0" maxopitems="1"/>
        <segmentbpelement bpelementid="SBAC-3|OA|NA|E-4" minopitems="0" maxopitems="1"/>
      </segmentblueprint>
      <itemselector type="fixedform">
        <identifier version="4" label="FAIRWAY FIXEDFORM" name="FAIRWAY FIXEDFORM" uniqueid="FAIRWAY FIXEDFORM"/>
        <itemselectionparameter bpelementid="(SBAC)SBAC-ICA-IRP-MATH-PT-4-2023-2024">
          <property label="slope" name="slope" value="79.3"/>
          <property label="intercept" name="intercept" value="2514.9"/>
        </itemselectionparameter>
      </itemselector>
      <segmentform formpartitionid="200-1873578499"/>
      <segmentform formpartitionid="200-1873575731"/>
      <segmentform formpartitionid="200-1873591995"/>
    </adminsegment>
  </administration>
</testspecification>
