<testspecification version="1" purpose="administration" publishdate="Mar 27 2020 12:15AM" publisher="SBAC">
  <identifier version="5" label="Grade 7 MATH - IRP Comprehensive Assessment (ICA)" name="SBAC-ICA-IRP-MATH-FIXED-7" uniqueid="(SBAC)SBAC-ICA-IRP-MATH-FIXED-7-2020-2021"/>
  <property label="MATH" name="subject" value="MATH"/>
  <property label="interim" name="type" value="interim"/>
  <property label="7" name="grade" value="7"/>
  <administration>
    <testblueprint>
      <bpelement maxftitems="0" opitemcount="17" elementtype="test" minopitems="0" maxopitems="17" ftitemcount="0" minftitems="0">
        <identifier version="5" name="SBAC-ICA-IRP-MATH-FIXED-7" uniqueid="(SBAC)SBAC-ICA-IRP-MATH-FIXED-7-2020-2021"/>
      </bpelement>
      <bpelement maxftitems="0" opitemcount="3" elementtype="segment" minopitems="0" maxopitems="3" ftitemcount="0" minftitems="0">
        <identifier version="5" name="SBAC-ICA-IRP-MATH-FIXED-7-SEG1-NoCalc" uniqueid="(SBAC)SBAC-ICA-IRP-MATH-FIXED-7-SEG1-NoCalc-2020-2021"/>
      </bpelement>
      <bpelement maxftitems="0" opitemcount="14" elementtype="segment" minopitems="0" maxopitems="14" ftitemcount="0" minftitems="0">
        <identifier version="5" name="SBAC-ICA-IRP-MATH-FIXED-7-SEG2-Calc" uniqueid="(SBAC)SBAC-ICA-IRP-MATH-FIXED-7-SEG2-Calc-2020-2021"/>
      </bpelement>
      <bpelement maxftitems="0" opitemcount="1" elementtype="contentlevel" minopitems="0" maxopitems="1" parentid="SBAC-3|RP|NA" ftitemcount="0" minftitems="0">
        <identifier version="5" name="3|RP|NA|A-7" uniqueid="SBAC-3|RP|NA|A-7"/>
      </bpelement>
      <bpelement maxftitems="0" opitemcount="1" elementtype="contentlevel" minopitems="0" maxopitems="1" parentid="SBAC-3|RP|NA" ftitemcount="0" minftitems="0">
        <identifier version="5" name="3|RP|NA|C-7" uniqueid="SBAC-3|RP|NA|C-7"/>
      </bpelement>
      <bpelement maxftitems="0" opitemcount="1" elementtype="contentlevel" minopitems="0" maxopitems="1" parentid="SBAC-1|P|TS02" ftitemcount="0" minftitems="0">
        <identifier version="5" name="1|P|TS02|C-7" uniqueid="SBAC-1|P|TS02|C-7"/>
      </bpelement>
      <bpelement maxftitems="0" opitemcount="3" elementtype="contentlevel" minopitems="0" maxopitems="3" parentid="SBAC-1|P" ftitemcount="0" minftitems="0">
        <identifier version="5" name="1|P|TS02" uniqueid="SBAC-1|P|TS02"/>
      </bpelement>
      <bpelement maxftitems="0" opitemcount="2" elementtype="contentlevel" minopitems="0" maxopitems="2" parentid="SBAC-3|RP" ftitemcount="0" minftitems="0">
        <identifier version="5" name="3|RP|NA" uniqueid="SBAC-3|RP|NA"/>
      </bpelement>
      <bpelement maxftitems="0" opitemcount="1" elementtype="contentlevel" minopitems="0" maxopitems="1" parentid="SBAC-3|EE|NA" ftitemcount="0" minftitems="0">
        <identifier version="5" name="3|EE|NA|E-7" uniqueid="SBAC-3|EE|NA|E-7"/>
      </bpelement>
      <bpelement maxftitems="0" opitemcount="2" elementtype="contentlevel" minopitems="0" maxopitems="2" parentid="SBAC-1|P" ftitemcount="0" minftitems="0">
        <identifier version="5" name="1|P|TS01" uniqueid="SBAC-1|P|TS01"/>
      </bpelement>
      <bpelement maxftitems="0" opitemcount="1" elementtype="contentlevel" minopitems="0" maxopitems="1" parentid="SBAC-4|EE" ftitemcount="0" minftitems="0">
        <identifier version="5" name="4|EE|NA" uniqueid="SBAC-4|EE|NA"/>
      </bpelement>
      <bpelement maxftitems="0" opitemcount="1" elementtype="contentlevel" minopitems="0" maxopitems="1" parentid="SBAC-3" ftitemcount="0" minftitems="0">
        <identifier version="5" name="3|EE" uniqueid="SBAC-3|EE"/>
      </bpelement>
      <bpelement maxftitems="0" opitemcount="1" elementtype="contentlevel" minopitems="0" maxopitems="1" parentid="SBAC-3|NS|NA" ftitemcount="0" minftitems="0">
        <identifier version="5" name="3|NS|NA|A-7" uniqueid="SBAC-3|NS|NA|A-7"/>
      </bpelement>
      <bpelement maxftitems="0" opitemcount="1" elementtype="contentlevel" minopitems="0" maxopitems="1" parentid="SBAC-2|G|NA" ftitemcount="0" minftitems="0">
        <identifier version="5" name="2|G|NA|A-7" uniqueid="SBAC-2|G|NA|A-7"/>
      </bpelement>
      <bpelement maxftitems="0" opitemcount="1" elementtype="contentlevel" minopitems="0" maxopitems="1" parentid="SBAC-4" ftitemcount="0" minftitems="0">
        <identifier version="5" name="4|RP" uniqueid="SBAC-4|RP"/>
      </bpelement>
      <bpelement maxftitems="0" opitemcount="2" elementtype="contentlevel" minopitems="0" maxopitems="2" parentid="SBAC-3|NS" ftitemcount="0" minftitems="0">
        <identifier version="5" name="3|NS|NA" uniqueid="SBAC-3|NS|NA"/>
      </bpelement>
      <bpelement maxftitems="0" opitemcount="6" elementtype="strand" minopitems="0" maxopitems="6" ftitemcount="0" minftitems="0">
        <identifier version="5" name="1" uniqueid="SBAC-1"/>
      </bpelement>
      <bpelement maxftitems="0" opitemcount="1" elementtype="contentlevel" minopitems="0" maxopitems="1" parentid="SBAC-4|G|NA" ftitemcount="0" minftitems="0">
        <identifier version="5" name="4|G|NA|D-7" uniqueid="SBAC-4|G|NA|D-7"/>
      </bpelement>
      <bpelement maxftitems="0" opitemcount="1" elementtype="contentlevel" minopitems="0" maxopitems="1" parentid="SBAC-2" ftitemcount="0" minftitems="0">
        <identifier version="5" name="2|EE" uniqueid="SBAC-2|EE"/>
      </bpelement>
      <bpelement maxftitems="0" opitemcount="3" elementtype="strand" minopitems="0" maxopitems="3" ftitemcount="0" minftitems="0">
        <identifier version="5" name="2" uniqueid="SBAC-2"/>
      </bpelement>
      <bpelement maxftitems="0" opitemcount="5" elementtype="strand" minopitems="0" maxopitems="5" ftitemcount="0" minftitems="0">
        <identifier version="5" name="3" uniqueid="SBAC-3"/>
      </bpelement>
      <bpelement maxftitems="0" opitemcount="3" elementtype="strand" minopitems="0" maxopitems="3" ftitemcount="0" minftitems="0">
        <identifier version="5" name="4" uniqueid="SBAC-4"/>
      </bpelement>
      <bpelement maxftitems="0" opitemcount="1" elementtype="contentlevel" minopitems="0" maxopitems="1" parentid="SBAC-1|P|TS01" ftitemcount="0" minftitems="0">
        <identifier version="5" name="1|P|TS01|D-7" uniqueid="SBAC-1|P|TS01|D-7"/>
      </bpelement>
      <bpelement maxftitems="0" opitemcount="2" elementtype="contentlevel" minopitems="0" maxopitems="2" parentid="SBAC-3" ftitemcount="0" minftitems="0">
        <identifier version="5" name="3|NS" uniqueid="SBAC-3|NS"/>
      </bpelement>
      <bpelement maxftitems="0" opitemcount="1" elementtype="contentlevel" minopitems="0" maxopitems="1" parentid="SBAC-2|EE|NA" ftitemcount="0" minftitems="0">
        <identifier version="5" name="2|EE|NA|C-7" uniqueid="SBAC-2|EE|NA|C-7"/>
      </bpelement>
      <bpelement maxftitems="0" opitemcount="1" elementtype="contentlevel" minopitems="0" maxopitems="1" parentid="SBAC-2|EE" ftitemcount="0" minftitems="0">
        <identifier version="5" name="2|EE|NA" uniqueid="SBAC-2|EE|NA"/>
      </bpelement>
      <bpelement maxftitems="0" opitemcount="2" elementtype="contentlevel" minopitems="0" maxopitems="2" parentid="SBAC-3" ftitemcount="0" minftitems="0">
        <identifier version="5" name="3|RP" uniqueid="SBAC-3|RP"/>
      </bpelement>
      <bpelement maxftitems="0" opitemcount="2" elementtype="contentlevel" minopitems="0" maxopitems="2" parentid="SBAC-1|P|TS02" ftitemcount="0" minftitems="0">
        <identifier version="5" name="1|P|TS02|B-7" uniqueid="SBAC-1|P|TS02|B-7"/>
      </bpelement>
      <bpelement maxftitems="0" opitemcount="5" elementtype="contentlevel" minopitems="0" maxopitems="5" parentid="SBAC-1" ftitemcount="0" minftitems="0">
        <identifier version="5" name="1|P" uniqueid="SBAC-1|P"/>
      </bpelement>
      <bpelement maxftitems="0" opitemcount="1" elementtype="contentlevel" minopitems="0" maxopitems="1" parentid="SBAC-1" ftitemcount="0" minftitems="0">
        <identifier version="5" name="1|S" uniqueid="SBAC-1|S"/>
      </bpelement>
      <bpelement maxftitems="0" opitemcount="1" elementtype="contentlevel" minopitems="0" maxopitems="1" parentid="SBAC-1|S" ftitemcount="0" minftitems="0">
        <identifier version="5" name="1|S|TS04" uniqueid="SBAC-1|S|TS04"/>
      </bpelement>
      <bpelement maxftitems="0" opitemcount="1" elementtype="contentlevel" minopitems="0" maxopitems="1" parentid="SBAC-2" ftitemcount="0" minftitems="0">
        <identifier version="5" name="2|RP" uniqueid="SBAC-2|RP"/>
      </bpelement>
      <bpelement maxftitems="0" opitemcount="1" elementtype="contentlevel" minopitems="0" maxopitems="1" parentid="SBAC-2|G" ftitemcount="0" minftitems="0">
        <identifier version="5" name="2|G|NA" uniqueid="SBAC-2|G|NA"/>
      </bpelement>
      <bpelement maxftitems="0" opitemcount="1" elementtype="contentlevel" minopitems="0" maxopitems="1" parentid="SBAC-3|NS|NA" ftitemcount="0" minftitems="0">
        <identifier version="5" name="3|NS|NA|F-7" uniqueid="SBAC-3|NS|NA|F-7"/>
      </bpelement>
      <bpelement maxftitems="0" opitemcount="1" elementtype="contentlevel" minopitems="0" maxopitems="1" parentid="SBAC-2|RP" ftitemcount="0" minftitems="0">
        <identifier version="5" name="2|RP|NA" uniqueid="SBAC-2|RP|NA"/>
      </bpelement>
      <bpelement maxftitems="0" opitemcount="1" elementtype="contentlevel" minopitems="0" maxopitems="1" parentid="SBAC-4|RP|NA" ftitemcount="0" minftitems="0">
        <identifier version="5" name="4|RP|NA|F-7" uniqueid="SBAC-4|RP|NA|F-7"/>
      </bpelement>
      <bpelement maxftitems="0" opitemcount="1" elementtype="contentlevel" minopitems="0" maxopitems="1" parentid="SBAC-4|G" ftitemcount="0" minftitems="0">
        <identifier version="5" name="4|G|NA" uniqueid="SBAC-4|G|NA"/>
      </bpelement>
      <bpelement maxftitems="0" opitemcount="1" elementtype="contentlevel" minopitems="0" maxopitems="1" parentid="SBAC-3|EE" ftitemcount="0" minftitems="0">
        <identifier version="5" name="3|EE|NA" uniqueid="SBAC-3|EE|NA"/>
      </bpelement>
      <bpelement maxftitems="0" opitemcount="1" elementtype="contentlevel" minopitems="0" maxopitems="1" parentid="SBAC-2|RP|NA" ftitemcount="0" minftitems="0">
        <identifier version="5" name="2|RP|NA|A-7" uniqueid="SBAC-2|RP|NA|A-7"/>
      </bpelement>
      <bpelement maxftitems="0" opitemcount="1" elementtype="contentlevel" minopitems="0" maxopitems="1" parentid="SBAC-4|EE|NA" ftitemcount="0" minftitems="0">
        <identifier version="5" name="4|EE|NA|E-7" uniqueid="SBAC-4|EE|NA|E-7"/>
      </bpelement>
      <bpelement maxftitems="0" opitemcount="1" elementtype="contentlevel" minopitems="0" maxopitems="1" parentid="SBAC-1|S|TS04" ftitemcount="0" minftitems="0">
        <identifier version="5" name="1|S|TS04|I-7" uniqueid="SBAC-1|S|TS04|I-7"/>
      </bpelement>
      <bpelement maxftitems="0" opitemcount="1" elementtype="contentlevel" minopitems="0" maxopitems="1" parentid="SBAC-4|RP" ftitemcount="0" minftitems="0">
        <identifier version="5" name="4|RP|NA" uniqueid="SBAC-4|RP|NA"/>
      </bpelement>
      <bpelement maxftitems="0" opitemcount="1" elementtype="contentlevel" minopitems="0" maxopitems="1" parentid="SBAC-4" ftitemcount="0" minftitems="0">
        <identifier version="5" name="4|EE" uniqueid="SBAC-4|EE"/>
      </bpelement>
      <bpelement maxftitems="0" opitemcount="1" elementtype="contentlevel" minopitems="0" maxopitems="1" parentid="SBAC-1|P|TS01" ftitemcount="0" minftitems="0">
        <identifier version="5" name="1|P|TS01|A-7" uniqueid="SBAC-1|P|TS01|A-7"/>
      </bpelement>
      <bpelement maxftitems="0" opitemcount="1" elementtype="contentlevel" minopitems="0" maxopitems="1" parentid="SBAC-2" ftitemcount="0" minftitems="0">
        <identifier version="5" name="2|G" uniqueid="SBAC-2|G"/>
      </bpelement>
      <bpelement maxftitems="0" opitemcount="1" elementtype="contentlevel" minopitems="0" maxopitems="1" parentid="SBAC-4" ftitemcount="0" minftitems="0">
        <identifier version="5" name="4|G" uniqueid="SBAC-4|G"/>
      </bpelement>
    </testblueprint>
    <itempool>
      <testitem itemtype="MS" filename="item-200-183300.xml">
        <identifier version="5" uniqueid="200-183300"/>
        <bpref>(SBAC)SBAC-ICA-IRP-MATH-FIXED-7-SEG1-NoCalc-2020-2021</bpref>
        <bpref>SBAC-1</bpref>
        <bpref>SBAC-1|P</bpref>
        <bpref>SBAC-1|P|TS02</bpref>
        <bpref>SBAC-1|P|TS02|B-7</bpref>
        <poolproperty label="English" value="ENU" property="Language"/>
        <poolproperty label="Braille" value="ENU-Braille" property="Language"/>
        <poolproperty label="Spanish" value="ESN" property="Language"/>
        <poolproperty label="ItemType = MS" value="MS" property="--ITEMTYPE--"/>
        <poolproperty label="Answer Key = D,E" value="D,E" property="Answer Key"/>
        <poolproperty label="ASL = Y" value="Y" property="ASL"/>
        <poolproperty label="Braille = BRF" value="BRF" property="Braille"/>
        <poolproperty label="Depth of Knowledge = 1" value="1" property="Depth of Knowledge"/>
        <poolproperty label="Grade = 7" value="7" property="Grade"/>
        <poolproperty label="Scoring Engine = Automatic with Key(s)" value="Automatic with Key(s)" property="Scoring Engine"/>
        <itemscoredimension measurementmodel="IRT3PLn" weight="1.0" scorepoints="1">
          <itemscoreparameter value="0.8674" measurementparameter="a"/>
          <itemscoreparameter value="2.4111" measurementparameter="b"/>
          <itemscoreparameter value="0.0" measurementparameter="c"/>
        </itemscoredimension>
      </testitem>
      <testitem itemtype="EQ" filename="item-200-183505.xml">
        <identifier version="5" uniqueid="200-183505"/>
        <bpref>(SBAC)SBAC-ICA-IRP-MATH-FIXED-7-SEG1-NoCalc-2020-2021</bpref>
        <bpref>SBAC-1</bpref>
        <bpref>SBAC-1|P</bpref>
        <bpref>SBAC-1|P|TS02</bpref>
        <bpref>SBAC-1|P|TS02|B-7</bpref>
        <poolproperty label="English" value="ENU" property="Language"/>
        <poolproperty label="Braille" value="ENU-Braille" property="Language"/>
        <poolproperty label="Spanish" value="ESN" property="Language"/>
        <poolproperty label="ItemType = EQ" value="EQ" property="--ITEMTYPE--"/>
        <poolproperty label="Answer Key = EQ" value="EQ" property="Answer Key"/>
        <poolproperty label="ASL = Y" value="Y" property="ASL"/>
        <poolproperty label="Braille = PRN" value="PRN" property="Braille"/>
        <poolproperty label="Depth of Knowledge = 1" value="1" property="Depth of Knowledge"/>
        <poolproperty label="Grade = 7" value="7" property="Grade"/>
        <poolproperty label="Scoring Engine = Automatic with Machine Rubric" value="Automatic with Machine Rubric" property="Scoring Engine"/>
        <itemscoredimension measurementmodel="IRT3PLn" weight="1.0" scorepoints="1">
          <itemscoreparameter value="0.6301" measurementparameter="a"/>
          <itemscoreparameter value="1.5213" measurementparameter="b"/>
          <itemscoreparameter value="0.0" measurementparameter="c"/>
        </itemscoredimension>
      </testitem>
      <testitem itemtype="EQ" filename="item-200-12049.xml">
        <identifier version="5" uniqueid="200-12049"/>
        <bpref>(SBAC)SBAC-ICA-IRP-MATH-FIXED-7-SEG1-NoCalc-2020-2021</bpref>
        <bpref>SBAC-1</bpref>
        <bpref>SBAC-1|P</bpref>
        <bpref>SBAC-1|P|TS02</bpref>
        <bpref>SBAC-1|P|TS02|C-7</bpref>
        <poolproperty label="English" value="ENU" property="Language"/>
        <poolproperty label="Braille" value="ENU-Braille" property="Language"/>
        <poolproperty label="Spanish" value="ESN" property="Language"/>
        <poolproperty label="ItemType = EQ" value="EQ" property="--ITEMTYPE--"/>
        <poolproperty label="Answer Key = EQ" value="EQ" property="Answer Key"/>
        <poolproperty label="ASL = Y" value="Y" property="ASL"/>
        <poolproperty label="Braille = BRF" value="BRF" property="Braille"/>
        <poolproperty label="Depth of Knowledge = 1" value="1" property="Depth of Knowledge"/>
        <poolproperty label="Grade = 7" value="7" property="Grade"/>
        <poolproperty label="Scoring Engine = Automatic with Machine Rubric" value="Automatic with Machine Rubric" property="Scoring Engine"/>
        <itemscoredimension measurementmodel="IRT3PLn" weight="1.0" scorepoints="1">
          <itemscoreparameter value="0.54806" measurementparameter="a"/>
          <itemscoreparameter value="1.14685" measurementparameter="b"/>
          <itemscoreparameter value="0.0" measurementparameter="c"/>
        </itemscoredimension>
      </testitem>
      <testitem itemtype="EQ" filename="item-200-183401.xml">
        <identifier version="5" uniqueid="200-183401"/>
        <bpref>(SBAC)SBAC-ICA-IRP-MATH-FIXED-7-SEG2-Calc-2020-2021</bpref>
        <bpref>SBAC-4</bpref>
        <bpref>SBAC-4|RP</bpref>
        <bpref>SBAC-4|RP|NA</bpref>
        <bpref>SBAC-4|RP|NA|F-7</bpref>
        <poolproperty label="English" value="ENU" property="Language"/>
        <poolproperty label="Braille" value="ENU-Braille" property="Language"/>
        <poolproperty label="Spanish" value="ESN" property="Language"/>
        <poolproperty label="ItemType = EQ" value="EQ" property="--ITEMTYPE--"/>
        <poolproperty label="Answer Key = EQ" value="EQ" property="Answer Key"/>
        <poolproperty label="ASL = Y" value="Y" property="ASL"/>
        <poolproperty label="Braille = PRN" value="PRN" property="Braille"/>
        <poolproperty label="Depth of Knowledge = 3" value="3" property="Depth of Knowledge"/>
        <poolproperty label="Grade = 7" value="7" property="Grade"/>
        <poolproperty label="Scoring Engine = Automatic with Machine Rubric" value="Automatic with Machine Rubric" property="Scoring Engine"/>
        <itemscoredimension measurementmodel="IRT3PLn" weight="1.0" scorepoints="1">
          <itemscoreparameter value="1.6927" measurementparameter="a"/>
          <itemscoreparameter value="1.9344" measurementparameter="b"/>
          <itemscoreparameter value="0.0" measurementparameter="c"/>
        </itemscoredimension>
      </testitem>
      <testitem itemtype="EQ" filename="item-200-183461.xml">
        <identifier version="5" uniqueid="200-183461"/>
        <bpref>(SBAC)SBAC-ICA-IRP-MATH-FIXED-7-SEG2-Calc-2020-2021</bpref>
        <bpref>SBAC-2</bpref>
        <bpref>SBAC-2|EE</bpref>
        <bpref>SBAC-2|EE|NA</bpref>
        <bpref>SBAC-2|EE|NA|C-7</bpref>
        <poolproperty label="English" value="ENU" property="Language"/>
        <poolproperty label="Braille" value="ENU-Braille" property="Language"/>
        <poolproperty label="Spanish" value="ESN" property="Language"/>
        <poolproperty label="ItemType = EQ" value="EQ" property="--ITEMTYPE--"/>
        <poolproperty label="Answer Key = EQ" value="EQ" property="Answer Key"/>
        <poolproperty label="ASL = Y" value="Y" property="ASL"/>
        <poolproperty label="Braille = BRF" value="BRF" property="Braille"/>
        <poolproperty label="Depth of Knowledge = 2" value="2" property="Depth of Knowledge"/>
        <poolproperty label="Grade = 7" value="7" property="Grade"/>
        <poolproperty label="Scoring Engine = Automatic with Machine Rubric" value="Automatic with Machine Rubric" property="Scoring Engine"/>
        <itemscoredimension measurementmodel="IRT3PLn" weight="1.0" scorepoints="1">
          <itemscoreparameter value="0.7673" measurementparameter="a"/>
          <itemscoreparameter value="0.0784" measurementparameter="b"/>
          <itemscoreparameter value="0.0" measurementparameter="c"/>
        </itemscoredimension>
      </testitem>
      <testitem itemtype="GI" filename="item-200-183475.xml">
        <identifier version="5" uniqueid="200-183475"/>
        <bpref>(SBAC)SBAC-ICA-IRP-MATH-FIXED-7-SEG2-Calc-2020-2021</bpref>
        <bpref>SBAC-1</bpref>
        <bpref>SBAC-1|P</bpref>
        <bpref>SBAC-1|P|TS01</bpref>
        <bpref>SBAC-1|P|TS01|D-7</bpref>
        <poolproperty label="English" value="ENU" property="Language"/>
        <poolproperty label="Spanish" value="ESN" property="Language"/>
        <poolproperty label="ItemType = GI" value="GI" property="--ITEMTYPE--"/>
        <poolproperty label="Answer Key = GI" value="GI" property="Answer Key"/>
        <poolproperty label="ASL = Y" value="Y" property="ASL"/>
        <poolproperty label="Depth of Knowledge = 2" value="2" property="Depth of Knowledge"/>
        <poolproperty label="Grade = 7" value="7" property="Grade"/>
        <poolproperty label="Scoring Engine = Automatic with Machine Rubric" value="Automatic with Machine Rubric" property="Scoring Engine"/>
        <itemscoredimension measurementmodel="IRT3PLn" weight="1.0" scorepoints="1">
          <itemscoreparameter value="0.5394" measurementparameter="a"/>
          <itemscoreparameter value="2.403" measurementparameter="b"/>
          <itemscoreparameter value="0.0" measurementparameter="c"/>
        </itemscoredimension>
      </testitem>
      <testitem itemtype="EQ" filename="item-200-183491.xml">
        <identifier version="5" uniqueid="200-183491"/>
        <bpref>(SBAC)SBAC-ICA-IRP-MATH-FIXED-7-SEG2-Calc-2020-2021</bpref>
        <bpref>SBAC-4</bpref>
        <bpref>SBAC-4|EE</bpref>
        <bpref>SBAC-4|EE|NA</bpref>
        <bpref>SBAC-4|EE|NA|E-7</bpref>
        <poolproperty label="English" value="ENU" property="Language"/>
        <poolproperty label="Braille" value="ENU-Braille" property="Language"/>
        <poolproperty label="Spanish" value="ESN" property="Language"/>
        <poolproperty label="ItemType = EQ" value="EQ" property="--ITEMTYPE--"/>
        <poolproperty label="Answer Key = EQ" value="EQ" property="Answer Key"/>
        <poolproperty label="ASL = Y" value="Y" property="ASL"/>
        <poolproperty label="Braille = BRF" value="BRF" property="Braille"/>
        <poolproperty label="Depth of Knowledge = 3" value="3" property="Depth of Knowledge"/>
        <poolproperty label="Grade = 7" value="7" property="Grade"/>
        <poolproperty label="Scoring Engine = Automatic with Machine Rubric" value="Automatic with Machine Rubric" property="Scoring Engine"/>
        <itemscoredimension measurementmodel="IRT3PLn" weight="1.0" scorepoints="1">
          <itemscoreparameter value="1.3145" measurementparameter="a"/>
          <itemscoreparameter value="2.1395" measurementparameter="b"/>
          <itemscoreparameter value="0.0" measurementparameter="c"/>
        </itemscoredimension>
      </testitem>
      <testitem itemtype="EQ" filename="item-200-183517.xml">
        <identifier version="5" uniqueid="200-183517"/>
        <bpref>(SBAC)SBAC-ICA-IRP-MATH-FIXED-7-SEG2-Calc-2020-2021</bpref>
        <bpref>SBAC-2</bpref>
        <bpref>SBAC-2|RP</bpref>
        <bpref>SBAC-2|RP|NA</bpref>
        <bpref>SBAC-2|RP|NA|A-7</bpref>
        <poolproperty label="English" value="ENU" property="Language"/>
        <poolproperty label="Braille" value="ENU-Braille" property="Language"/>
        <poolproperty label="Spanish" value="ESN" property="Language"/>
        <poolproperty label="ItemType = EQ" value="EQ" property="--ITEMTYPE--"/>
        <poolproperty label="Answer Key = EQ" value="EQ" property="Answer Key"/>
        <poolproperty label="ASL = Y" value="Y" property="ASL"/>
        <poolproperty label="Braille = BRF" value="BRF" property="Braille"/>
        <poolproperty label="Depth of Knowledge = 2" value="2" property="Depth of Knowledge"/>
        <poolproperty label="Grade = 7" value="7" property="Grade"/>
        <poolproperty label="Scoring Engine = Automatic with Machine Rubric" value="Automatic with Machine Rubric" property="Scoring Engine"/>
        <itemscoredimension measurementmodel="IRT3PLn" weight="1.0" scorepoints="1">
          <itemscoreparameter value="0.9907" measurementparameter="a"/>
          <itemscoreparameter value="2.2501" measurementparameter="b"/>
          <itemscoreparameter value="0.0" measurementparameter="c"/>
        </itemscoredimension>
      </testitem>
      <testitem itemtype="EQ" filename="item-200-183519.xml">
        <identifier version="5" uniqueid="200-183519"/>
        <bpref>(SBAC)SBAC-ICA-IRP-MATH-FIXED-7-SEG2-Calc-2020-2021</bpref>
        <bpref>SBAC-2</bpref>
        <bpref>SBAC-2|G</bpref>
        <bpref>SBAC-2|G|NA</bpref>
        <bpref>SBAC-2|G|NA|A-7</bpref>
        <poolproperty label="English" value="ENU" property="Language"/>
        <poolproperty label="Braille" value="ENU-Braille" property="Language"/>
        <poolproperty label="Spanish" value="ESN" property="Language"/>
        <poolproperty label="ItemType = EQ" value="EQ" property="--ITEMTYPE--"/>
        <poolproperty label="Answer Key = EQ" value="EQ" property="Answer Key"/>
        <poolproperty label="ASL = Y" value="Y" property="ASL"/>
        <poolproperty label="Braille = BRF" value="BRF" property="Braille"/>
        <poolproperty label="Depth of Knowledge = 2" value="2" property="Depth of Knowledge"/>
        <poolproperty label="Grade = 7" value="7" property="Grade"/>
        <poolproperty label="Scoring Engine = Automatic with Machine Rubric" value="Automatic with Machine Rubric" property="Scoring Engine"/>
        <itemscoredimension measurementmodel="IRT3PLn" weight="1.0" scorepoints="1">
          <itemscoreparameter value="1.1572" measurementparameter="a"/>
          <itemscoreparameter value="2.599" measurementparameter="b"/>
          <itemscoreparameter value="0.0" measurementparameter="c"/>
        </itemscoredimension>
      </testitem>
      <testitem itemtype="EQ" filename="item-200-183457.xml">
        <identifier version="5" uniqueid="200-183457"/>
        <bpref>(SBAC)SBAC-ICA-IRP-MATH-FIXED-7-SEG2-Calc-2020-2021</bpref>
        <bpref>SBAC-3</bpref>
        <bpref>SBAC-3|NS</bpref>
        <bpref>SBAC-3|NS|NA</bpref>
        <bpref>SBAC-3|NS|NA|A-7</bpref>
        <poolproperty label="English" value="ENU" property="Language"/>
        <poolproperty label="Braille" value="ENU-Braille" property="Language"/>
        <poolproperty label="Spanish" value="ESN" property="Language"/>
        <poolproperty label="ItemType = EQ" value="EQ" property="--ITEMTYPE--"/>
        <poolproperty label="Answer Key = EQ" value="EQ" property="Answer Key"/>
        <poolproperty label="ASL = Y" value="Y" property="ASL"/>
        <poolproperty label="Braille = BRF" value="BRF" property="Braille"/>
        <poolproperty label="Depth of Knowledge = 2" value="2" property="Depth of Knowledge"/>
        <poolproperty label="Grade = 7" value="7" property="Grade"/>
        <poolproperty label="Scoring Engine = Automatic with Machine Rubric" value="Automatic with Machine Rubric" property="Scoring Engine"/>
        <itemscoredimension measurementmodel="IRT3PLn" weight="1.0" scorepoints="1">
          <itemscoreparameter value="0.5081" measurementparameter="a"/>
          <itemscoreparameter value="2.5754" measurementparameter="b"/>
          <itemscoreparameter value="0.0" measurementparameter="c"/>
        </itemscoredimension>
      </testitem>
      <testitem itemtype="GI" filename="item-200-183561.xml">
        <identifier version="5" uniqueid="200-183561"/>
        <bpref>(SBAC)SBAC-ICA-IRP-MATH-FIXED-7-SEG2-Calc-2020-2021</bpref>
        <bpref>SBAC-3</bpref>
        <bpref>SBAC-3|NS</bpref>
        <bpref>SBAC-3|NS|NA</bpref>
        <bpref>SBAC-3|NS|NA|F-7</bpref>
        <poolproperty label="English" value="ENU" property="Language"/>
        <poolproperty label="Spanish" value="ESN" property="Language"/>
        <poolproperty label="ItemType = GI" value="GI" property="--ITEMTYPE--"/>
        <poolproperty label="Answer Key = GI" value="GI" property="Answer Key"/>
        <poolproperty label="ASL = Y" value="Y" property="ASL"/>
        <poolproperty label="Depth of Knowledge = 2" value="2" property="Depth of Knowledge"/>
        <poolproperty label="Grade = 7" value="7" property="Grade"/>
        <poolproperty label="Scoring Engine = Automatic with Machine Rubric" value="Automatic with Machine Rubric" property="Scoring Engine"/>
        <itemscoredimension measurementmodel="IRT3PLn" weight="1.0" scorepoints="1">
          <itemscoreparameter value="0.9821" measurementparameter="a"/>
          <itemscoreparameter value="1.5629" measurementparameter="b"/>
          <itemscoreparameter value="0.0" measurementparameter="c"/>
        </itemscoredimension>
      </testitem>
      <testitem itemtype="MC" filename="item-200-183563.xml">
        <identifier version="5" uniqueid="200-183563"/>
        <bpref>(SBAC)SBAC-ICA-IRP-MATH-FIXED-7-SEG2-Calc-2020-2021</bpref>
        <bpref>SBAC-3</bpref>
        <bpref>SBAC-3|EE</bpref>
        <bpref>SBAC-3|EE|NA</bpref>
        <bpref>SBAC-3|EE|NA|E-7</bpref>
        <poolproperty label="English" value="ENU" property="Language"/>
        <poolproperty label="Braille" value="ENU-Braille" property="Language"/>
        <poolproperty label="Spanish" value="ESN" property="Language"/>
        <poolproperty label="ItemType = MC" value="MC" property="--ITEMTYPE--"/>
        <poolproperty label="Answer Key = B" value="B" property="Answer Key"/>
        <poolproperty label="ASL = Y" value="Y" property="ASL"/>
        <poolproperty label="Braille = BRF" value="BRF" property="Braille"/>
        <poolproperty label="Depth of Knowledge = 2" value="2" property="Depth of Knowledge"/>
        <poolproperty label="Grade = 7" value="7" property="Grade"/>
        <poolproperty label="Scoring Engine = Automatic with Key" value="Automatic with Key" property="Scoring Engine"/>
        <itemscoredimension measurementmodel="IRT3PLn" weight="1.0" scorepoints="1">
          <itemscoreparameter value="0.065" measurementparameter="a"/>
          <itemscoreparameter value="4.4306" measurementparameter="b"/>
          <itemscoreparameter value="0.0" measurementparameter="c"/>
        </itemscoredimension>
      </testitem>
      <testitem itemtype="MI" filename="item-200-183581.xml">
        <identifier version="5" uniqueid="200-183581"/>
        <bpref>(SBAC)SBAC-ICA-IRP-MATH-FIXED-7-SEG2-Calc-2020-2021</bpref>
        <bpref>SBAC-1</bpref>
        <bpref>SBAC-1|S</bpref>
        <bpref>SBAC-1|S|TS04</bpref>
        <bpref>SBAC-1|S|TS04|I-7</bpref>
        <poolproperty label="English" value="ENU" property="Language"/>
        <poolproperty label="Braille" value="ENU-Braille" property="Language"/>
        <poolproperty label="Spanish" value="ESN" property="Language"/>
        <poolproperty label="ItemType = MI" value="MI" property="--ITEMTYPE--"/>
        <poolproperty label="Answer Key = MI" value="MI" property="Answer Key"/>
        <poolproperty label="ASL = Y" value="Y" property="ASL"/>
        <poolproperty label="Braille = BRF" value="BRF" property="Braille"/>
        <poolproperty label="Depth of Knowledge = 1" value="1" property="Depth of Knowledge"/>
        <poolproperty label="Grade = 7" value="7" property="Grade"/>
        <poolproperty label="Scoring Engine = Automatic with Machine Rubric" value="Automatic with Machine Rubric" property="Scoring Engine"/>
        <itemscoredimension measurementmodel="IRT3PLn" weight="1.0" scorepoints="1">
          <itemscoreparameter value="0.5849" measurementparameter="a"/>
          <itemscoreparameter value="0.0724" measurementparameter="b"/>
          <itemscoreparameter value="0.0" measurementparameter="c"/>
        </itemscoredimension>
      </testitem>
      <testitem itemtype="MS" filename="item-200-183583.xml">
        <identifier version="5" uniqueid="200-183583"/>
        <bpref>(SBAC)SBAC-ICA-IRP-MATH-FIXED-7-SEG2-Calc-2020-2021</bpref>
        <bpref>SBAC-3</bpref>
        <bpref>SBAC-3|RP</bpref>
        <bpref>SBAC-3|RP|NA</bpref>
        <bpref>SBAC-3|RP|NA|A-7</bpref>
        <poolproperty label="English" value="ENU" property="Language"/>
        <poolproperty label="Braille" value="ENU-Braille" property="Language"/>
        <poolproperty label="Spanish" value="ESN" property="Language"/>
        <poolproperty label="ItemType = MS" value="MS" property="--ITEMTYPE--"/>
        <poolproperty label="Answer Key = A,C,E" value="A,C,E" property="Answer Key"/>
        <poolproperty label="ASL = Y" value="Y" property="ASL"/>
        <poolproperty label="Braille = BRF" value="BRF" property="Braille"/>
        <poolproperty label="Depth of Knowledge = 2" value="2" property="Depth of Knowledge"/>
        <poolproperty label="Grade = 7" value="7" property="Grade"/>
        <poolproperty label="Scoring Engine = Automatic with Key(s)" value="Automatic with Key(s)" property="Scoring Engine"/>
        <itemscoredimension measurementmodel="IRT3PLn" weight="1.0" scorepoints="1">
          <itemscoreparameter value="0.777" measurementparameter="a"/>
          <itemscoreparameter value="0.3592" measurementparameter="b"/>
          <itemscoreparameter value="0.0" measurementparameter="c"/>
        </itemscoredimension>
      </testitem>
      <testitem itemtype="EQ" filename="item-200-183591.xml">
        <identifier version="5" uniqueid="200-183591"/>
        <bpref>(SBAC)SBAC-ICA-IRP-MATH-FIXED-7-SEG2-Calc-2020-2021</bpref>
        <bpref>SBAC-4</bpref>
        <bpref>SBAC-4|G</bpref>
        <bpref>SBAC-4|G|NA</bpref>
        <bpref>SBAC-4|G|NA|D-7</bpref>
        <poolproperty label="English" value="ENU" property="Language"/>
        <poolproperty label="Braille" value="ENU-Braille" property="Language"/>
        <poolproperty label="Spanish" value="ESN" property="Language"/>
        <poolproperty label="ItemType = EQ" value="EQ" property="--ITEMTYPE--"/>
        <poolproperty label="Answer Key = EQ" value="EQ" property="Answer Key"/>
        <poolproperty label="ASL = Y" value="Y" property="ASL"/>
        <poolproperty label="Braille = PRN" value="PRN" property="Braille"/>
        <poolproperty label="Depth of Knowledge = 2" value="2" property="Depth of Knowledge"/>
        <poolproperty label="Grade = 7" value="7" property="Grade"/>
        <poolproperty label="Scoring Engine = Automatic with Machine Rubric" value="Automatic with Machine Rubric" property="Scoring Engine"/>
        <itemscoredimension measurementmodel="IRTGPC" weight="1.0" scorepoints="2">
          <itemscoreparameter value="0.8945" measurementparameter="a"/>
          <itemscoreparameter value="1.3793" measurementparameter="b0"/>
          <itemscoreparameter value="2.6237" measurementparameter="b1"/>
        </itemscoredimension>
      </testitem>
      <testitem itemtype="MI" filename="item-200-183611.xml">
        <identifier version="5" uniqueid="200-183611"/>
        <bpref>(SBAC)SBAC-ICA-IRP-MATH-FIXED-7-SEG2-Calc-2020-2021</bpref>
        <bpref>SBAC-1</bpref>
        <bpref>SBAC-1|P</bpref>
        <bpref>SBAC-1|P|TS01</bpref>
        <bpref>SBAC-1|P|TS01|A-7</bpref>
        <poolproperty label="English" value="ENU" property="Language"/>
        <poolproperty label="Braille" value="ENU-Braille" property="Language"/>
        <poolproperty label="Spanish" value="ESN" property="Language"/>
        <poolproperty label="ItemType = MI" value="MI" property="--ITEMTYPE--"/>
        <poolproperty label="Answer Key = MI" value="MI" property="Answer Key"/>
        <poolproperty label="ASL = Y" value="Y" property="ASL"/>
        <poolproperty label="Braille = PRN" value="PRN" property="Braille"/>
        <poolproperty label="Depth of Knowledge = 2" value="2" property="Depth of Knowledge"/>
        <poolproperty label="Grade = 7" value="7" property="Grade"/>
        <poolproperty label="Scoring Engine = Automatic with Machine Rubric" value="Automatic with Machine Rubric" property="Scoring Engine"/>
        <itemscoredimension measurementmodel="IRT3PLn" weight="1.0" scorepoints="1">
          <itemscoreparameter value="0.4652" measurementparameter="a"/>
          <itemscoreparameter value="0.4166" measurementparameter="b"/>
          <itemscoreparameter value="0.0" measurementparameter="c"/>
        </itemscoredimension>
      </testitem>
      <testitem itemtype="MC" filename="item-200-183635.xml">
        <identifier version="5" uniqueid="200-183635"/>
        <bpref>(SBAC)SBAC-ICA-IRP-MATH-FIXED-7-SEG2-Calc-2020-2021</bpref>
        <bpref>SBAC-3</bpref>
        <bpref>SBAC-3|RP</bpref>
        <bpref>SBAC-3|RP|NA</bpref>
        <bpref>SBAC-3|RP|NA|C-7</bpref>
        <poolproperty label="English" value="ENU" property="Language"/>
        <poolproperty label="Braille" value="ENU-Braille" property="Language"/>
        <poolproperty label="Spanish" value="ESN" property="Language"/>
        <poolproperty label="ItemType = MC" value="MC" property="--ITEMTYPE--"/>
        <poolproperty label="Answer Key = B" value="B" property="Answer Key"/>
        <poolproperty label="ASL = Y" value="Y" property="ASL"/>
        <poolproperty label="Braille = BRF" value="BRF" property="Braille"/>
        <poolproperty label="Depth of Knowledge = 2" value="2" property="Depth of Knowledge"/>
        <poolproperty label="Grade = 7" value="7" property="Grade"/>
        <poolproperty label="Scoring Engine = Automatic with Key" value="Automatic with Key" property="Scoring Engine"/>
        <itemscoredimension measurementmodel="IRT3PLn" weight="1.0" scorepoints="1">
          <itemscoreparameter value="0.0598" measurementparameter="a"/>
          <itemscoreparameter value="12.0929" measurementparameter="b"/>
          <itemscoreparameter value="0.0" measurementparameter="c"/>
        </itemscoredimension>
      </testitem>
    </itempool>
    <testform length="15">
      <identifier version="5" name="(SBAC)SBAC-ICA-IRP-MATH-FIXED-7-2020-2021:Default-ENU-Braille" uniqueid="(SBAC)SBAC-ICA-IRP-MATH-FIXED-7-2020-2021:Default-ENU-Braille"/>
      <property label="Braille" name="Language" value="ENU-Braille"/>
      <formpartition>
        <identifier version="5" name="Grade 7 MATH - IRP Comprehensive Assessment - NoCalc (ICA)::BRL" uniqueid="200-620328841"/>
        <itemgroup formposition="1" maxresponses="0" maxitems="ALL">
          <identifier version="5" name="200-620328841:I-200-183300" uniqueid="200-620328841:I-200-183300"/>
          <groupitem blockid="A" groupposition="1" isfieldtest="false" responserequired="true" formposition="1" adminrequired="true" itemid="200-183300" isactive="true"/>
        </itemgroup>
        <itemgroup formposition="2" maxresponses="0" maxitems="ALL">
          <identifier version="5" name="200-620328841:I-200-183505" uniqueid="200-620328841:I-200-183505"/>
          <groupitem blockid="A" groupposition="1" isfieldtest="false" responserequired="true" formposition="2" adminrequired="true" itemid="200-183505" isactive="true"/>
        </itemgroup>
        <itemgroup formposition="3" maxresponses="0" maxitems="ALL">
          <identifier version="5" name="200-620328841:I-200-12049" uniqueid="200-620328841:I-200-12049"/>
          <groupitem blockid="A" groupposition="1" isfieldtest="false" responserequired="true" formposition="3" adminrequired="true" itemid="200-12049" isactive="true"/>
        </itemgroup>
      </formpartition>
      <formpartition>
        <identifier version="5" name="Grade 7 MATH - IRP Comprehensive Assessment - Calc (ICA)::BRL" uniqueid="200-1988882122"/>
        <itemgroup formposition="1" maxresponses="0" maxitems="ALL">
          <identifier version="5" name="200-1988882122:I-200-183401" uniqueid="200-1988882122:I-200-183401"/>
          <groupitem blockid="A" groupposition="1" isfieldtest="false" responserequired="true" formposition="1" adminrequired="true" itemid="200-183401" isactive="true"/>
        </itemgroup>
        <itemgroup formposition="2" maxresponses="0" maxitems="ALL">
          <identifier version="5" name="200-1988882122:I-200-183461" uniqueid="200-1988882122:I-200-183461"/>
          <groupitem blockid="A" groupposition="1" isfieldtest="false" responserequired="true" formposition="2" adminrequired="true" itemid="200-183461" isactive="true"/>
        </itemgroup>
        <itemgroup formposition="3" maxresponses="0" maxitems="ALL">
          <identifier version="5" name="200-1988882122:I-200-183491" uniqueid="200-1988882122:I-200-183491"/>
          <groupitem blockid="A" groupposition="1" isfieldtest="false" responserequired="true" formposition="3" adminrequired="true" itemid="200-183491" isactive="true"/>
        </itemgroup>
        <itemgroup formposition="4" maxresponses="0" maxitems="ALL">
          <identifier version="5" name="200-1988882122:I-200-183517" uniqueid="200-1988882122:I-200-183517"/>
          <groupitem blockid="A" groupposition="1" isfieldtest="false" responserequired="true" formposition="4" adminrequired="true" itemid="200-183517" isactive="true"/>
        </itemgroup>
        <itemgroup formposition="5" maxresponses="0" maxitems="ALL">
          <identifier version="5" name="200-1988882122:I-200-183519" uniqueid="200-1988882122:I-200-183519"/>
          <groupitem blockid="A" groupposition="1" isfieldtest="false" responserequired="true" formposition="5" adminrequired="true" itemid="200-183519" isactive="true"/>
        </itemgroup>
        <itemgroup formposition="6" maxresponses="0" maxitems="ALL">
          <identifier version="5" name="200-1988882122:I-200-183457" uniqueid="200-1988882122:I-200-183457"/>
          <groupitem blockid="A" groupposition="1" isfieldtest="false" responserequired="true" formposition="6" adminrequired="true" itemid="200-183457" isactive="true"/>
        </itemgroup>
        <itemgroup formposition="7" maxresponses="0" maxitems="ALL">
          <identifier version="5" name="200-1988882122:I-200-183563" uniqueid="200-1988882122:I-200-183563"/>
          <groupitem blockid="A" groupposition="1" isfieldtest="false" responserequired="true" formposition="7" adminrequired="true" itemid="200-183563" isactive="true"/>
        </itemgroup>
        <itemgroup formposition="8" maxresponses="0" maxitems="ALL">
          <identifier version="5" name="200-1988882122:I-200-183581" uniqueid="200-1988882122:I-200-183581"/>
          <groupitem blockid="A" groupposition="1" isfieldtest="false" responserequired="true" formposition="8" adminrequired="true" itemid="200-183581" isactive="true"/>
        </itemgroup>
        <itemgroup formposition="9" maxresponses="0" maxitems="ALL">
          <identifier version="5" name="200-1988882122:I-200-183583" uniqueid="200-1988882122:I-200-183583"/>
          <groupitem blockid="A" groupposition="1" isfieldtest="false" responserequired="true" formposition="9" adminrequired="true" itemid="200-183583" isactive="true"/>
        </itemgroup>
        <itemgroup formposition="10" maxresponses="0" maxitems="ALL">
          <identifier version="5" name="200-1988882122:I-200-183591" uniqueid="200-1988882122:I-200-183591"/>
          <groupitem blockid="A" groupposition="1" isfieldtest="false" responserequired="true" formposition="10" adminrequired="true" itemid="200-183591" isactive="true"/>
        </itemgroup>
        <itemgroup formposition="11" maxresponses="0" maxitems="ALL">
          <identifier version="5" name="200-1988882122:I-200-183611" uniqueid="200-1988882122:I-200-183611"/>
          <groupitem blockid="A" groupposition="1" isfieldtest="false" responserequired="true" formposition="11" adminrequired="true" itemid="200-183611" isactive="true"/>
        </itemgroup>
        <itemgroup formposition="12" maxresponses="0" maxitems="ALL">
          <identifier version="5" name="200-1988882122:I-200-183635" uniqueid="200-1988882122:I-200-183635"/>
          <groupitem blockid="A" groupposition="1" isfieldtest="false" responserequired="true" formposition="12" adminrequired="true" itemid="200-183635" isactive="true"/>
        </itemgroup>
      </formpartition>
    </testform>
    <testform length="17">
      <identifier version="5" name="(SBAC)SBAC-ICA-IRP-MATH-FIXED-7-2020-2021:Default-ENU" uniqueid="(SBAC)SBAC-ICA-IRP-MATH-FIXED-7-2020-2021:Default-ENU"/>
      <property label="English" name="Language" value="ENU"/>
      <formpartition>
        <identifier version="5" name="Grade 7 MATH - IRP Comprehensive Assessment - NoCalc (ICA)::ENU" uniqueid="200-620331609"/>
        <itemgroup formposition="1" maxresponses="0" maxitems="ALL">
          <identifier version="5" name="200-620331609:I-200-183300" uniqueid="200-620331609:I-200-183300"/>
          <groupitem blockid="A" groupposition="1" isfieldtest="false" responserequired="true" formposition="1" adminrequired="true" itemid="200-183300" isactive="true"/>
        </itemgroup>
        <itemgroup formposition="2" maxresponses="0" maxitems="ALL">
          <identifier version="5" name="200-620331609:I-200-183505" uniqueid="200-620331609:I-200-183505"/>
          <groupitem blockid="A" groupposition="1" isfieldtest="false" responserequired="true" formposition="2" adminrequired="true" itemid="200-183505" isactive="true"/>
        </itemgroup>
        <itemgroup formposition="3" maxresponses="0" maxitems="ALL">
          <identifier version="5" name="200-620331609:I-200-12049" uniqueid="200-620331609:I-200-12049"/>
          <groupitem blockid="A" groupposition="1" isfieldtest="false" responserequired="true" formposition="3" adminrequired="true" itemid="200-12049" isactive="true"/>
        </itemgroup>
      </formpartition>
      <formpartition>
        <identifier version="5" name="Grade 7 MATH - IRP Comprehensive Assessment - Calc (ICA)::ENU" uniqueid="200-1988884890"/>
        <itemgroup formposition="1" maxresponses="0" maxitems="ALL">
          <identifier version="5" name="200-1988884890:I-200-183401" uniqueid="200-1988884890:I-200-183401"/>
          <groupitem blockid="A" groupposition="1" isfieldtest="false" responserequired="true" formposition="1" adminrequired="true" itemid="200-183401" isactive="true"/>
        </itemgroup>
        <itemgroup formposition="2" maxresponses="0" maxitems="ALL">
          <identifier version="5" name="200-1988884890:I-200-183461" uniqueid="200-1988884890:I-200-183461"/>
          <groupitem blockid="A" groupposition="1" isfieldtest="false" responserequired="true" formposition="2" adminrequired="true" itemid="200-183461" isactive="true"/>
        </itemgroup>
        <itemgroup formposition="3" maxresponses="0" maxitems="ALL">
          <identifier version="5" name="200-1988884890:I-200-183475" uniqueid="200-1988884890:I-200-183475"/>
          <groupitem blockid="A" groupposition="1" isfieldtest="false" responserequired="true" formposition="3" adminrequired="true" itemid="200-183475" isactive="true"/>
        </itemgroup>
        <itemgroup formposition="4" maxresponses="0" maxitems="ALL">
          <identifier version="5" name="200-1988884890:I-200-183491" uniqueid="200-1988884890:I-200-183491"/>
          <groupitem blockid="A" groupposition="1" isfieldtest="false" responserequired="true" formposition="4" adminrequired="true" itemid="200-183491" isactive="true"/>
        </itemgroup>
        <itemgroup formposition="5" maxresponses="0" maxitems="ALL">
          <identifier version="5" name="200-1988884890:I-200-183517" uniqueid="200-1988884890:I-200-183517"/>
          <groupitem blockid="A" groupposition="1" isfieldtest="false" responserequired="true" formposition="5" adminrequired="true" itemid="200-183517" isactive="true"/>
        </itemgroup>
        <itemgroup formposition="6" maxresponses="0" maxitems="ALL">
          <identifier version="5" name="200-1988884890:I-200-183519" uniqueid="200-1988884890:I-200-183519"/>
          <groupitem blockid="A" groupposition="1" isfieldtest="false" responserequired="true" formposition="6" adminrequired="true" itemid="200-183519" isactive="true"/>
        </itemgroup>
        <itemgroup formposition="7" maxresponses="0" maxitems="ALL">
          <identifier version="5" name="200-1988884890:I-200-183457" uniqueid="200-1988884890:I-200-183457"/>
          <groupitem blockid="A" groupposition="1" isfieldtest="false" responserequired="true" formposition="7" adminrequired="true" itemid="200-183457" isactive="true"/>
        </itemgroup>
        <itemgroup formposition="8" maxresponses="0" maxitems="ALL">
          <identifier version="5" name="200-1988884890:I-200-183561" uniqueid="200-1988884890:I-200-183561"/>
          <groupitem blockid="A" groupposition="1" isfieldtest="false" responserequired="true" formposition="8" adminrequired="true" itemid="200-183561" isactive="true"/>
        </itemgroup>
        <itemgroup formposition="9" maxresponses="0" maxitems="ALL">
          <identifier version="5" name="200-1988884890:I-200-183563" uniqueid="200-1988884890:I-200-183563"/>
          <groupitem blockid="A" groupposition="1" isfieldtest="false" responserequired="true" formposition="9" adminrequired="true" itemid="200-183563" isactive="true"/>
        </itemgroup>
        <itemgroup formposition="10" maxresponses="0" maxitems="ALL">
          <identifier version="5" name="200-1988884890:I-200-183581" uniqueid="200-1988884890:I-200-183581"/>
          <groupitem blockid="A" groupposition="1" isfieldtest="false" responserequired="true" formposition="10" adminrequired="true" itemid="200-183581" isactive="true"/>
        </itemgroup>
        <itemgroup formposition="11" maxresponses="0" maxitems="ALL">
          <identifier version="5" name="200-1988884890:I-200-183583" uniqueid="200-1988884890:I-200-183583"/>
          <groupitem blockid="A" groupposition="1" isfieldtest="false" responserequired="true" formposition="11" adminrequired="true" itemid="200-183583" isactive="true"/>
        </itemgroup>
        <itemgroup formposition="12" maxresponses="0" maxitems="ALL">
          <identifier version="5" name="200-1988884890:I-200-183591" uniqueid="200-1988884890:I-200-183591"/>
          <groupitem blockid="A" groupposition="1" isfieldtest="false" responserequired="true" formposition="12" adminrequired="true" itemid="200-183591" isactive="true"/>
        </itemgroup>
        <itemgroup formposition="13" maxresponses="0" maxitems="ALL">
          <identifier version="5" name="200-1988884890:I-200-183611" uniqueid="200-1988884890:I-200-183611"/>
          <groupitem blockid="A" groupposition="1" isfieldtest="false" responserequired="true" formposition="13" adminrequired="true" itemid="200-183611" isactive="true"/>
        </itemgroup>
        <itemgroup formposition="14" maxresponses="0" maxitems="ALL">
          <identifier version="5" name="200-1988884890:I-200-183635" uniqueid="200-1988884890:I-200-183635"/>
          <groupitem blockid="A" groupposition="1" isfieldtest="false" responserequired="true" formposition="14" adminrequired="true" itemid="200-183635" isactive="true"/>
        </itemgroup>
      </formpartition>
    </testform>
    <testform length="17">
      <identifier version="5" name="(SBAC)SBAC-ICA-IRP-MATH-FIXED-7-2020-2021:Default-ESN" uniqueid="(SBAC)SBAC-ICA-IRP-MATH-FIXED-7-2020-2021:Default-ESN"/>
      <property label="Spanish" name="Language" value="ESN"/>
      <formpartition>
        <identifier version="5" name="Grade 7 MATH - IRP Comprehensive Assessment - NoCalc (ICA)::SPA" uniqueid="200-620345105"/>
        <itemgroup formposition="1" maxresponses="0" maxitems="ALL">
          <identifier version="5" name="200-620345105:I-200-183300" uniqueid="200-620345105:I-200-183300"/>
          <groupitem blockid="A" groupposition="1" isfieldtest="false" responserequired="true" formposition="1" adminrequired="true" itemid="200-183300" isactive="true"/>
        </itemgroup>
        <itemgroup formposition="2" maxresponses="0" maxitems="ALL">
          <identifier version="5" name="200-620345105:I-200-183505" uniqueid="200-620345105:I-200-183505"/>
          <groupitem blockid="A" groupposition="1" isfieldtest="false" responserequired="true" formposition="2" adminrequired="true" itemid="200-183505" isactive="true"/>
        </itemgroup>
        <itemgroup formposition="3" maxresponses="0" maxitems="ALL">
          <identifier version="5" name="200-620345105:I-200-12049" uniqueid="200-620345105:I-200-12049"/>
          <groupitem blockid="A" groupposition="1" isfieldtest="false" responserequired="true" formposition="3" adminrequired="true" itemid="200-12049" isactive="true"/>
        </itemgroup>
      </formpartition>
      <formpartition>
        <identifier version="5" name="Grade 7 MATH - IRP Comprehensive Assessment - Calc (ICA)::SPA" uniqueid="200-1988898386"/>
        <itemgroup formposition="1" maxresponses="0" maxitems="ALL">
          <identifier version="5" name="200-1988898386:I-200-183401" uniqueid="200-1988898386:I-200-183401"/>
          <groupitem blockid="A" groupposition="1" isfieldtest="false" responserequired="true" formposition="1" adminrequired="true" itemid="200-183401" isactive="true"/>
        </itemgroup>
        <itemgroup formposition="2" maxresponses="0" maxitems="ALL">
          <identifier version="5" name="200-1988898386:I-200-183461" uniqueid="200-1988898386:I-200-183461"/>
          <groupitem blockid="A" groupposition="1" isfieldtest="false" responserequired="true" formposition="2" adminrequired="true" itemid="200-183461" isactive="true"/>
        </itemgroup>
        <itemgroup formposition="3" maxresponses="0" maxitems="ALL">
          <identifier version="5" name="200-1988898386:I-200-183475" uniqueid="200-1988898386:I-200-183475"/>
          <groupitem blockid="A" groupposition="1" isfieldtest="false" responserequired="true" formposition="3" adminrequired="true" itemid="200-183475" isactive="true"/>
        </itemgroup>
        <itemgroup formposition="4" maxresponses="0" maxitems="ALL">
          <identifier version="5" name="200-1988898386:I-200-183491" uniqueid="200-1988898386:I-200-183491"/>
          <groupitem blockid="A" groupposition="1" isfieldtest="false" responserequired="true" formposition="4" adminrequired="true" itemid="200-183491" isactive="true"/>
        </itemgroup>
        <itemgroup formposition="5" maxresponses="0" maxitems="ALL">
          <identifier version="5" name="200-1988898386:I-200-183517" uniqueid="200-1988898386:I-200-183517"/>
          <groupitem blockid="A" groupposition="1" isfieldtest="false" responserequired="true" formposition="5" adminrequired="true" itemid="200-183517" isactive="true"/>
        </itemgroup>
        <itemgroup formposition="6" maxresponses="0" maxitems="ALL">
          <identifier version="5" name="200-1988898386:I-200-183519" uniqueid="200-1988898386:I-200-183519"/>
          <groupitem blockid="A" groupposition="1" isfieldtest="false" responserequired="true" formposition="6" adminrequired="true" itemid="200-183519" isactive="true"/>
        </itemgroup>
        <itemgroup formposition="7" maxresponses="0" maxitems="ALL">
          <identifier version="5" name="200-1988898386:I-200-183457" uniqueid="200-1988898386:I-200-183457"/>
          <groupitem blockid="A" groupposition="1" isfieldtest="false" responserequired="true" formposition="7" adminrequired="true" itemid="200-183457" isactive="true"/>
        </itemgroup>
        <itemgroup formposition="8" maxresponses="0" maxitems="ALL">
          <identifier version="5" name="200-1988898386:I-200-183561" uniqueid="200-1988898386:I-200-183561"/>
          <groupitem blockid="A" groupposition="1" isfieldtest="false" responserequired="true" formposition="8" adminrequired="true" itemid="200-183561" isactive="true"/>
        </itemgroup>
        <itemgroup formposition="9" maxresponses="0" maxitems="ALL">
          <identifier version="5" name="200-1988898386:I-200-183563" uniqueid="200-1988898386:I-200-183563"/>
          <groupitem blockid="A" groupposition="1" isfieldtest="false" responserequired="true" formposition="9" adminrequired="true" itemid="200-183563" isactive="true"/>
        </itemgroup>
        <itemgroup formposition="10" maxresponses="0" maxitems="ALL">
          <identifier version="5" name="200-1988898386:I-200-183581" uniqueid="200-1988898386:I-200-183581"/>
          <groupitem blockid="A" groupposition="1" isfieldtest="false" responserequired="true" formposition="10" adminrequired="true" itemid="200-183581" isactive="true"/>
        </itemgroup>
        <itemgroup formposition="11" maxresponses="0" maxitems="ALL">
          <identifier version="5" name="200-1988898386:I-200-183583" uniqueid="200-1988898386:I-200-183583"/>
          <groupitem blockid="A" groupposition="1" isfieldtest="false" responserequired="true" formposition="11" adminrequired="true" itemid="200-183583" isactive="true"/>
        </itemgroup>
        <itemgroup formposition="12" maxresponses="0" maxitems="ALL">
          <identifier version="5" name="200-1988898386:I-200-183591" uniqueid="200-1988898386:I-200-183591"/>
          <groupitem blockid="A" groupposition="1" isfieldtest="false" responserequired="true" formposition="12" adminrequired="true" itemid="200-183591" isactive="true"/>
        </itemgroup>
        <itemgroup formposition="13" maxresponses="0" maxitems="ALL">
          <identifier version="5" name="200-1988898386:I-200-183611" uniqueid="200-1988898386:I-200-183611"/>
          <groupitem blockid="A" groupposition="1" isfieldtest="false" responserequired="true" formposition="13" adminrequired="true" itemid="200-183611" isactive="true"/>
        </itemgroup>
        <itemgroup formposition="14" maxresponses="0" maxitems="ALL">
          <identifier version="5" name="200-1988898386:I-200-183635" uniqueid="200-1988898386:I-200-183635"/>
          <groupitem blockid="A" groupposition="1" isfieldtest="false" responserequired="true" formposition="14" adminrequired="true" itemid="200-183635" isactive="true"/>
        </itemgroup>
      </formpartition>
    </testform>
    <adminsegment position="1" segmentid="(SBAC)SBAC-ICA-IRP-MATH-FIXED-7-SEG1-NoCalc-2020-2021" itemselection="fixedform">
      <segmentblueprint>
        <segmentbpelement bpelementid="SBAC-1" minopitems="0" maxopitems="3"/>
        <segmentbpelement bpelementid="SBAC-1|P|TS02|B-7" minopitems="0" maxopitems="2"/>
        <segmentbpelement bpelementid="SBAC-1|P|TS02|C-7" minopitems="0" maxopitems="1"/>
        <segmentbpelement bpelementid="SBAC-1|P|TS02" minopitems="0" maxopitems="3"/>
        <segmentbpelement bpelementid="SBAC-ICA-IRP-MATH-FIXED-7-SEG1-NoCalc" minopitems="0" maxopitems="3"/>
        <segmentbpelement bpelementid="SBAC-1|P" minopitems="0" maxopitems="3"/>
      </segmentblueprint>
      <itemselector type="fixedform">
        <identifier version="5" label="FAIRWAY FIXEDFORM" name="FAIRWAY FIXEDFORM" uniqueid="FAIRWAY FIXEDFORM"/>
        <itemselectionparameter bpelementid="(SBAC)SBAC-ICA-IRP-MATH-FIXED-7-SEG1-NoCalc-2020-2021">
          <property label="slope" name="slope" value="79.3"/>
          <property label="intercept" name="intercept" value="2514.9"/>
        </itemselectionparameter>
      </itemselector>
      <segmentform formpartitionid="200-620331609"/>
      <segmentform formpartitionid="200-620328841"/>
      <segmentform formpartitionid="200-620345105"/>
    </adminsegment>
    <adminsegment position="2" segmentid="(SBAC)SBAC-ICA-IRP-MATH-FIXED-7-SEG2-Calc-2020-2021" itemselection="fixedform">
      <segmentblueprint>
        <segmentbpelement bpelementid="SBAC-3|RP|NA|A-7" minopitems="0" maxopitems="1"/>
        <segmentbpelement bpelementid="SBAC-3|RP|NA|C-7" minopitems="0" maxopitems="1"/>
        <segmentbpelement bpelementid="SBAC-ICA-IRP-MATH-FIXED-7-SEG2-Calc" minopitems="0" maxopitems="14"/>
        <segmentbpelement bpelementid="SBAC-1|P" minopitems="0" maxopitems="2"/>
        <segmentbpelement bpelementid="SBAC-3|EE|NA|E-7" minopitems="0" maxopitems="1"/>
        <segmentbpelement bpelementid="SBAC-1|S" minopitems="0" maxopitems="1"/>
        <segmentbpelement bpelementid="SBAC-3|RP|NA" minopitems="0" maxopitems="2"/>
        <segmentbpelement bpelementid="SBAC-1|P|TS01" minopitems="0" maxopitems="2"/>
        <segmentbpelement bpelementid="SBAC-1|S|TS04" minopitems="0" maxopitems="1"/>
        <segmentbpelement bpelementid="SBAC-4|EE|NA" minopitems="0" maxopitems="1"/>
        <segmentbpelement bpelementid="SBAC-2|RP" minopitems="0" maxopitems="1"/>
        <segmentbpelement bpelementid="SBAC-3|EE" minopitems="0" maxopitems="1"/>
        <segmentbpelement bpelementid="SBAC-2|G|NA" minopitems="0" maxopitems="1"/>
        <segmentbpelement bpelementid="SBAC-3|NS|NA|A-7" minopitems="0" maxopitems="1"/>
        <segmentbpelement bpelementid="SBAC-2|G|NA|A-7" minopitems="0" maxopitems="1"/>
        <segmentbpelement bpelementid="SBAC-3|NS|NA|F-7" minopitems="0" maxopitems="1"/>
        <segmentbpelement bpelementid="SBAC-2|RP|NA" minopitems="0" maxopitems="1"/>
        <segmentbpelement bpelementid="SBAC-4|RP" minopitems="0" maxopitems="1"/>
        <segmentbpelement bpelementid="SBAC-4|RP|NA|F-7" minopitems="0" maxopitems="1"/>
        <segmentbpelement bpelementid="SBAC-4|G|NA" minopitems="0" maxopitems="1"/>
        <segmentbpelement bpelementid="SBAC-3|EE|NA" minopitems="0" maxopitems="1"/>
        <segmentbpelement bpelementid="SBAC-2|RP|NA|A-7" minopitems="0" maxopitems="1"/>
        <segmentbpelement bpelementid="SBAC-3|NS|NA" minopitems="0" maxopitems="2"/>
        <segmentbpelement bpelementid="SBAC-4|EE|NA|E-7" minopitems="0" maxopitems="1"/>
        <segmentbpelement bpelementid="SBAC-1|S|TS04|I-7" minopitems="0" maxopitems="1"/>
        <segmentbpelement bpelementid="SBAC-4|RP|NA" minopitems="0" maxopitems="1"/>
        <segmentbpelement bpelementid="SBAC-1" minopitems="0" maxopitems="3"/>
        <segmentbpelement bpelementid="SBAC-4|EE" minopitems="0" maxopitems="1"/>
        <segmentbpelement bpelementid="SBAC-2" minopitems="0" maxopitems="3"/>
        <segmentbpelement bpelementid="SBAC-2|EE" minopitems="0" maxopitems="1"/>
        <segmentbpelement bpelementid="SBAC-4|G|NA|D-7" minopitems="0" maxopitems="1"/>
        <segmentbpelement bpelementid="SBAC-3" minopitems="0" maxopitems="5"/>
        <segmentbpelement bpelementid="SBAC-4" minopitems="0" maxopitems="3"/>
        <segmentbpelement bpelementid="SBAC-1|P|TS01|D-7" minopitems="0" maxopitems="1"/>
        <segmentbpelement bpelementid="SBAC-3|NS" minopitems="0" maxopitems="2"/>
        <segmentbpelement bpelementid="SBAC-2|EE|NA|C-7" minopitems="0" maxopitems="1"/>
        <segmentbpelement bpelementid="SBAC-1|P|TS01|A-7" minopitems="0" maxopitems="1"/>
        <segmentbpelement bpelementid="SBAC-2|EE|NA" minopitems="0" maxopitems="1"/>
        <segmentbpelement bpelementid="SBAC-2|G" minopitems="0" maxopitems="1"/>
        <segmentbpelement bpelementid="SBAC-3|RP" minopitems="0" maxopitems="2"/>
        <segmentbpelement bpelementid="SBAC-4|G" minopitems="0" maxopitems="1"/>
      </segmentblueprint>
      <itemselector type="fixedform">
        <identifier version="5" label="FAIRWAY FIXEDFORM" name="FAIRWAY FIXEDFORM" uniqueid="FAIRWAY FIXEDFORM"/>
        <itemselectionparameter bpelementid="(SBAC)SBAC-ICA-IRP-MATH-FIXED-7-SEG2-Calc-2020-2021">
          <property label="slope" name="slope" value="79.3"/>
          <property label="intercept" name="intercept" value="2514.9"/>
        </itemselectionparameter>
      </itemselector>
      <segmentform formpartitionid="200-1988884890"/>
      <segmentform formpartitionid="200-1988882122"/>
      <segmentform formpartitionid="200-1988898386"/>
    </adminsegment>
  </administration>
</testspecification>
