<testspecification version="1" purpose="administration" publishdate="Mar 27 2020 12:14AM" publisher="SBAC">
  <identifier version="4" label="Grade 7 ELA - IRP Comprehensive Assessment (ICA)" name="SBAC-ICA-IRP-ELA-FIXED-7" uniqueid="(SBAC)SBAC-ICA-IRP-ELA-FIXED-7-2023-2024"/>
  <property label="ELA" name="subject" value="ELA"/>
  <property label="interim" name="type" value="interim"/>
  <property label="7" name="grade" value="7"/>
  <administration>
    <testblueprint>
      <bpelement maxftitems="0" opitemcount="17" elementtype="test" minopitems="0" maxopitems="17" ftitemcount="0" minftitems="0">
        <identifier version="4" name="SBAC-ICA-IRP-ELA-FIXED-7" uniqueid="(SBAC)SBAC-ICA-IRP-ELA-FIXED-7-2023-2024"/>
      </bpelement>
      <bpelement maxftitems="0" opitemcount="17" elementtype="segment" minopitems="0" maxopitems="17" ftitemcount="0" minftitems="0">
        <identifier version="4" name="SBAC-ICA-IRP-ELA-FIXED-7" uniqueid="(SBAC)SBAC-ICA-IRP-ELA-FIXED-7-2023-2024"/>
      </bpelement>
      <bpelement maxftitems="0" opitemcount="3" elementtype="contentlevel" minopitems="0" maxopitems="3" parentid="SBAC-3-L|4-7" ftitemcount="0" minftitems="0">
        <identifier version="4" name="3-L|4-7|7.SL.2" uniqueid="SBAC-3-L|4-7|7.SL.2"/>
      </bpelement>
      <bpelement maxftitems="0" opitemcount="2" elementtype="contentlevel" minopitems="0" maxopitems="2" parentid="SBAC-3-L|4-7" ftitemcount="0" minftitems="0">
        <identifier version="4" name="3-L|4-7|7.SL.3" uniqueid="SBAC-3-L|4-7|7.SL.3"/>
      </bpelement>
      <bpelement maxftitems="0" opitemcount="5" elementtype="contentlevel" minopitems="0" maxopitems="5" parentid="SBAC-3-L" ftitemcount="0" minftitems="0">
        <identifier version="4" name="3-L|4-7" uniqueid="SBAC-3-L|4-7"/>
      </bpelement>
      <bpelement maxftitems="0" opitemcount="1" elementtype="contentlevel" minopitems="0" maxopitems="1" parentid="SBAC-1-IT" ftitemcount="0" minftitems="0">
        <identifier version="4" name="1-IT|11-7" uniqueid="SBAC-1-IT|11-7"/>
      </bpelement>
      <bpelement maxftitems="0" opitemcount="1" elementtype="contentlevel" minopitems="0" maxopitems="1" parentid="SBAC-4-CR" ftitemcount="0" minftitems="0">
        <identifier version="4" name="4-CR|4-7" uniqueid="SBAC-4-CR|4-7"/>
      </bpelement>
      <bpelement maxftitems="0" opitemcount="1" elementtype="contentlevel" minopitems="0" maxopitems="1" parentid="SBAC-4-CR" ftitemcount="0" minftitems="0">
        <identifier version="4" name="4-CR|2-7" uniqueid="SBAC-4-CR|2-7"/>
      </bpelement>
      <bpelement maxftitems="0" opitemcount="1" elementtype="contentlevel" minopitems="0" maxopitems="1" parentid="SBAC-2-W|6-7" ftitemcount="0" minftitems="0">
        <identifier version="4" name="2-W|6-7|7.W.1b" uniqueid="SBAC-2-W|6-7|7.W.1b"/>
      </bpelement>
      <bpelement maxftitems="0" opitemcount="1" elementtype="contentlevel" minopitems="0" maxopitems="1" parentid="SBAC-4-CR" ftitemcount="0" minftitems="0">
        <identifier version="4" name="4-CR|3-7" uniqueid="SBAC-4-CR|3-7"/>
      </bpelement>
      <bpelement maxftitems="0" opitemcount="1" elementtype="contentlevel" minopitems="0" maxopitems="1" parentid="SBAC-2-W|6-7" ftitemcount="0" minftitems="0">
        <identifier version="4" name="2-W|6-7|7.W.1a" uniqueid="SBAC-2-W|6-7|7.W.1a"/>
      </bpelement>
      <bpelement maxftitems="0" opitemcount="2" elementtype="strand" minopitems="0" maxopitems="2" ftitemcount="0" minftitems="0">
        <identifier version="4" name="1-IT" uniqueid="SBAC-1-IT"/>
      </bpelement>
      <bpelement maxftitems="0" opitemcount="1" elementtype="contentlevel" minopitems="0" maxopitems="1" parentid="SBAC-1-LT" ftitemcount="0" minftitems="0">
        <identifier version="4" name="1-LT|6-7" uniqueid="SBAC-1-LT|6-7"/>
      </bpelement>
      <bpelement maxftitems="0" opitemcount="1" elementtype="contentlevel" minopitems="0" maxopitems="1" parentid="SBAC-4-CR|2-7" ftitemcount="0" minftitems="0">
        <identifier version="4" name="4-CR|2-7|7.RI.8" uniqueid="SBAC-4-CR|2-7|7.RI.8"/>
      </bpelement>
      <bpelement maxftitems="0" opitemcount="1" elementtype="contentlevel" minopitems="0" maxopitems="1" parentid="SBAC-1-LT" ftitemcount="0" minftitems="0">
        <identifier version="4" name="1-LT|4-7" uniqueid="SBAC-1-LT|4-7"/>
      </bpelement>
      <bpelement maxftitems="0" opitemcount="1" elementtype="contentlevel" minopitems="0" maxopitems="1" parentid="SBAC-1-LT" ftitemcount="0" minftitems="0">
        <identifier version="4" name="1-LT|3-7" uniqueid="SBAC-1-LT|3-7"/>
      </bpelement>
      <bpelement maxftitems="0" opitemcount="1" elementtype="contentlevel" minopitems="0" maxopitems="1" parentid="SBAC-1-IT|11-7" ftitemcount="0" minftitems="0">
        <identifier version="4" name="1-IT|11-7|7.RI.1" uniqueid="SBAC-1-IT|11-7|7.RI.1"/>
      </bpelement>
      <bpelement maxftitems="0" opitemcount="1" elementtype="contentlevel" minopitems="0" maxopitems="1" parentid="SBAC-1-LT|4-7" ftitemcount="0" minftitems="0">
        <identifier version="4" name="1-LT|4-7|7.RL.3" uniqueid="SBAC-1-LT|4-7|7.RL.3"/>
      </bpelement>
      <bpelement maxftitems="0" opitemcount="2" elementtype="contentlevel" minopitems="0" maxopitems="2" parentid="SBAC-2-W" ftitemcount="0" minftitems="0">
        <identifier version="4" name="2-W|6-7" uniqueid="SBAC-2-W|6-7"/>
      </bpelement>
      <bpelement maxftitems="0" opitemcount="1" elementtype="contentlevel" minopitems="0" maxopitems="1" parentid="SBAC-1-LT|3-7" ftitemcount="0" minftitems="0">
        <identifier version="4" name="1-LT|3-7|7.RL.4" uniqueid="SBAC-1-LT|3-7|7.RL.4"/>
      </bpelement>
      <bpelement maxftitems="0" opitemcount="2" elementtype="contentlevel" minopitems="0" maxopitems="2" parentid="SBAC-2-W" ftitemcount="0" minftitems="0">
        <identifier version="4" name="2-W|9-7" uniqueid="SBAC-2-W|9-7"/>
      </bpelement>
      <bpelement maxftitems="0" opitemcount="1" elementtype="contentlevel" minopitems="0" maxopitems="1" parentid="SBAC-1-LT|6-7" ftitemcount="0" minftitems="0">
        <identifier version="4" name="1-LT|6-7|7.RL.5" uniqueid="SBAC-1-LT|6-7|7.RL.5"/>
      </bpelement>
      <bpelement maxftitems="0" opitemcount="1" elementtype="contentlevel" minopitems="0" maxopitems="1" parentid="SBAC-4-CR|3-7" ftitemcount="0" minftitems="0">
        <identifier version="4" name="4-CR|3-7|6-8.WHST.8" uniqueid="SBAC-4-CR|3-7|6-8.WHST.8"/>
      </bpelement>
      <bpelement maxftitems="0" opitemcount="1" elementtype="contentlevel" minopitems="0" maxopitems="1" parentid="SBAC-2-W|9-7" ftitemcount="0" minftitems="0">
        <identifier version="4" name="2-W|9-7|7.L.2a" uniqueid="SBAC-2-W|9-7|7.L.2a"/>
      </bpelement>
      <bpelement maxftitems="0" opitemcount="1" elementtype="contentlevel" minopitems="0" maxopitems="1" parentid="SBAC-2-W|9-7" ftitemcount="0" minftitems="0">
        <identifier version="4" name="2-W|9-7|7.L.2b" uniqueid="SBAC-2-W|9-7|7.L.2b"/>
      </bpelement>
      <bpelement maxftitems="0" opitemcount="3" elementtype="strand" minopitems="0" maxopitems="3" ftitemcount="0" minftitems="0">
        <identifier version="4" name="4-CR" uniqueid="SBAC-4-CR"/>
      </bpelement>
      <bpelement maxftitems="0" opitemcount="5" elementtype="strand" minopitems="0" maxopitems="5" ftitemcount="0" minftitems="0">
        <identifier version="4" name="3-L" uniqueid="SBAC-3-L"/>
      </bpelement>
      <bpelement maxftitems="0" opitemcount="3" elementtype="strand" minopitems="0" maxopitems="3" ftitemcount="0" minftitems="0">
        <identifier version="4" name="1-LT" uniqueid="SBAC-1-LT"/>
      </bpelement>
      <bpelement maxftitems="0" opitemcount="1" elementtype="contentlevel" minopitems="0" maxopitems="1" parentid="SBAC-1-IT|13-7" ftitemcount="0" minftitems="0">
        <identifier version="4" name="1-IT|13-7|7.RI.5" uniqueid="SBAC-1-IT|13-7|7.RI.5"/>
      </bpelement>
      <bpelement maxftitems="0" opitemcount="1" elementtype="contentlevel" minopitems="0" maxopitems="1" parentid="SBAC-1-IT" ftitemcount="0" minftitems="0">
        <identifier version="4" name="1-IT|13-7" uniqueid="SBAC-1-IT|13-7"/>
      </bpelement>
      <bpelement maxftitems="0" opitemcount="1" elementtype="contentlevel" minopitems="0" maxopitems="1" parentid="SBAC-4-CR|4-7" ftitemcount="0" minftitems="0">
        <identifier version="4" name="4-CR|4-7|7.W.1b" uniqueid="SBAC-4-CR|4-7|7.W.1b"/>
      </bpelement>
      <bpelement maxftitems="0" opitemcount="4" elementtype="strand" minopitems="0" maxopitems="4" ftitemcount="0" minftitems="0">
        <identifier version="4" name="2-W" uniqueid="SBAC-2-W"/>
      </bpelement>
    </testblueprint>
    <itempool>
      <passage filename="stim-200-193785.xml">
        <identifier version="4" uniqueid="200-193785"/>
      </passage>
      <passage filename="stim-200-193797.xml">
        <identifier version="4" uniqueid="200-193797"/>
      </passage>
      <passage filename="stim-200-170720.xml">
        <identifier version="4" uniqueid="200-170720"/>
      </passage>
      <passage filename="stim-200-193782.xml">
        <identifier version="4" uniqueid="200-193782"/>
      </passage>
      <testitem itemtype="MC" filename="item-200-182934.xml">
        <identifier version="4" uniqueid="200-182934"/>
        <bpref>(SBAC)SBAC-ICA-IRP-ELA-FIXED-7-2023-2024</bpref>
        <bpref>SBAC-4-CR</bpref>
        <bpref>SBAC-4-CR|3-7</bpref>
        <bpref>SBAC-4-CR|3-7|6-8.WHST.8</bpref>
        <poolproperty label="English" value="ENU" property="Language"/>
        <poolproperty label="Braille" value="ENU-Braille" property="Language"/>
        <poolproperty label="ItemType = MC" value="MC" property="--ITEMTYPE--"/>
        <poolproperty label="Answer Key = B" value="B" property="Answer Key"/>
        <poolproperty label="ASL = N" value="N" property="ASL"/>
        <poolproperty label="Braille = BRF" value="BRF" property="Braille"/>
        <poolproperty label="Depth of Knowledge = 2" value="2" property="Depth of Knowledge"/>
        <poolproperty label="Grade = 7" value="7" property="Grade"/>
        <poolproperty label="Scoring Engine = Automatic with Key" value="Automatic with Key" property="Scoring Engine"/>
        <itemscoredimension measurementmodel="IRT3PLn" weight="1.0" scorepoints="1">
          <itemscoreparameter value="0.34909" measurementparameter="a"/>
          <itemscoreparameter value="-0.44158" measurementparameter="b"/>
          <itemscoreparameter value="0.0" measurementparameter="c"/>
        </itemscoredimension>
      </testitem>
      <testitem itemtype="HTQ" filename="item-200-182936.xml">
        <identifier version="4" uniqueid="200-182936"/>
        <bpref>(SBAC)SBAC-ICA-IRP-ELA-FIXED-7-2023-2024</bpref>
        <bpref>SBAC-4-CR</bpref>
        <bpref>SBAC-4-CR|2-7</bpref>
        <bpref>SBAC-4-CR|2-7|7.RI.8</bpref>
        <poolproperty label="English" value="ENU" property="Language"/>
        <poolproperty label="Braille" value="ENU-Braille" property="Language"/>
        <poolproperty label="ItemType = HTQ" value="HTQ" property="--ITEMTYPE--"/>
        <poolproperty label="Answer Key = HTQ" value="HTQ" property="Answer Key"/>
        <poolproperty label="ASL = N" value="N" property="ASL"/>
        <poolproperty label="Braille = BRF" value="BRF" property="Braille"/>
        <poolproperty label="Depth of Knowledge = 2" value="2" property="Depth of Knowledge"/>
        <poolproperty label="Grade = 7" value="7" property="Grade"/>
        <poolproperty label="Scoring Engine = Automatic with Machine Rubric" value="Automatic with Machine Rubric" property="Scoring Engine"/>
        <itemscoredimension measurementmodel="IRT3PLn" weight="1.0" scorepoints="1">
          <itemscoreparameter value="0.37674" measurementparameter="a"/>
          <itemscoreparameter value="3.51682" measurementparameter="b"/>
          <itemscoreparameter value="0.0" measurementparameter="c"/>
        </itemscoredimension>
      </testitem>
      <testitem itemtype="MI" filename="item-200-182944.xml">
        <identifier version="4" uniqueid="200-182944"/>
        <bpref>(SBAC)SBAC-ICA-IRP-ELA-FIXED-7-2023-2024</bpref>
        <bpref>SBAC-4-CR</bpref>
        <bpref>SBAC-4-CR|4-7</bpref>
        <bpref>SBAC-4-CR|4-7|7.W.1b</bpref>
        <poolproperty label="English" value="ENU" property="Language"/>
        <poolproperty label="Braille" value="ENU-Braille" property="Language"/>
        <poolproperty label="ItemType = MI" value="MI" property="--ITEMTYPE--"/>
        <poolproperty label="Answer Key = MI" value="MI" property="Answer Key"/>
        <poolproperty label="ASL = N" value="N" property="ASL"/>
        <poolproperty label="Braille = BRF" value="BRF" property="Braille"/>
        <poolproperty label="Depth of Knowledge = 2" value="2" property="Depth of Knowledge"/>
        <poolproperty label="Grade = 7" value="7" property="Grade"/>
        <poolproperty label="Scoring Engine = Automatic with Machine Rubric" value="Automatic with Machine Rubric" property="Scoring Engine"/>
        <itemscoredimension measurementmodel="IRT3PLn" weight="1.0" scorepoints="1">
          <itemscoreparameter value="0.66039" measurementparameter="a"/>
          <itemscoreparameter value="2.30322" measurementparameter="b"/>
          <itemscoreparameter value="0.0" measurementparameter="c"/>
        </itemscoredimension>
      </testitem>
      <testitem itemtype="MC" filename="item-200-182961.xml">
        <identifier version="4" uniqueid="200-182961"/>
        <bpref>(SBAC)SBAC-ICA-IRP-ELA-FIXED-7-2023-2024</bpref>
        <bpref>SBAC-2-W</bpref>
        <bpref>SBAC-2-W|9-7</bpref>
        <bpref>SBAC-2-W|9-7|7.L.2a</bpref>
        <poolproperty label="English" value="ENU" property="Language"/>
        <poolproperty label="Braille" value="ENU-Braille" property="Language"/>
        <poolproperty label="ItemType = MC" value="MC" property="--ITEMTYPE--"/>
        <poolproperty label="Answer Key = A" value="A" property="Answer Key"/>
        <poolproperty label="ASL = N" value="N" property="ASL"/>
        <poolproperty label="Braille = BRF" value="BRF" property="Braille"/>
        <poolproperty label="Depth of Knowledge = 1" value="1" property="Depth of Knowledge"/>
        <poolproperty label="Grade = 7" value="7" property="Grade"/>
        <poolproperty label="Scoring Engine = Automatic with Key" value="Automatic with Key" property="Scoring Engine"/>
        <itemscoredimension measurementmodel="IRT3PLn" weight="1.0" scorepoints="1">
          <itemscoreparameter value="0.38524" measurementparameter="a"/>
          <itemscoreparameter value="0.29821" measurementparameter="b"/>
          <itemscoreparameter value="0.0" measurementparameter="c"/>
        </itemscoredimension>
      </testitem>
      <testitem itemtype="HTQ" filename="item-200-182966.xml">
        <identifier version="4" uniqueid="200-182966"/>
        <bpref>(SBAC)SBAC-ICA-IRP-ELA-FIXED-7-2023-2024</bpref>
        <bpref>SBAC-2-W</bpref>
        <bpref>SBAC-2-W|9-7</bpref>
        <bpref>SBAC-2-W|9-7|7.L.2b</bpref>
        <poolproperty label="English" value="ENU" property="Language"/>
        <poolproperty label="Braille" value="ENU-Braille" property="Language"/>
        <poolproperty label="ItemType = HTQ" value="HTQ" property="--ITEMTYPE--"/>
        <poolproperty label="Answer Key = HTQ" value="HTQ" property="Answer Key"/>
        <poolproperty label="ASL = N" value="N" property="ASL"/>
        <poolproperty label="Braille = BRF" value="BRF" property="Braille"/>
        <poolproperty label="Depth of Knowledge = 1" value="1" property="Depth of Knowledge"/>
        <poolproperty label="Grade = 7" value="7" property="Grade"/>
        <poolproperty label="Scoring Engine = Automatic with Machine Rubric" value="Automatic with Machine Rubric" property="Scoring Engine"/>
        <itemscoredimension measurementmodel="IRT3PLn" weight="1.0" scorepoints="1">
          <itemscoreparameter value="0.49245" measurementparameter="a"/>
          <itemscoreparameter value="0.99318" measurementparameter="b"/>
          <itemscoreparameter value="0.0" measurementparameter="c"/>
        </itemscoredimension>
      </testitem>
      <testitem itemtype="MC" filename="item-200-182981.xml">
        <identifier version="4" uniqueid="200-182981"/>
        <bpref>(SBAC)SBAC-ICA-IRP-ELA-FIXED-7-2023-2024</bpref>
        <bpref>SBAC-3-L</bpref>
        <bpref>SBAC-3-L|4-7</bpref>
        <bpref>SBAC-3-L|4-7|7.SL.2</bpref>
        <passageref>200-193785</passageref>
        <poolproperty label="English" value="ENU" property="Language"/>
        <poolproperty label="Braille" value="ENU-Braille" property="Language"/>
        <poolproperty label="ItemType = MC" value="MC" property="--ITEMTYPE--"/>
        <poolproperty label="Answer Key = C" value="C" property="Answer Key"/>
        <poolproperty label="ASL = Y" value="Y" property="ASL"/>
        <poolproperty label="Braille = BRF" value="BRF" property="Braille"/>
        <poolproperty label="Depth of Knowledge = 2" value="2" property="Depth of Knowledge"/>
        <poolproperty label="Grade = 7" value="7" property="Grade"/>
        <poolproperty label="Scoring Engine = Automatic with Key" value="Automatic with Key" property="Scoring Engine"/>
        <itemscoredimension measurementmodel="IRT3PLn" weight="1.0" scorepoints="1">
          <itemscoreparameter value="0.43518" measurementparameter="a"/>
          <itemscoreparameter value="-0.1333" measurementparameter="b"/>
          <itemscoreparameter value="0.0" measurementparameter="c"/>
        </itemscoredimension>
      </testitem>
      <testitem itemtype="MI" filename="item-200-182982.xml">
        <identifier version="4" uniqueid="200-182982"/>
        <bpref>(SBAC)SBAC-ICA-IRP-ELA-FIXED-7-2023-2024</bpref>
        <bpref>SBAC-3-L</bpref>
        <bpref>SBAC-3-L|4-7</bpref>
        <bpref>SBAC-3-L|4-7|7.SL.2</bpref>
        <passageref>200-193785</passageref>
        <poolproperty label="English" value="ENU" property="Language"/>
        <poolproperty label="Braille" value="ENU-Braille" property="Language"/>
        <poolproperty label="ItemType = MI" value="MI" property="--ITEMTYPE--"/>
        <poolproperty label="Answer Key = MI" value="MI" property="Answer Key"/>
        <poolproperty label="ASL = Y" value="Y" property="ASL"/>
        <poolproperty label="Braille = BRF" value="BRF" property="Braille"/>
        <poolproperty label="Depth of Knowledge = 2" value="2" property="Depth of Knowledge"/>
        <poolproperty label="Grade = 7" value="7" property="Grade"/>
        <poolproperty label="Scoring Engine = Automatic with Machine Rubric" value="Automatic with Machine Rubric" property="Scoring Engine"/>
        <itemscoredimension measurementmodel="IRT3PLn" weight="1.0" scorepoints="1">
          <itemscoreparameter value="0.27619" measurementparameter="a"/>
          <itemscoreparameter value="0.99676" measurementparameter="b"/>
          <itemscoreparameter value="0.0" measurementparameter="c"/>
        </itemscoredimension>
      </testitem>
      <testitem itemtype="EBSR" filename="item-200-182983.xml">
        <identifier version="4" uniqueid="200-182983"/>
        <bpref>(SBAC)SBAC-ICA-IRP-ELA-FIXED-7-2023-2024</bpref>
        <bpref>SBAC-3-L</bpref>
        <bpref>SBAC-3-L|4-7</bpref>
        <bpref>SBAC-3-L|4-7|7.SL.2</bpref>
        <passageref>200-193785</passageref>
        <poolproperty label="English" value="ENU" property="Language"/>
        <poolproperty label="Braille" value="ENU-Braille" property="Language"/>
        <poolproperty label="ItemType = EBSR" value="EBSR" property="--ITEMTYPE--"/>
        <poolproperty label="Answer Key = A" value="A" property="Answer Key"/>
        <poolproperty label="Answer Key (Part II) = A" value="A" property="Answer Key (Part II)"/>
        <poolproperty label="ASL = Y" value="Y" property="ASL"/>
        <poolproperty label="Braille = BRF" value="BRF" property="Braille"/>
        <poolproperty label="Depth of Knowledge = 3" value="3" property="Depth of Knowledge"/>
        <poolproperty label="Grade = 7" value="7" property="Grade"/>
        <poolproperty label="Scoring Engine = Automatic with Key(s)" value="Automatic with Key(s)" property="Scoring Engine"/>
        <itemscoredimension measurementmodel="IRT3PLn" weight="1.0" scorepoints="1">
          <itemscoreparameter value="0.56717" measurementparameter="a"/>
          <itemscoreparameter value="0.43984" measurementparameter="b"/>
          <itemscoreparameter value="0.0" measurementparameter="c"/>
        </itemscoredimension>
      </testitem>
      <testitem itemtype="MC" filename="item-200-183038.xml">
        <identifier version="4" uniqueid="200-183038"/>
        <bpref>(SBAC)SBAC-ICA-IRP-ELA-FIXED-7-2023-2024</bpref>
        <bpref>SBAC-2-W</bpref>
        <bpref>SBAC-2-W|6-7</bpref>
        <bpref>SBAC-2-W|6-7|7.W.1b</bpref>
        <poolproperty label="English" value="ENU" property="Language"/>
        <poolproperty label="Braille" value="ENU-Braille" property="Language"/>
        <poolproperty label="ItemType = MC" value="MC" property="--ITEMTYPE--"/>
        <poolproperty label="Answer Key = C" value="C" property="Answer Key"/>
        <poolproperty label="ASL = N" value="N" property="ASL"/>
        <poolproperty label="Braille = BRF" value="BRF" property="Braille"/>
        <poolproperty label="Depth of Knowledge = 2" value="2" property="Depth of Knowledge"/>
        <poolproperty label="Grade = 7" value="7" property="Grade"/>
        <poolproperty label="Scoring Engine = Automatic with Key" value="Automatic with Key" property="Scoring Engine"/>
        <itemscoredimension measurementmodel="IRT3PLn" weight="1.0" scorepoints="1">
          <itemscoreparameter value="0.5162" measurementparameter="a"/>
          <itemscoreparameter value="-0.47652" measurementparameter="b"/>
          <itemscoreparameter value="0.0" measurementparameter="c"/>
        </itemscoredimension>
      </testitem>
      <testitem itemtype="MC" filename="item-200-182971.xml">
        <identifier version="4" uniqueid="200-182971"/>
        <bpref>(SBAC)SBAC-ICA-IRP-ELA-FIXED-7-2023-2024</bpref>
        <bpref>SBAC-1-IT</bpref>
        <bpref>SBAC-1-IT|13-7</bpref>
        <bpref>SBAC-1-IT|13-7|7.RI.5</bpref>
        <passageref>200-193782</passageref>
        <poolproperty label="English" value="ENU" property="Language"/>
        <poolproperty label="Braille" value="ENU-Braille" property="Language"/>
        <poolproperty label="ItemType = MC" value="MC" property="--ITEMTYPE--"/>
        <poolproperty label="Answer Key = C" value="C" property="Answer Key"/>
        <poolproperty label="ASL = N" value="N" property="ASL"/>
        <poolproperty label="Braille = BRF" value="BRF" property="Braille"/>
        <poolproperty label="Depth of Knowledge = 2" value="2" property="Depth of Knowledge"/>
        <poolproperty label="Grade = 7" value="7" property="Grade"/>
        <poolproperty label="Scoring Engine = Automatic with Key" value="Automatic with Key" property="Scoring Engine"/>
        <itemscoredimension measurementmodel="IRT3PLn" weight="1.0" scorepoints="1">
          <itemscoreparameter value="0.14511" measurementparameter="a"/>
          <itemscoreparameter value="3.64753" measurementparameter="b"/>
          <itemscoreparameter value="0.0" measurementparameter="c"/>
        </itemscoredimension>
      </testitem>
      <testitem itemtype="HTQ" filename="item-200-183040.xml">
        <identifier version="4" uniqueid="200-183040"/>
        <bpref>(SBAC)SBAC-ICA-IRP-ELA-FIXED-7-2023-2024</bpref>
        <bpref>SBAC-1-IT</bpref>
        <bpref>SBAC-1-IT|11-7</bpref>
        <bpref>SBAC-1-IT|11-7|7.RI.1</bpref>
        <passageref>200-193782</passageref>
        <poolproperty label="English" value="ENU" property="Language"/>
        <poolproperty label="Braille" value="ENU-Braille" property="Language"/>
        <poolproperty label="ItemType = HTQ" value="HTQ" property="--ITEMTYPE--"/>
        <poolproperty label="Answer Key = HTQ" value="HTQ" property="Answer Key"/>
        <poolproperty label="ASL = N" value="N" property="ASL"/>
        <poolproperty label="Braille = BRF" value="BRF" property="Braille"/>
        <poolproperty label="Depth of Knowledge = 4" value="4" property="Depth of Knowledge"/>
        <poolproperty label="Grade = 7" value="7" property="Grade"/>
        <poolproperty label="Scoring Engine = Automatic with Machine Rubric" value="Automatic with Machine Rubric" property="Scoring Engine"/>
        <itemscoredimension measurementmodel="IRT3PLn" weight="1.0" scorepoints="1">
          <itemscoreparameter value="0.41154" measurementparameter="a"/>
          <itemscoreparameter value="3.1441" measurementparameter="b"/>
          <itemscoreparameter value="0.0" measurementparameter="c"/>
        </itemscoredimension>
      </testitem>
      <testitem itemtype="MS" filename="item-200-183171.xml">
        <identifier version="4" uniqueid="200-183171"/>
        <bpref>(SBAC)SBAC-ICA-IRP-ELA-FIXED-7-2023-2024</bpref>
        <bpref>SBAC-1-LT</bpref>
        <bpref>SBAC-1-LT|3-7</bpref>
        <bpref>SBAC-1-LT|3-7|7.RL.4</bpref>
        <passageref>200-193797</passageref>
        <poolproperty label="English" value="ENU" property="Language"/>
        <poolproperty label="Braille" value="ENU-Braille" property="Language"/>
        <poolproperty label="ItemType = MS" value="MS" property="--ITEMTYPE--"/>
        <poolproperty label="Answer Key = B,E" value="B,E" property="Answer Key"/>
        <poolproperty label="ASL = N" value="N" property="ASL"/>
        <poolproperty label="Braille = BRF" value="BRF" property="Braille"/>
        <poolproperty label="Depth of Knowledge = 3" value="3" property="Depth of Knowledge"/>
        <poolproperty label="Grade = 7" value="7" property="Grade"/>
        <poolproperty label="Scoring Engine = Automatic with Key(s)" value="Automatic with Key(s)" property="Scoring Engine"/>
        <itemscoredimension measurementmodel="IRT3PLn" weight="1.0" scorepoints="1">
          <itemscoreparameter value="0.71054" measurementparameter="a"/>
          <itemscoreparameter value="0.68759" measurementparameter="b"/>
          <itemscoreparameter value="0.0" measurementparameter="c"/>
        </itemscoredimension>
      </testitem>
      <testitem itemtype="SA" filename="item-200-183173.xml">
        <identifier version="4" uniqueid="200-183173"/>
        <bpref>(SBAC)SBAC-ICA-IRP-ELA-FIXED-7-2023-2024</bpref>
        <bpref>SBAC-1-LT</bpref>
        <bpref>SBAC-1-LT|4-7</bpref>
        <bpref>SBAC-1-LT|4-7|7.RL.3</bpref>
        <passageref>200-193797</passageref>
        <poolproperty label="English" value="ENU" property="Language"/>
        <poolproperty label="Braille" value="ENU-Braille" property="Language"/>
        <poolproperty label="ItemType = SA" value="SA" property="--ITEMTYPE--"/>
        <poolproperty label="Answer Key = SA" value="SA" property="Answer Key"/>
        <poolproperty label="ASL = N" value="N" property="ASL"/>
        <poolproperty label="Braille = BRF" value="BRF" property="Braille"/>
        <poolproperty label="Depth of Knowledge = 3" value="3" property="Depth of Knowledge"/>
        <poolproperty label="Grade = 7" value="7" property="Grade"/>
        <poolproperty label="Scoring Engine = HandScored" value="HandScored" property="Scoring Engine"/>
        <itemscoredimension measurementmodel="IRTGPC" weight="1.0" scorepoints="2">
          <itemscoreparameter value="0.99335" measurementparameter="a"/>
          <itemscoreparameter value="1.03801" measurementparameter="b0"/>
          <itemscoreparameter value="2.54373" measurementparameter="b1"/>
        </itemscoredimension>
      </testitem>
      <testitem itemtype="MS" filename="item-200-183175.xml">
        <identifier version="4" uniqueid="200-183175"/>
        <bpref>(SBAC)SBAC-ICA-IRP-ELA-FIXED-7-2023-2024</bpref>
        <bpref>SBAC-1-LT</bpref>
        <bpref>SBAC-1-LT|6-7</bpref>
        <bpref>SBAC-1-LT|6-7|7.RL.5</bpref>
        <passageref>200-193797</passageref>
        <poolproperty label="English" value="ENU" property="Language"/>
        <poolproperty label="Braille" value="ENU-Braille" property="Language"/>
        <poolproperty label="ItemType = MS" value="MS" property="--ITEMTYPE--"/>
        <poolproperty label="Answer Key = D,F" value="D,F" property="Answer Key"/>
        <poolproperty label="ASL = N" value="N" property="ASL"/>
        <poolproperty label="Braille = BRF" value="BRF" property="Braille"/>
        <poolproperty label="Depth of Knowledge = 2" value="2" property="Depth of Knowledge"/>
        <poolproperty label="Grade = 7" value="7" property="Grade"/>
        <poolproperty label="Scoring Engine = Automatic with Key(s)" value="Automatic with Key(s)" property="Scoring Engine"/>
        <itemscoredimension measurementmodel="IRT3PLn" weight="1.0" scorepoints="1">
          <itemscoreparameter value="0.65941" measurementparameter="a"/>
          <itemscoreparameter value="2.39106" measurementparameter="b"/>
          <itemscoreparameter value="0.0" measurementparameter="c"/>
        </itemscoredimension>
      </testitem>
      <testitem itemtype="MI" filename="item-200-27947.xml">
        <identifier version="4" uniqueid="200-27947"/>
        <bpref>(SBAC)SBAC-ICA-IRP-ELA-FIXED-7-2023-2024</bpref>
        <bpref>SBAC-3-L</bpref>
        <bpref>SBAC-3-L|4-7</bpref>
        <bpref>SBAC-3-L|4-7|7.SL.3</bpref>
        <passageref>200-170720</passageref>
        <poolproperty label="English" value="ENU" property="Language"/>
        <poolproperty label="Braille" value="ENU-Braille" property="Language"/>
        <poolproperty label="ItemType = MI" value="MI" property="--ITEMTYPE--"/>
        <poolproperty label="Answer Key = MI" value="MI" property="Answer Key"/>
        <poolproperty label="ASL = Y" value="Y" property="ASL"/>
        <poolproperty label="Braille = BRF" value="BRF" property="Braille"/>
        <poolproperty label="Depth of Knowledge = 3" value="3" property="Depth of Knowledge"/>
        <poolproperty label="Grade = 7" value="7" property="Grade"/>
        <poolproperty label="Scoring Engine = Automatic with Machine Rubric" value="Automatic with Machine Rubric" property="Scoring Engine"/>
        <itemscoredimension measurementmodel="IRT3PLn" weight="1.0" scorepoints="1">
          <itemscoreparameter value="0.43614" measurementparameter="a"/>
          <itemscoreparameter value="1.32009" measurementparameter="b"/>
          <itemscoreparameter value="0.0" measurementparameter="c"/>
        </itemscoredimension>
      </testitem>
      <testitem itemtype="EBSR" filename="item-200-27965.xml">
        <identifier version="4" uniqueid="200-27965"/>
        <bpref>(SBAC)SBAC-ICA-IRP-ELA-FIXED-7-2023-2024</bpref>
        <bpref>SBAC-3-L</bpref>
        <bpref>SBAC-3-L|4-7</bpref>
        <bpref>SBAC-3-L|4-7|7.SL.3</bpref>
        <passageref>200-170720</passageref>
        <poolproperty label="English" value="ENU" property="Language"/>
        <poolproperty label="Braille" value="ENU-Braille" property="Language"/>
        <poolproperty label="ItemType = EBSR" value="EBSR" property="--ITEMTYPE--"/>
        <poolproperty label="Answer Key = C" value="C" property="Answer Key"/>
        <poolproperty label="Answer Key (Part II) = C" value="C" property="Answer Key (Part II)"/>
        <poolproperty label="ASL = Y" value="Y" property="ASL"/>
        <poolproperty label="Braille = BRF" value="BRF" property="Braille"/>
        <poolproperty label="Depth of Knowledge = 3" value="3" property="Depth of Knowledge"/>
        <poolproperty label="Grade = 7" value="7" property="Grade"/>
        <poolproperty label="Scoring Engine = Automatic with Key(s)" value="Automatic with Key(s)" property="Scoring Engine"/>
        <itemscoredimension measurementmodel="IRT3PLn" weight="1.0" scorepoints="1">
          <itemscoreparameter value="0.61977" measurementparameter="a"/>
          <itemscoreparameter value="0.19079" measurementparameter="b"/>
          <itemscoreparameter value="0.0" measurementparameter="c"/>
        </itemscoredimension>
      </testitem>
      <testitem itemtype="SA" filename="item-200-58584.xml">
        <identifier version="4" uniqueid="200-58584"/>
        <bpref>(SBAC)SBAC-ICA-IRP-ELA-FIXED-7-2023-2024</bpref>
        <bpref>SBAC-2-W</bpref>
        <bpref>SBAC-2-W|6-7</bpref>
        <bpref>SBAC-2-W|6-7|7.W.1a</bpref>
        <poolproperty label="English" value="ENU" property="Language"/>
        <poolproperty label="Braille" value="ENU-Braille" property="Language"/>
        <poolproperty label="ItemType = SA" value="SA" property="--ITEMTYPE--"/>
        <poolproperty label="Answer Key = SA" value="SA" property="Answer Key"/>
        <poolproperty label="ASL = N" value="N" property="ASL"/>
        <poolproperty label="Braille = BRF" value="BRF" property="Braille"/>
        <poolproperty label="Depth of Knowledge = 3" value="3" property="Depth of Knowledge"/>
        <poolproperty label="Grade = 7" value="7" property="Grade"/>
        <poolproperty label="Scoring Engine = HandScored" value="HandScored" property="Scoring Engine"/>
        <itemscoredimension measurementmodel="IRTGPC" weight="1.0" scorepoints="2">
          <itemscoreparameter value="0.63861" measurementparameter="a"/>
          <itemscoreparameter value="0.43174" measurementparameter="b0"/>
          <itemscoreparameter value="3.16512" measurementparameter="b1"/>
        </itemscoredimension>
      </testitem>
    </itempool>
    <testform length="17">
      <identifier version="4" name="(SBAC)SBAC-ICA-IRP-ELA-FIXED-7-2023-2024:Default-ENU-Braille" uniqueid="(SBAC)SBAC-ICA-IRP-ELA-FIXED-7-2023-2024:Default-ENU-Braille"/>
      <property label="Braille" name="Language" value="ENU-Braille"/>
      <formpartition>
        <identifier version="4" name="Grade 7 ELA - IRP Comprehensive Assessment (ICA)::BRL" uniqueid="200-1881481792"/>
        <itemgroup formposition="1" maxresponses="0" maxitems="ALL">
          <identifier version="4" name="200-1881481792:I-200-182934" uniqueid="200-1881481792:I-200-182934"/>
          <groupitem blockid="A" groupposition="1" isfieldtest="false" responserequired="true" formposition="1" adminrequired="true" itemid="200-182934" isactive="true"/>
        </itemgroup>
        <itemgroup formposition="2" maxresponses="0" maxitems="ALL">
          <identifier version="4" name="200-1881481792:I-200-182936" uniqueid="200-1881481792:I-200-182936"/>
          <groupitem blockid="A" groupposition="1" isfieldtest="false" responserequired="true" formposition="2" adminrequired="true" itemid="200-182936" isactive="true"/>
        </itemgroup>
        <itemgroup formposition="3" maxresponses="0" maxitems="ALL">
          <identifier version="4" name="200-1881481792:I-200-182944" uniqueid="200-1881481792:I-200-182944"/>
          <groupitem blockid="A" groupposition="1" isfieldtest="false" responserequired="true" formposition="3" adminrequired="true" itemid="200-182944" isactive="true"/>
        </itemgroup>
        <itemgroup formposition="4" maxresponses="0" maxitems="ALL">
          <identifier version="4" name="200-1881481792:I-200-182961" uniqueid="200-1881481792:I-200-182961"/>
          <groupitem blockid="A" groupposition="1" isfieldtest="false" responserequired="true" formposition="4" adminrequired="true" itemid="200-182961" isactive="true"/>
        </itemgroup>
        <itemgroup formposition="5" maxresponses="0" maxitems="ALL">
          <identifier version="4" name="200-1881481792:I-200-182966" uniqueid="200-1881481792:I-200-182966"/>
          <groupitem blockid="A" groupposition="1" isfieldtest="false" responserequired="true" formposition="5" adminrequired="true" itemid="200-182966" isactive="true"/>
        </itemgroup>
        <itemgroup formposition="6" maxresponses="ALL" maxitems="ALL">
          <identifier version="4" name="200-1881481792:G-200-193785-0" uniqueid="200-1881481792:G-200-193785-0"/>
          <passageref>200-193785</passageref>
          <groupitem blockid="A" groupposition="1" isfieldtest="false" responserequired="true" formposition="6" adminrequired="true" itemid="200-182981" isactive="true"/>
          <groupitem blockid="A" groupposition="2" isfieldtest="false" responserequired="true" formposition="7" adminrequired="true" itemid="200-182982" isactive="true"/>
          <groupitem blockid="A" groupposition="3" isfieldtest="false" responserequired="true" formposition="8" adminrequired="true" itemid="200-182983" isactive="true"/>
        </itemgroup>
        <itemgroup formposition="7" maxresponses="0" maxitems="ALL">
          <identifier version="4" name="200-1881481792:I-200-183038" uniqueid="200-1881481792:I-200-183038"/>
          <groupitem blockid="A" groupposition="1" isfieldtest="false" responserequired="true" formposition="9" adminrequired="true" itemid="200-183038" isactive="true"/>
        </itemgroup>
        <itemgroup formposition="8" maxresponses="ALL" maxitems="ALL">
          <identifier version="4" name="200-1881481792:G-200-193782-0" uniqueid="200-1881481792:G-200-193782-0"/>
          <passageref>200-193782</passageref>
          <groupitem blockid="A" groupposition="1" isfieldtest="false" responserequired="true" formposition="10" adminrequired="true" itemid="200-182971" isactive="true"/>
          <groupitem blockid="A" groupposition="2" isfieldtest="false" responserequired="true" formposition="11" adminrequired="true" itemid="200-183040" isactive="true"/>
        </itemgroup>
        <itemgroup formposition="9" maxresponses="ALL" maxitems="ALL">
          <identifier version="4" name="200-1881481792:G-200-193797-0" uniqueid="200-1881481792:G-200-193797-0"/>
          <passageref>200-193797</passageref>
          <groupitem blockid="A" groupposition="1" isfieldtest="false" responserequired="true" formposition="12" adminrequired="true" itemid="200-183171" isactive="true"/>
          <groupitem blockid="A" groupposition="2" isfieldtest="false" responserequired="true" formposition="13" adminrequired="true" itemid="200-183173" isactive="true"/>
          <groupitem blockid="A" groupposition="3" isfieldtest="false" responserequired="true" formposition="14" adminrequired="true" itemid="200-183175" isactive="true"/>
        </itemgroup>
        <itemgroup formposition="10" maxresponses="ALL" maxitems="ALL">
          <identifier version="4" name="200-1881481792:G-200-170720-0" uniqueid="200-1881481792:G-200-170720-0"/>
          <passageref>200-170720</passageref>
          <groupitem blockid="A" groupposition="1" isfieldtest="false" responserequired="true" formposition="15" adminrequired="true" itemid="200-27947" isactive="true"/>
          <groupitem blockid="A" groupposition="2" isfieldtest="false" responserequired="true" formposition="16" adminrequired="true" itemid="200-27965" isactive="true"/>
        </itemgroup>
        <itemgroup formposition="11" maxresponses="0" maxitems="ALL">
          <identifier version="4" name="200-1881481792:I-200-58584" uniqueid="200-1881481792:I-200-58584"/>
          <groupitem blockid="A" groupposition="1" isfieldtest="false" responserequired="true" formposition="17" adminrequired="true" itemid="200-58584" isactive="true"/>
        </itemgroup>
      </formpartition>
    </testform>
    <testform length="17">
      <identifier version="4" name="(SBAC)SBAC-ICA-IRP-ELA-FIXED-7-2023-2024:Default-ENU" uniqueid="(SBAC)SBAC-ICA-IRP-ELA-FIXED-7-2023-2024:Default-ENU"/>
      <property label="English" name="Language" value="ENU"/>
      <formpartition>
        <identifier version="4" name="Grade 7 ELA - IRP Comprehensive Assessment (ICA)::ENU" uniqueid="200-1881484560"/>
        <itemgroup formposition="1" maxresponses="0" maxitems="ALL">
          <identifier version="4" name="200-1881484560:I-200-182934" uniqueid="200-1881484560:I-200-182934"/>
          <groupitem blockid="A" groupposition="1" isfieldtest="false" responserequired="true" formposition="1" adminrequired="true" itemid="200-182934" isactive="true"/>
        </itemgroup>
        <itemgroup formposition="2" maxresponses="0" maxitems="ALL">
          <identifier version="4" name="200-1881484560:I-200-182936" uniqueid="200-1881484560:I-200-182936"/>
          <groupitem blockid="A" groupposition="1" isfieldtest="false" responserequired="true" formposition="2" adminrequired="true" itemid="200-182936" isactive="true"/>
        </itemgroup>
        <itemgroup formposition="3" maxresponses="0" maxitems="ALL">
          <identifier version="4" name="200-1881484560:I-200-182944" uniqueid="200-1881484560:I-200-182944"/>
          <groupitem blockid="A" groupposition="1" isfieldtest="false" responserequired="true" formposition="3" adminrequired="true" itemid="200-182944" isactive="true"/>
        </itemgroup>
        <itemgroup formposition="4" maxresponses="0" maxitems="ALL">
          <identifier version="4" name="200-1881484560:I-200-182961" uniqueid="200-1881484560:I-200-182961"/>
          <groupitem blockid="A" groupposition="1" isfieldtest="false" responserequired="true" formposition="4" adminrequired="true" itemid="200-182961" isactive="true"/>
        </itemgroup>
        <itemgroup formposition="5" maxresponses="0" maxitems="ALL">
          <identifier version="4" name="200-1881484560:I-200-182966" uniqueid="200-1881484560:I-200-182966"/>
          <groupitem blockid="A" groupposition="1" isfieldtest="false" responserequired="true" formposition="5" adminrequired="true" itemid="200-182966" isactive="true"/>
        </itemgroup>
        <itemgroup formposition="6" maxresponses="ALL" maxitems="ALL">
          <identifier version="4" name="200-1881484560:G-200-193785-0" uniqueid="200-1881484560:G-200-193785-0"/>
          <passageref>200-193785</passageref>
          <groupitem blockid="A" groupposition="1" isfieldtest="false" responserequired="true" formposition="6" adminrequired="true" itemid="200-182981" isactive="true"/>
          <groupitem blockid="A" groupposition="2" isfieldtest="false" responserequired="true" formposition="7" adminrequired="true" itemid="200-182982" isactive="true"/>
          <groupitem blockid="A" groupposition="3" isfieldtest="false" responserequired="true" formposition="8" adminrequired="true" itemid="200-182983" isactive="true"/>
        </itemgroup>
        <itemgroup formposition="7" maxresponses="0" maxitems="ALL">
          <identifier version="4" name="200-1881484560:I-200-183038" uniqueid="200-1881484560:I-200-183038"/>
          <groupitem blockid="A" groupposition="1" isfieldtest="false" responserequired="true" formposition="9" adminrequired="true" itemid="200-183038" isactive="true"/>
        </itemgroup>
        <itemgroup formposition="8" maxresponses="ALL" maxitems="ALL">
          <identifier version="4" name="200-1881484560:G-200-193782-0" uniqueid="200-1881484560:G-200-193782-0"/>
          <passageref>200-193782</passageref>
          <groupitem blockid="A" groupposition="1" isfieldtest="false" responserequired="true" formposition="10" adminrequired="true" itemid="200-182971" isactive="true"/>
          <groupitem blockid="A" groupposition="2" isfieldtest="false" responserequired="true" formposition="11" adminrequired="true" itemid="200-183040" isactive="true"/>
        </itemgroup>
        <itemgroup formposition="9" maxresponses="ALL" maxitems="ALL">
          <identifier version="4" name="200-1881484560:G-200-193797-0" uniqueid="200-1881484560:G-200-193797-0"/>
          <passageref>200-193797</passageref>
          <groupitem blockid="A" groupposition="1" isfieldtest="false" responserequired="true" formposition="12" adminrequired="true" itemid="200-183171" isactive="true"/>
          <groupitem blockid="A" groupposition="2" isfieldtest="false" responserequired="true" formposition="13" adminrequired="true" itemid="200-183173" isactive="true"/>
          <groupitem blockid="A" groupposition="3" isfieldtest="false" responserequired="true" formposition="14" adminrequired="true" itemid="200-183175" isactive="true"/>
        </itemgroup>
        <itemgroup formposition="10" maxresponses="ALL" maxitems="ALL">
          <identifier version="4" name="200-1881484560:G-200-170720-0" uniqueid="200-1881484560:G-200-170720-0"/>
          <passageref>200-170720</passageref>
          <groupitem blockid="A" groupposition="1" isfieldtest="false" responserequired="true" formposition="15" adminrequired="true" itemid="200-27947" isactive="true"/>
          <groupitem blockid="A" groupposition="2" isfieldtest="false" responserequired="true" formposition="16" adminrequired="true" itemid="200-27965" isactive="true"/>
        </itemgroup>
        <itemgroup formposition="11" maxresponses="0" maxitems="ALL">
          <identifier version="4" name="200-1881484560:I-200-58584" uniqueid="200-1881484560:I-200-58584"/>
          <groupitem blockid="A" groupposition="1" isfieldtest="false" responserequired="true" formposition="17" adminrequired="true" itemid="200-58584" isactive="true"/>
        </itemgroup>
      </formpartition>
    </testform>
    <adminsegment position="1" segmentid="(SBAC)SBAC-ICA-IRP-ELA-FIXED-7-2023-2024" itemselection="fixedform">
      <segmentblueprint>
        <segmentbpelement bpelementid="SBAC-3-L|4-7|7.SL.2" minopitems="0" maxopitems="3"/>
        <segmentbpelement bpelementid="SBAC-3-L|4-7|7.SL.3" minopitems="0" maxopitems="2"/>
        <segmentbpelement bpelementid="SBAC-3-L|4-7" minopitems="0" maxopitems="5"/>
        <segmentbpelement bpelementid="SBAC-1-IT|11-7" minopitems="0" maxopitems="1"/>
        <segmentbpelement bpelementid="SBAC-4-CR|4-7" minopitems="0" maxopitems="1"/>
        <segmentbpelement bpelementid="SBAC-4-CR|2-7" minopitems="0" maxopitems="1"/>
        <segmentbpelement bpelementid="SBAC-2-W|6-7|7.W.1b" minopitems="0" maxopitems="1"/>
        <segmentbpelement bpelementid="SBAC-4-CR|3-7" minopitems="0" maxopitems="1"/>
        <segmentbpelement bpelementid="SBAC-2-W|6-7|7.W.1a" minopitems="0" maxopitems="1"/>
        <segmentbpelement bpelementid="SBAC-1-IT" minopitems="0" maxopitems="2"/>
        <segmentbpelement bpelementid="SBAC-ICA-IRP-ELA-FIXED-7" minopitems="0" maxopitems="17"/>
        <segmentbpelement bpelementid="SBAC-1-LT|6-7" minopitems="0" maxopitems="1"/>
        <segmentbpelement bpelementid="SBAC-4-CR|2-7|7.RI.8" minopitems="0" maxopitems="1"/>
        <segmentbpelement bpelementid="SBAC-1-LT|4-7" minopitems="0" maxopitems="1"/>
        <segmentbpelement bpelementid="SBAC-1-IT|11-7|7.RI.1" minopitems="0" maxopitems="1"/>
        <segmentbpelement bpelementid="SBAC-1-LT|3-7" minopitems="0" maxopitems="1"/>
        <segmentbpelement bpelementid="SBAC-1-LT|4-7|7.RL.3" minopitems="0" maxopitems="1"/>
        <segmentbpelement bpelementid="SBAC-2-W|6-7" minopitems="0" maxopitems="2"/>
        <segmentbpelement bpelementid="SBAC-1-LT|3-7|7.RL.4" minopitems="0" maxopitems="1"/>
        <segmentbpelement bpelementid="SBAC-2-W|9-7" minopitems="0" maxopitems="2"/>
        <segmentbpelement bpelementid="SBAC-1-LT|6-7|7.RL.5" minopitems="0" maxopitems="1"/>
        <segmentbpelement bpelementid="SBAC-4-CR|3-7|6-8.WHST.8" minopitems="0" maxopitems="1"/>
        <segmentbpelement bpelementid="SBAC-2-W|9-7|7.L.2a" minopitems="0" maxopitems="1"/>
        <segmentbpelement bpelementid="SBAC-2-W|9-7|7.L.2b" minopitems="0" maxopitems="1"/>
        <segmentbpelement bpelementid="SBAC-4-CR" minopitems="0" maxopitems="3"/>
        <segmentbpelement bpelementid="SBAC-3-L" minopitems="0" maxopitems="5"/>
        <segmentbpelement bpelementid="SBAC-1-LT" minopitems="0" maxopitems="3"/>
        <segmentbpelement bpelementid="SBAC-1-IT|13-7|7.RI.5" minopitems="0" maxopitems="1"/>
        <segmentbpelement bpelementid="SBAC-1-IT|13-7" minopitems="0" maxopitems="1"/>
        <segmentbpelement bpelementid="SBAC-4-CR|4-7|7.W.1b" minopitems="0" maxopitems="1"/>
        <segmentbpelement bpelementid="SBAC-2-W" minopitems="0" maxopitems="4"/>
      </segmentblueprint>
      <itemselector type="fixedform">
        <identifier version="4" label="FAIRWAY FIXEDFORM" name="FAIRWAY FIXEDFORM" uniqueid="FAIRWAY FIXEDFORM"/>
        <itemselectionparameter bpelementid="(SBAC)SBAC-ICA-IRP-ELA-FIXED-7-2023-2024">
          <property label="slope" name="slope" value="85.8"/>
          <property label="intercept" name="intercept" value="2508.2"/>
        </itemselectionparameter>
      </itemselector>
      <segmentform formpartitionid="200-1881484560"/>
      <segmentform formpartitionid="200-1881481792"/>
    </adminsegment>
  </administration>
</testspecification>
