<testspecification version="1" purpose="administration" publishdate="Mar 27 2020 12:14AM" publisher="SBAC">
  <identifier version="3" label="Grade 4 ELA - Performance Task - IRP (ICA)" name="SBAC-ICA-IRP-ELA-PT-4" uniqueid="(SBAC)SBAC-ICA-IRP-ELA-PT-4-2020-2021"/>
  <property label="ELA" name="subject" value="ELA"/>
  <property label="interim" name="type" value="interim"/>
  <property label="4" name="grade" value="4"/>
  <administration>
    <testblueprint>
      <bpelement maxftitems="0" opitemcount="2" elementtype="test" minopitems="0" maxopitems="2" ftitemcount="0" minftitems="0">
        <identifier version="3" name="SBAC-ICA-IRP-ELA-PT-4" uniqueid="(SBAC)SBAC-ICA-IRP-ELA-PT-4-2020-2021"/>
      </bpelement>
      <bpelement maxftitems="0" opitemcount="1" elementtype="segment" minopitems="0" maxopitems="1" ftitemcount="0" minftitems="0">
        <identifier version="3" name="SBAC-ICA-IRP-ELA-PT-4-SEG1-PT1" uniqueid="(SBAC)SBAC-ICA-IRP-ELA-PT-4-SEG1-PT1-2020-2021"/>
      </bpelement>
      <bpelement maxftitems="0" opitemcount="1" elementtype="segment" minopitems="0" maxopitems="1" ftitemcount="0" minftitems="0">
        <identifier version="3" name="SBAC-ICA-IRP-ELA-PT-4-SEG2-PT2" uniqueid="(SBAC)SBAC-ICA-IRP-ELA-PT-4-SEG2-PT2-2020-2021"/>
      </bpelement>
      <bpelement maxftitems="0" opitemcount="1" elementtype="contentlevel" minopitems="0" maxopitems="1" parentid="SBAC-4-CR" ftitemcount="0" minftitems="0">
        <identifier version="3" name="4-CR|2-4" uniqueid="SBAC-4-CR|2-4"/>
      </bpelement>
      <bpelement maxftitems="0" opitemcount="1" elementtype="contentlevel" minopitems="0" maxopitems="1" parentid="SBAC-2-W|2-4" ftitemcount="0" minftitems="0">
        <identifier version="3" name="2-W|2-4|4.W.3a" uniqueid="SBAC-2-W|2-4|4.W.3a"/>
      </bpelement>
      <bpelement maxftitems="0" opitemcount="1" elementtype="contentlevel" minopitems="0" maxopitems="1" parentid="SBAC-4-CR|2-4" ftitemcount="0" minftitems="0">
        <identifier version="3" name="4-CR|2-4|4.W.8" uniqueid="SBAC-4-CR|2-4|4.W.8"/>
      </bpelement>
      <bpelement maxftitems="0" opitemcount="1" elementtype="contentlevel" minopitems="0" maxopitems="1" parentid="SBAC-2-W" ftitemcount="0" minftitems="0">
        <identifier version="3" name="2-W|2-4" uniqueid="SBAC-2-W|2-4"/>
      </bpelement>
      <bpelement maxftitems="0" opitemcount="1" elementtype="strand" minopitems="0" maxopitems="1" ftitemcount="0" minftitems="0">
        <identifier version="3" name="4-CR" uniqueid="SBAC-4-CR"/>
      </bpelement>
      <bpelement maxftitems="0" opitemcount="1" elementtype="strand" minopitems="0" maxopitems="1" ftitemcount="0" minftitems="0">
        <identifier version="3" name="2-W" uniqueid="SBAC-2-W"/>
      </bpelement>
    </testblueprint>
    <itempool>
      <passage filename="stim-200-171819.xml">
        <identifier version="3" uniqueid="200-171819"/>
      </passage>
      <testitem itemtype="SA" filename="item-200-61160.xml">
        <identifier version="3" uniqueid="200-61160"/>
        <bpref>(SBAC)SBAC-ICA-IRP-ELA-PT-4-SEG1-PT1-2020-2021</bpref>
        <bpref>SBAC-4-CR</bpref>
        <bpref>SBAC-4-CR|2-4</bpref>
        <bpref>SBAC-4-CR|2-4|4.W.8</bpref>
        <passageref>200-171819</passageref>
        <poolproperty label="English" value="ENU" property="Language"/>
        <poolproperty label="Braille" value="ENU-Braille" property="Language"/>
        <poolproperty label="ItemType = SA" value="SA" property="--ITEMTYPE--"/>
        <poolproperty label="Answer Key = SA" value="SA" property="Answer Key"/>
        <poolproperty label="ASL = N" value="N" property="ASL"/>
        <poolproperty label="Braille = BRF" value="BRF" property="Braille"/>
        <poolproperty label="Depth of Knowledge = 3" value="3" property="Depth of Knowledge"/>
        <poolproperty label="Grade = 4" value="4" property="Grade"/>
        <poolproperty label="Scoring Engine = HandScored" value="HandScored" property="Scoring Engine"/>
        <itemscoredimension measurementmodel="IRTGPC" weight="1.0" scorepoints="2">
          <itemscoreparameter value="0.71976" measurementparameter="a"/>
          <itemscoreparameter value="0.17442" measurementparameter="b0"/>
          <itemscoreparameter value="-0.12314" measurementparameter="b1"/>
        </itemscoredimension>
      </testitem>
      <testitem itemtype="WER" filename="item-200-54697.xml">
        <identifier version="3" uniqueid="200-54697"/>
        <bpref>(SBAC)SBAC-ICA-IRP-ELA-PT-4-SEG2-PT2-2020-2021</bpref>
        <bpref>SBAC-2-W</bpref>
        <bpref>SBAC-2-W|2-4</bpref>
        <bpref>SBAC-2-W|2-4|4.W.3a</bpref>
        <passageref>200-171819</passageref>
        <poolproperty label="English" value="ENU" property="Language"/>
        <poolproperty label="Braille" value="ENU-Braille" property="Language"/>
        <poolproperty label="ItemType = WER" value="WER" property="--ITEMTYPE--"/>
        <poolproperty label="Answer Key = WER" value="WER" property="Answer Key"/>
        <poolproperty label="ASL = N" value="N" property="ASL"/>
        <poolproperty label="Braille = BRF" value="BRF" property="Braille"/>
        <poolproperty label="Depth of Knowledge = 4" value="4" property="Depth of Knowledge"/>
        <poolproperty label="Grade = 4" value="4" property="Grade"/>
        <poolproperty label="Scoring Engine = HandScored" value="HandScored" property="Scoring Engine"/>
        <itemscoredimension measurementmodel="IRTGPC" weight="1.0" dimension="C" scorepoints="2">
          <itemscoreparameter value="0.85248" measurementparameter="a"/>
          <itemscoreparameter value="-0.13199" measurementparameter="b0"/>
          <itemscoreparameter value="0.22167" measurementparameter="b1"/>
        </itemscoredimension>
        <itemscoredimension measurementmodel="IRTGPC" weight="1.0" dimension="D" scorepoints="4">
          <itemscoreparameter value="0.48553" measurementparameter="a"/>
          <itemscoreparameter value="0.35227" measurementparameter="b0"/>
          <itemscoreparameter value="-1.06559" measurementparameter="b1"/>
          <itemscoreparameter value="0.14121" measurementparameter="b2"/>
          <itemscoreparameter value="0.9889" measurementparameter="b3"/>
        </itemscoredimension>
      </testitem>
    </itempool>
    <testform length="2">
      <identifier version="3" name="(SBAC)SBAC-ICA-IRP-ELA-PT-4-2020-2021:Default-ENU-Braille" uniqueid="(SBAC)SBAC-ICA-IRP-ELA-PT-4-2020-2021:Default-ENU-Braille"/>
      <property label="Braille" name="Language" value="ENU-Braille"/>
      <formpartition>
        <identifier version="3" name="Grade 4 ELA - Performance Task - IRP - PT1 (ICA)::BRL" uniqueid="200-848323841"/>
        <itemgroup formposition="1" maxresponses="0" maxitems="ALL">
          <identifier version="3" name="200-848323841:G-200-171819-1" uniqueid="200-848323841:G-200-171819-1"/>
          <passageref>200-171819</passageref>
          <groupitem blockid="A" groupposition="1" isfieldtest="false" responserequired="true" formposition="1" adminrequired="true" itemid="200-61160" isactive="true"/>
        </itemgroup>
      </formpartition>
      <formpartition>
        <identifier version="3" name="Grade 4 ELA - Performance Task - IRP - PT2 (ICA)::BRL" uniqueid="200-977406560"/>
        <itemgroup formposition="1" maxresponses="0" maxitems="ALL">
          <identifier version="3" name="200-977406560:G-200-171819-2" uniqueid="200-977406560:G-200-171819-2"/>
          <passageref>200-171819</passageref>
          <groupitem blockid="A" groupposition="1" isfieldtest="false" responserequired="true" formposition="1" adminrequired="true" itemid="200-54697" isactive="true"/>
        </itemgroup>
      </formpartition>
    </testform>
    <testform length="2">
      <identifier version="3" name="(SBAC)SBAC-ICA-IRP-ELA-PT-4-2020-2021:Default-ENU" uniqueid="(SBAC)SBAC-ICA-IRP-ELA-PT-4-2020-2021:Default-ENU"/>
      <property label="English" name="Language" value="ENU"/>
      <formpartition>
        <identifier version="3" name="Grade 4 ELA - Performance Task - IRP - PT1 (ICA)::ENU" uniqueid="200-848326609"/>
        <itemgroup formposition="1" maxresponses="0" maxitems="ALL">
          <identifier version="3" name="200-848326609:G-200-171819-1" uniqueid="200-848326609:G-200-171819-1"/>
          <passageref>200-171819</passageref>
          <groupitem blockid="A" groupposition="1" isfieldtest="false" responserequired="true" formposition="1" adminrequired="true" itemid="200-61160" isactive="true"/>
        </itemgroup>
      </formpartition>
      <formpartition>
        <identifier version="3" name="Grade 4 ELA - Performance Task - IRP - PT2 (ICA)::ENU" uniqueid="200-977409328"/>
        <itemgroup formposition="1" maxresponses="0" maxitems="ALL">
          <identifier version="3" name="200-977409328:G-200-171819-2" uniqueid="200-977409328:G-200-171819-2"/>
          <passageref>200-171819</passageref>
          <groupitem blockid="A" groupposition="1" isfieldtest="false" responserequired="true" formposition="1" adminrequired="true" itemid="200-54697" isactive="true"/>
        </itemgroup>
      </formpartition>
    </testform>
    <adminsegment position="1" segmentid="(SBAC)SBAC-ICA-IRP-ELA-PT-4-SEG1-PT1-2020-2021" itemselection="fixedform">
      <segmentblueprint>
        <segmentbpelement bpelementid="SBAC-4-CR" minopitems="0" maxopitems="1"/>
        <segmentbpelement bpelementid="SBAC-4-CR|2-4" minopitems="0" maxopitems="1"/>
        <segmentbpelement bpelementid="SBAC-4-CR|2-4|4.W.8" minopitems="0" maxopitems="1"/>
        <segmentbpelement bpelementid="SBAC-ICA-IRP-ELA-PT-4-SEG1-PT1" minopitems="0" maxopitems="1"/>
      </segmentblueprint>
      <itemselector type="fixedform">
        <identifier version="3" label="FAIRWAY FIXEDFORM" name="FAIRWAY FIXEDFORM" uniqueid="FAIRWAY FIXEDFORM"/>
        <itemselectionparameter bpelementid="(SBAC)SBAC-ICA-IRP-ELA-PT-4-SEG1-PT1-2020-2021">
          <property label="slope" name="slope" value="85.8"/>
          <property label="intercept" name="intercept" value="2508.2"/>
        </itemselectionparameter>
      </itemselector>
      <segmentform formpartitionid="200-848326609"/>
      <segmentform formpartitionid="200-848323841"/>
    </adminsegment>
    <adminsegment position="2" segmentid="(SBAC)SBAC-ICA-IRP-ELA-PT-4-SEG2-PT2-2020-2021" itemselection="fixedform">
      <segmentblueprint>
        <segmentbpelement bpelementid="SBAC-2-W" minopitems="0" maxopitems="1"/>
        <segmentbpelement bpelementid="SBAC-2-W|2-4" minopitems="0" maxopitems="1"/>
        <segmentbpelement bpelementid="SBAC-ICA-IRP-ELA-PT-4-SEG2-PT2" minopitems="0" maxopitems="1"/>
        <segmentbpelement bpelementid="SBAC-2-W|2-4|4.W.3a" minopitems="0" maxopitems="1"/>
      </segmentblueprint>
      <itemselector type="fixedform">
        <identifier version="3" label="FAIRWAY FIXEDFORM" name="FAIRWAY FIXEDFORM" uniqueid="FAIRWAY FIXEDFORM"/>
        <itemselectionparameter bpelementid="(SBAC)SBAC-ICA-IRP-ELA-PT-4-SEG2-PT2-2020-2021">
          <property label="slope" name="slope" value="85.8"/>
          <property label="intercept" name="intercept" value="2508.2"/>
        </itemselectionparameter>
      </itemselector>
      <segmentform formpartitionid="200-977409328"/>
      <segmentform formpartitionid="200-977406560"/>
    </adminsegment>
  </administration>
</testspecification>
