<?xml version="1.0" encoding="UTF-8"?><qti-assessment-item xsi:schemaLocation="http://www.imsglobal.org/xsd/imsqtiasi_v3p0 https://purl.imsglobal.org/spec/qti/v3p0/schema/xsd/imsqti_asiv3p0_v1p0.xsd http://www.w3.org/1998/Math/MathML https://purl.imsglobal.org/spec/mathml/v3p0/schema/xsd/mathml3.xsd http://www.w3.org/2001/10/synthesis https://purl.imsglobal.org/spec/ssml/v1p1/schema/xsd/ssmlv1p1-core.xsd http://www.w3.org/2001/XInclude https://purl.imsglobal.org/spec/w3/2001/schema/xsd/XInclude.xsd " xmlns="http://www.imsglobal.org/xsd/imsqtiasi_v3p0" xmlns:m3="http://www.w3.org/1998/Math/MathML" xmlns:ssml11="http://www.w3.org/2001/10/synthesis" xmlns:xi="http://www.w3.org/2001/XInclude" xmlns:xsi="http://www.w3.org/2001/XMLSchema-instance" identifier="sbac-200-182951" title="182951" tool-name="TIMS QTI 3.0 Export" tool-version="5.2.12" time-dependent="false"><qti-response-declaration identifier="RESPONSE" cardinality="multiple" base-type="identifier"><qti-correct-response><qti-value>d</qti-value></qti-correct-response></qti-response-declaration><qti-outcome-declaration identifier="SCORE" cardinality="single" base-type="float" normal-maximum="1.0" normal-minimum="0.0"><qti-default-value><qti-value>0</qti-value></qti-default-value></qti-outcome-declaration><qti-item-body><div data-catalog-idref="item-182951-global" class="sbac-global-item-catalog-ref"/><div class="qti-layout-row"><div class="qti-layout-col12"><div class="prompt"><p>Edit the sentences by clicking on the sentence that does <span data-catalog-idref="item-182951-catalog-0"><strong>not</strong></span> use verb tense correctly. </p><br/></div><qti-hottext-interaction response-identifier="RESPONSE" max-choices="0"><div><p lang="en-us"><qti-hottext identifier="a"><span><span data-catalog-idref="item-182951-catalog-1">Mia</span> asked her sister, “Have you seen my new book?</span></qti-hottext> <qti-hottext identifier="b"><span>I set it right here on the counter after school.”</span></qti-hottext></p><p lang="en-us"><br lang="en-us"/><qti-hottext identifier="c"><span>“<span data-catalog-idref="item-182951-catalog-2">Mia</span>, I have not seen your book, but I believe that you probably put it somewhere and forgot about it,” her sister explained.</span></qti-hottext> </p><p lang="en-us"><br lang="en-us"/><qti-hottext identifier="d"><span><span data-catalog-idref="item-182951-catalog-3">Mia</span> frowned and replied, “If I had put my book somewhere else, I would not have forget it!”</span></qti-hottext></p></div></qti-hottext-interaction></div></div><qti-rubric-block class="qti-rubric-discretionary-placement" use="scoring" view="scorer"><qti-content-body><h3>Rubric</h3><p>Mia frowned and replied, “If I had put my book somewhere else, I would not have forget it!”</p></qti-content-body></qti-rubric-block></qti-item-body><qti-catalog-info><qti-catalog id="item-182951-catalog-0"><qti-card support="spoken"><qti-card-entry data-reading-type="computer-read-aloud"><qti-html-content>not,</qti-html-content></qti-card-entry><qti-card-entry data-reading-type="screen-reader"><qti-html-content>not</qti-html-content></qti-card-entry></qti-card></qti-catalog><qti-catalog id="item-182951-catalog-1"><qti-card support="spoken"><qti-card-entry data-reading-type="computer-read-aloud"><qti-html-content>Meah</qti-html-content></qti-card-entry><qti-card-entry data-reading-type="screen-reader"><qti-html-content>Mia</qti-html-content></qti-card-entry></qti-card></qti-catalog><qti-catalog id="item-182951-catalog-2"><qti-card support="spoken"><qti-card-entry data-reading-type="computer-read-aloud"><qti-html-content>Meah</qti-html-content></qti-card-entry><qti-card-entry data-reading-type="screen-reader"><qti-html-content>Mia</qti-html-content></qti-card-entry></qti-card></qti-catalog><qti-catalog id="item-182951-catalog-3"><qti-card support="spoken"><qti-card-entry data-reading-type="computer-read-aloud"><qti-html-content>Meah</qti-html-content></qti-card-entry><qti-card-entry data-reading-type="screen-reader"><qti-html-content>Mia</qti-html-content></qti-card-entry></qti-card></qti-catalog><qti-catalog id="item-182951-global"><qti-card support="ext:sbac-braille-files"><qti-card-entry data-math-representation="none" data-contracted="true" data-type="BRF" lang="en" data-format="EBAE"><qti-file-href mime-type="application/braille">item_182951_enu_ecl.brf</qti-file-href></qti-card-entry><qti-card-entry data-math-representation="none" data-contracted="false" data-type="BRF" lang="en" data-format="EBAE"><qti-file-href mime-type="application/braille">item_182951_enu_exl.brf</qti-file-href></qti-card-entry><qti-card-entry data-math-representation="none" data-contracted="true" data-type="BRF" lang="en" data-format="UEB"><qti-file-href mime-type="application/braille">item_182951_enu_ucl.brf</qti-file-href></qti-card-entry><qti-card-entry data-math-representation="none" data-contracted="false" data-type="BRF" lang="en" data-format="UEB"><qti-file-href mime-type="application/braille">item_182951_enu_uxl.brf</qti-file-href></qti-card-entry></qti-card></qti-catalog></qti-catalog-info><qti-response-processing><qti-response-condition><qti-response-if><qti-match><qti-variable identifier="RESPONSE"/><qti-correct identifier="RESPONSE"/></qti-match><qti-set-outcome-value identifier="SCORE"><qti-base-value base-type="float">
     1
    </qti-base-value></qti-set-outcome-value></qti-response-if><qti-response-else><qti-set-outcome-value identifier="SCORE"><qti-base-value base-type="float">
     0
    </qti-base-value></qti-set-outcome-value></qti-response-else></qti-response-condition></qti-response-processing></qti-assessment-item>