<testspecification version="1" purpose="administration" publishdate="Mar 27 2020 12:13AM" publisher="SBAC">
  <identifier version="1" label="Grade 4 ELA - IRP Assessment Block (IAB)" name="SBAC-IAB-ELA-IRP-4" uniqueid="(SBAC)SBAC-IAB-ELA-IRP-4-2023-2024"/>
  <property label="ELA" name="subject" value="ELA"/>
  <property label="interim" name="type" value="interim"/>
  <property label="4" name="grade" value="4"/>
  <administration>
    <testblueprint>
      <bpelement maxftitems="0" opitemcount="5" elementtype="test" minopitems="0" maxopitems="5" ftitemcount="0" minftitems="0">
        <identifier version="1" name="SBAC-IAB-ELA-IRP-4" uniqueid="(SBAC)SBAC-IAB-ELA-IRP-4-2023-2024"/>
      </bpelement>
      <bpelement maxftitems="0" opitemcount="5" elementtype="segment" minopitems="0" maxopitems="5" ftitemcount="0" minftitems="0">
        <identifier version="1" name="SBAC-IAB-ELA-IRP-4" uniqueid="(SBAC)SBAC-IAB-ELA-IRP-4-2023-2024"/>
      </bpelement>
      <bpelement maxftitems="0" opitemcount="2" elementtype="contentlevel" minopitems="0" maxopitems="2" parentid="SBAC-1-IT|9-4" ftitemcount="0" minftitems="0">
        <identifier version="1" name="1-IT|9-4|4.RI.2" uniqueid="SBAC-1-IT|9-4|4.RI.2"/>
      </bpelement>
      <bpelement maxftitems="0" opitemcount="4" elementtype="strand" minopitems="0" maxopitems="4" ftitemcount="0" minftitems="0">
        <identifier version="1" name="1-IT" uniqueid="SBAC-1-IT"/>
      </bpelement>
      <bpelement maxftitems="0" opitemcount="1" elementtype="strand" minopitems="0" maxopitems="1" ftitemcount="0" minftitems="0">
        <identifier version="1" name="1-LT" uniqueid="SBAC-1-LT"/>
      </bpelement>
      <bpelement maxftitems="0" opitemcount="1" elementtype="contentlevel" minopitems="0" maxopitems="1" parentid="SBAC-1-LT|4-4" ftitemcount="0" minftitems="0">
        <identifier version="1" name="1-LT|4-4|4.RL.3" uniqueid="SBAC-1-LT|4-4|4.RL.3"/>
      </bpelement>
      <bpelement maxftitems="0" opitemcount="1" elementtype="contentlevel" minopitems="0" maxopitems="1" parentid="SBAC-1-IT" ftitemcount="0" minftitems="0">
        <identifier version="1" name="1-IT|8-4" uniqueid="SBAC-1-IT|8-4"/>
      </bpelement>
      <bpelement maxftitems="0" opitemcount="2" elementtype="contentlevel" minopitems="0" maxopitems="2" parentid="SBAC-1-IT" ftitemcount="0" minftitems="0">
        <identifier version="1" name="1-IT|9-4" uniqueid="SBAC-1-IT|9-4"/>
      </bpelement>
      <bpelement maxftitems="0" opitemcount="1" elementtype="contentlevel" minopitems="0" maxopitems="1" parentid="SBAC-1-LT" ftitemcount="0" minftitems="0">
        <identifier version="1" name="1-LT|4-4" uniqueid="SBAC-1-LT|4-4"/>
      </bpelement>
      <bpelement maxftitems="0" opitemcount="1" elementtype="contentlevel" minopitems="0" maxopitems="1" parentid="SBAC-1-IT|8-4" ftitemcount="0" minftitems="0">
        <identifier version="1" name="1-IT|8-4|4.RI.1" uniqueid="SBAC-1-IT|8-4|4.RI.1"/>
      </bpelement>
      <bpelement maxftitems="0" opitemcount="1" elementtype="contentlevel" minopitems="0" maxopitems="1" parentid="SBAC-1-IT|10-4" ftitemcount="0" minftitems="0">
        <identifier version="1" name="1-IT|10-4|4.RI.4" uniqueid="SBAC-1-IT|10-4|4.RI.4"/>
      </bpelement>
      <bpelement maxftitems="0" opitemcount="1" elementtype="contentlevel" minopitems="0" maxopitems="1" parentid="SBAC-1-IT" ftitemcount="0" minftitems="0">
        <identifier version="1" name="1-IT|10-4" uniqueid="SBAC-1-IT|10-4"/>
      </bpelement>
    </testblueprint>
    <itempool>
      <passage filename="stim-200-193775.xml">
        <identifier version="1" uniqueid="200-193775"/>
      </passage>
      <passage filename="stim-200-193779.xml">
        <identifier version="1" uniqueid="200-193779"/>
      </passage>
      <testitem itemtype="HTQ" filename="item-200-182851.xml">
        <identifier version="1" uniqueid="200-182851"/>
        <bpref>(SBAC)SBAC-IAB-ELA-IRP-4-2023-2024</bpref>
        <bpref>SBAC-1-IT</bpref>
        <bpref>SBAC-1-IT|8-4</bpref>
        <bpref>SBAC-1-IT|8-4|4.RI.1</bpref>
        <passageref>200-193775</passageref>
        <poolproperty label="English" value="ENU" property="Language"/>
        <poolproperty label="Braille" value="ENU-Braille" property="Language"/>
        <poolproperty label="ItemType = HTQ" value="HTQ" property="--ITEMTYPE--"/>
        <poolproperty label="Answer Key = HTQ" value="HTQ" property="Answer Key"/>
        <poolproperty label="ASL = N" value="N" property="ASL"/>
        <poolproperty label="Braille = BRF" value="BRF" property="Braille"/>
        <poolproperty label="Depth of Knowledge = 2" value="2" property="Depth of Knowledge"/>
        <poolproperty label="Grade = 4" value="4" property="Grade"/>
        <poolproperty label="Scoring Engine = Automatic with Machine Rubric" value="Automatic with Machine Rubric" property="Scoring Engine"/>
        <itemscoredimension measurementmodel="IRT3PLn" weight="1.0" scorepoints="1">
          <itemscoreparameter value="0.79647" measurementparameter="a"/>
          <itemscoreparameter value="0.83865" measurementparameter="b"/>
          <itemscoreparameter value="0.0" measurementparameter="c"/>
        </itemscoredimension>
      </testitem>
      <testitem itemtype="MS" filename="item-200-182852.xml">
        <identifier version="1" uniqueid="200-182852"/>
        <bpref>(SBAC)SBAC-IAB-ELA-IRP-4-2023-2024</bpref>
        <bpref>SBAC-1-IT</bpref>
        <bpref>SBAC-1-IT|9-4</bpref>
        <bpref>SBAC-1-IT|9-4|4.RI.2</bpref>
        <passageref>200-193775</passageref>
        <poolproperty label="English" value="ENU" property="Language"/>
        <poolproperty label="Braille" value="ENU-Braille" property="Language"/>
        <poolproperty label="ItemType = MS" value="MS" property="--ITEMTYPE--"/>
        <poolproperty label="Answer Key = D,F" value="D,F" property="Answer Key"/>
        <poolproperty label="ASL = N" value="N" property="ASL"/>
        <poolproperty label="Braille = BRF" value="BRF" property="Braille"/>
        <poolproperty label="Depth of Knowledge = 2" value="2" property="Depth of Knowledge"/>
        <poolproperty label="Grade = 4" value="4" property="Grade"/>
        <poolproperty label="Scoring Engine = Automatic with Key(s)" value="Automatic with Key(s)" property="Scoring Engine"/>
        <itemscoredimension measurementmodel="IRT3PLn" weight="1.0" scorepoints="1">
          <itemscoreparameter value="0.50207" measurementparameter="a"/>
          <itemscoreparameter value="2.37178" measurementparameter="b"/>
          <itemscoreparameter value="0.0" measurementparameter="c"/>
        </itemscoredimension>
      </testitem>
      <testitem itemtype="HTQ" filename="item-200-182854.xml">
        <identifier version="1" uniqueid="200-182854"/>
        <bpref>(SBAC)SBAC-IAB-ELA-IRP-4-2023-2024</bpref>
        <bpref>SBAC-1-IT</bpref>
        <bpref>SBAC-1-IT|9-4</bpref>
        <bpref>SBAC-1-IT|9-4|4.RI.2</bpref>
        <passageref>200-193775</passageref>
        <poolproperty label="English" value="ENU" property="Language"/>
        <poolproperty label="Braille" value="ENU-Braille" property="Language"/>
        <poolproperty label="ItemType = HTQ" value="HTQ" property="--ITEMTYPE--"/>
        <poolproperty label="Answer Key = HTQ" value="HTQ" property="Answer Key"/>
        <poolproperty label="ASL = N" value="N" property="ASL"/>
        <poolproperty label="Braille = BRF" value="BRF" property="Braille"/>
        <poolproperty label="Depth of Knowledge = 2" value="2" property="Depth of Knowledge"/>
        <poolproperty label="Grade = 4" value="4" property="Grade"/>
        <poolproperty label="Scoring Engine = Automatic with Machine Rubric" value="Automatic with Machine Rubric" property="Scoring Engine"/>
        <itemscoredimension measurementmodel="IRT3PLn" weight="1.0" scorepoints="1">
          <itemscoreparameter value="0.61973" measurementparameter="a"/>
          <itemscoreparameter value="1.56784" measurementparameter="b"/>
          <itemscoreparameter value="0.0" measurementparameter="c"/>
        </itemscoredimension>
      </testitem>
      <testitem itemtype="MC" filename="item-200-182856.xml">
        <identifier version="1" uniqueid="200-182856"/>
        <bpref>(SBAC)SBAC-IAB-ELA-IRP-4-2023-2024</bpref>
        <bpref>SBAC-1-IT</bpref>
        <bpref>SBAC-1-IT|10-4</bpref>
        <bpref>SBAC-1-IT|10-4|4.RI.4</bpref>
        <passageref>200-193775</passageref>
        <poolproperty label="English" value="ENU" property="Language"/>
        <poolproperty label="Braille" value="ENU-Braille" property="Language"/>
        <poolproperty label="ItemType = MC" value="MC" property="--ITEMTYPE--"/>
        <poolproperty label="Answer Key = D" value="D" property="Answer Key"/>
        <poolproperty label="ASL = N" value="N" property="ASL"/>
        <poolproperty label="Braille = BRF" value="BRF" property="Braille"/>
        <poolproperty label="Depth of Knowledge = 2" value="2" property="Depth of Knowledge"/>
        <poolproperty label="Grade = 4" value="4" property="Grade"/>
        <poolproperty label="Scoring Engine = Automatic with Key" value="Automatic with Key" property="Scoring Engine"/>
        <itemscoredimension measurementmodel="IRT3PLn" weight="1.0" scorepoints="1">
          <itemscoreparameter value="0.8129" measurementparameter="a"/>
          <itemscoreparameter value="-1.17706" measurementparameter="b"/>
          <itemscoreparameter value="0.0" measurementparameter="c"/>
        </itemscoredimension>
      </testitem>
      <testitem itemtype="EBSR" filename="item-200-182899.xml">
        <identifier version="1" uniqueid="200-182899"/>
        <bpref>(SBAC)SBAC-IAB-ELA-IRP-4-2023-2024</bpref>
        <bpref>SBAC-1-LT</bpref>
        <bpref>SBAC-1-LT|4-4</bpref>
        <bpref>SBAC-1-LT|4-4|4.RL.3</bpref>
        <passageref>200-193779</passageref>
        <poolproperty label="English" value="ENU" property="Language"/>
        <poolproperty label="Braille" value="ENU-Braille" property="Language"/>
        <poolproperty label="ItemType = EBSR" value="EBSR" property="--ITEMTYPE--"/>
        <poolproperty label="Answer Key = D" value="D" property="Answer Key"/>
        <poolproperty label="Answer Key (Part II) = B" value="B" property="Answer Key (Part II)"/>
        <poolproperty label="ASL = N" value="N" property="ASL"/>
        <poolproperty label="Braille = BRF" value="BRF" property="Braille"/>
        <poolproperty label="Depth of Knowledge = 3" value="3" property="Depth of Knowledge"/>
        <poolproperty label="Grade = 4" value="4" property="Grade"/>
        <poolproperty label="Scoring Engine = Automatic with Key(s)" value="Automatic with Key(s)" property="Scoring Engine"/>
        <itemscoredimension measurementmodel="IRT3PLn" weight="1.0" scorepoints="1">
          <itemscoreparameter value="0.6651" measurementparameter="a"/>
          <itemscoreparameter value="-0.25892" measurementparameter="b"/>
          <itemscoreparameter value="0.0" measurementparameter="c"/>
        </itemscoredimension>
      </testitem>
    </itempool>
    <testform length="5">
      <identifier version="1" name="(SBAC)SBAC-IAB-ELA-IRP-4-2023-2024:Default-ENU" uniqueid="(SBAC)SBAC-IAB-ELA-IRP-4-2023-2024:Default-ENU"/>
      <property label="English" name="Language" value="ENU"/>
      <formpartition>
        <identifier version="1" name="Grade 4 ELA - IRP Assessment Block (IAB)::ENU" uniqueid="200-1117044529"/>
        <itemgroup formposition="1" maxresponses="ALL" maxitems="ALL">
          <identifier version="1" name="200-1117044529:G-200-193775-0" uniqueid="200-1117044529:G-200-193775-0"/>
          <passageref>200-193775</passageref>
          <groupitem blockid="A" groupposition="1" isfieldtest="false" responserequired="true" formposition="1" adminrequired="true" itemid="200-182851" isactive="true"/>
          <groupitem blockid="A" groupposition="2" isfieldtest="false" responserequired="true" formposition="2" adminrequired="true" itemid="200-182852" isactive="true"/>
          <groupitem blockid="A" groupposition="3" isfieldtest="false" responserequired="true" formposition="3" adminrequired="true" itemid="200-182854" isactive="true"/>
          <groupitem blockid="A" groupposition="4" isfieldtest="false" responserequired="true" formposition="4" adminrequired="true" itemid="200-182856" isactive="true"/>
        </itemgroup>
        <itemgroup formposition="2" maxresponses="0" maxitems="ALL">
          <identifier version="1" name="200-1117044529:G-200-193779-0" uniqueid="200-1117044529:G-200-193779-0"/>
          <passageref>200-193779</passageref>
          <groupitem blockid="A" groupposition="1" isfieldtest="false" responserequired="true" formposition="5" adminrequired="true" itemid="200-182899" isactive="true"/>
        </itemgroup>
      </formpartition>
    </testform>
    <testform length="5">
      <identifier version="1" name="(SBAC)SBAC-IAB-ELA-IRP-4-2023-2024:Default-ENU-Braille" uniqueid="(SBAC)SBAC-IAB-ELA-IRP-4-2023-2024:Default-ENU-Braille"/>
      <property label="Braille" name="Language" value="ENU-Braille"/>
      <formpartition>
        <identifier version="1" name="Grade 4 ELA - IRP Assessment Block (IAB)::BRL" uniqueid="200-1117047297"/>
        <itemgroup formposition="1" maxresponses="ALL" maxitems="ALL">
          <identifier version="1" name="200-1117047297:G-200-193775-0" uniqueid="200-1117047297:G-200-193775-0"/>
          <passageref>200-193775</passageref>
          <groupitem blockid="A" groupposition="1" isfieldtest="false" responserequired="true" formposition="1" adminrequired="true" itemid="200-182851" isactive="true"/>
          <groupitem blockid="A" groupposition="2" isfieldtest="false" responserequired="true" formposition="2" adminrequired="true" itemid="200-182852" isactive="true"/>
          <groupitem blockid="A" groupposition="3" isfieldtest="false" responserequired="true" formposition="3" adminrequired="true" itemid="200-182854" isactive="true"/>
          <groupitem blockid="A" groupposition="4" isfieldtest="false" responserequired="true" formposition="4" adminrequired="true" itemid="200-182856" isactive="true"/>
        </itemgroup>
        <itemgroup formposition="2" maxresponses="0" maxitems="ALL">
          <identifier version="1" name="200-1117047297:G-200-193779-0" uniqueid="200-1117047297:G-200-193779-0"/>
          <passageref>200-193779</passageref>
          <groupitem blockid="A" groupposition="1" isfieldtest="false" responserequired="true" formposition="5" adminrequired="true" itemid="200-182899" isactive="true"/>
        </itemgroup>
      </formpartition>
    </testform>
    <adminsegment position="1" segmentid="(SBAC)SBAC-IAB-ELA-IRP-4-2023-2024" itemselection="fixedform">
      <segmentblueprint>
        <segmentbpelement bpelementid="SBAC-1-IT" minopitems="0" maxopitems="4"/>
        <segmentbpelement bpelementid="SBAC-1-IT|9-4|4.RI.2" minopitems="0" maxopitems="2"/>
        <segmentbpelement bpelementid="SBAC-1-LT" minopitems="0" maxopitems="1"/>
        <segmentbpelement bpelementid="SBAC-1-LT|4-4|4.RL.3" minopitems="0" maxopitems="1"/>
        <segmentbpelement bpelementid="SBAC-1-IT|8-4" minopitems="0" maxopitems="1"/>
        <segmentbpelement bpelementid="SBAC-1-IT|9-4" minopitems="0" maxopitems="2"/>
        <segmentbpelement bpelementid="SBAC-1-IT|8-4|4.RI.1" minopitems="0" maxopitems="1"/>
        <segmentbpelement bpelementid="SBAC-1-LT|4-4" minopitems="0" maxopitems="1"/>
        <segmentbpelement bpelementid="SBAC-IAB-ELA-IRP-4" minopitems="0" maxopitems="5"/>
        <segmentbpelement bpelementid="SBAC-1-IT|10-4" minopitems="0" maxopitems="1"/>
        <segmentbpelement bpelementid="SBAC-1-IT|10-4|4.RI.4" minopitems="0" maxopitems="1"/>
      </segmentblueprint>
      <itemselector type="fixedform">
        <identifier version="1" label="FAIRWAY FIXEDFORM" name="FAIRWAY FIXEDFORM" uniqueid="FAIRWAY FIXEDFORM"/>
        <itemselectionparameter bpelementid="(SBAC)SBAC-IAB-ELA-IRP-4-2023-2024">
          <property label="slope" name="slope" value="85.8"/>
          <property label="intercept" name="intercept" value="2508.2"/>
        </itemselectionparameter>
      </itemselector>
      <segmentform formpartitionid="200-1117044529"/>
      <segmentform formpartitionid="200-1117047297"/>
    </adminsegment>
  </administration>
</testspecification>
