<testspecification version="1" purpose="administration" publishdate="Mar 27 2020 12:14AM" publisher="SBAC">
  <identifier version="1" label="Grade 4 MATH - IRP Assessment Block (IAB)" name="SBAC-IAB-MATH-IRP-4" uniqueid="(SBAC)SBAC-IAB-MATH-IRP-4-2023-2024"/>
  <property label="MATH" name="subject" value="MATH"/>
  <property label="interim" name="type" value="interim"/>
  <property label="4" name="grade" value="4"/>
  <administration>
    <testblueprint>
      <bpelement maxftitems="0" opitemcount="5" elementtype="test" minopitems="0" maxopitems="5" ftitemcount="0" minftitems="0">
        <identifier version="1" name="SBAC-IAB-MATH-IRP-4" uniqueid="(SBAC)SBAC-IAB-MATH-IRP-4-2023-2024"/>
      </bpelement>
      <bpelement maxftitems="0" opitemcount="5" elementtype="segment" minopitems="0" maxopitems="5" ftitemcount="0" minftitems="0">
        <identifier version="1" name="SBAC-IAB-MATH-IRP-4" uniqueid="(SBAC)SBAC-IAB-MATH-IRP-4-2023-2024"/>
      </bpelement>
      <bpelement maxftitems="0" opitemcount="1" elementtype="contentlevel" minopitems="0" maxopitems="1" parentid="SBAC-1|P|TS03" ftitemcount="0" minftitems="0">
        <identifier version="1" name="1|P|TS03|D-4" uniqueid="SBAC-1|P|TS03|D-4"/>
      </bpelement>
      <bpelement maxftitems="0" opitemcount="2" elementtype="contentlevel" minopitems="0" maxopitems="2" parentid="SBAC-1|P|TS02" ftitemcount="0" minftitems="0">
        <identifier version="1" name="1|P|TS02|G-4" uniqueid="SBAC-1|P|TS02|G-4"/>
      </bpelement>
      <bpelement maxftitems="0" opitemcount="5" elementtype="strand" minopitems="0" maxopitems="5" ftitemcount="0" minftitems="0">
        <identifier version="1" name="1" uniqueid="SBAC-1"/>
      </bpelement>
      <bpelement maxftitems="0" opitemcount="1" elementtype="contentlevel" minopitems="0" maxopitems="1" parentid="SBAC-1|P|TS01" ftitemcount="0" minftitems="0">
        <identifier version="1" name="1|P|TS01|F-4" uniqueid="SBAC-1|P|TS01|F-4"/>
      </bpelement>
      <bpelement maxftitems="0" opitemcount="2" elementtype="contentlevel" minopitems="0" maxopitems="2" parentid="SBAC-1|P" ftitemcount="0" minftitems="0">
        <identifier version="1" name="1|P|TS02" uniqueid="SBAC-1|P|TS02"/>
      </bpelement>
      <bpelement maxftitems="0" opitemcount="1" elementtype="contentlevel" minopitems="0" maxopitems="1" parentid="SBAC-1|P" ftitemcount="0" minftitems="0">
        <identifier version="1" name="1|P|TS03" uniqueid="SBAC-1|P|TS03"/>
      </bpelement>
      <bpelement maxftitems="0" opitemcount="5" elementtype="contentlevel" minopitems="0" maxopitems="5" parentid="SBAC-1" ftitemcount="0" minftitems="0">
        <identifier version="1" name="1|P" uniqueid="SBAC-1|P"/>
      </bpelement>
      <bpelement maxftitems="0" opitemcount="2" elementtype="contentlevel" minopitems="0" maxopitems="2" parentid="SBAC-1|P" ftitemcount="0" minftitems="0">
        <identifier version="1" name="1|P|TS01" uniqueid="SBAC-1|P|TS01"/>
      </bpelement>
      <bpelement maxftitems="0" opitemcount="1" elementtype="contentlevel" minopitems="0" maxopitems="1" parentid="SBAC-1|P|TS01" ftitemcount="0" minftitems="0">
        <identifier version="1" name="1|P|TS01|A-4" uniqueid="SBAC-1|P|TS01|A-4"/>
      </bpelement>
    </testblueprint>
    <itempool>
      <testitem itemtype="GI" filename="item-200-183419.xml">
        <identifier version="1" uniqueid="200-183419"/>
        <bpref>(SBAC)SBAC-IAB-MATH-IRP-4-2023-2024</bpref>
        <bpref>SBAC-1</bpref>
        <bpref>SBAC-1|P</bpref>
        <bpref>SBAC-1|P|TS01</bpref>
        <bpref>SBAC-1|P|TS01|F-4</bpref>
        <poolproperty label="English" value="ENU" property="Language"/>
        <poolproperty label="Spanish" value="ESN" property="Language"/>
        <poolproperty label="ItemType = GI" value="GI" property="--ITEMTYPE--"/>
        <poolproperty label="Answer Key = GI" value="GI" property="Answer Key"/>
        <poolproperty label="ASL = Y" value="Y" property="ASL"/>
        <poolproperty label="Depth of Knowledge = 2" value="2" property="Depth of Knowledge"/>
        <poolproperty label="Grade = 4" value="4" property="Grade"/>
        <poolproperty label="Scoring Engine = Automatic with Machine Rubric" value="Automatic with Machine Rubric" property="Scoring Engine"/>
        <itemscoredimension measurementmodel="IRT3PLn" weight="1.0" scorepoints="1">
          <itemscoreparameter value="1.5494" measurementparameter="a"/>
          <itemscoreparameter value="-0.0668" measurementparameter="b"/>
          <itemscoreparameter value="0.0" measurementparameter="c"/>
        </itemscoredimension>
      </testitem>
      <testitem itemtype="EQ" filename="item-200-183421.xml">
        <identifier version="1" uniqueid="200-183421"/>
        <bpref>(SBAC)SBAC-IAB-MATH-IRP-4-2023-2024</bpref>
        <bpref>SBAC-1</bpref>
        <bpref>SBAC-1|P</bpref>
        <bpref>SBAC-1|P|TS02</bpref>
        <bpref>SBAC-1|P|TS02|G-4</bpref>
        <poolproperty label="English" value="ENU" property="Language"/>
        <poolproperty label="Braille" value="ENU-Braille" property="Language"/>
        <poolproperty label="Spanish" value="ESN" property="Language"/>
        <poolproperty label="ItemType = EQ" value="EQ" property="--ITEMTYPE--"/>
        <poolproperty label="Answer Key = EQ" value="EQ" property="Answer Key"/>
        <poolproperty label="ASL = Y" value="Y" property="ASL"/>
        <poolproperty label="Braille = BRF" value="BRF" property="Braille"/>
        <poolproperty label="Depth of Knowledge = 2" value="2" property="Depth of Knowledge"/>
        <poolproperty label="Grade = 4" value="4" property="Grade"/>
        <poolproperty label="Scoring Engine = Automatic with Machine Rubric" value="Automatic with Machine Rubric" property="Scoring Engine"/>
        <itemscoredimension measurementmodel="IRT3PLn" weight="1.0" scorepoints="1">
          <itemscoreparameter value="1.4138" measurementparameter="a"/>
          <itemscoreparameter value="0.5945" measurementparameter="b"/>
          <itemscoreparameter value="0.0" measurementparameter="c"/>
        </itemscoredimension>
      </testitem>
      <testitem itemtype="EQ" filename="item-200-183467.xml">
        <identifier version="1" uniqueid="200-183467"/>
        <bpref>(SBAC)SBAC-IAB-MATH-IRP-4-2023-2024</bpref>
        <bpref>SBAC-1</bpref>
        <bpref>SBAC-1|P</bpref>
        <bpref>SBAC-1|P|TS01</bpref>
        <bpref>SBAC-1|P|TS01|A-4</bpref>
        <poolproperty label="English" value="ENU" property="Language"/>
        <poolproperty label="Braille" value="ENU-Braille" property="Language"/>
        <poolproperty label="Spanish" value="ESN" property="Language"/>
        <poolproperty label="ItemType = EQ" value="EQ" property="--ITEMTYPE--"/>
        <poolproperty label="Answer Key = EQ" value="EQ" property="Answer Key"/>
        <poolproperty label="ASL = Y" value="Y" property="ASL"/>
        <poolproperty label="Braille = BRF" value="BRF" property="Braille"/>
        <poolproperty label="Depth of Knowledge = 1" value="1" property="Depth of Knowledge"/>
        <poolproperty label="Grade = 4" value="4" property="Grade"/>
        <poolproperty label="Scoring Engine = Automatic with Machine Rubric" value="Automatic with Machine Rubric" property="Scoring Engine"/>
        <itemscoredimension measurementmodel="IRT3PLn" weight="1.0" scorepoints="1">
          <itemscoreparameter value="1.7951" measurementparameter="a"/>
          <itemscoreparameter value="-1.5534" measurementparameter="b"/>
          <itemscoreparameter value="0.0" measurementparameter="c"/>
        </itemscoredimension>
      </testitem>
      <testitem itemtype="MI" filename="item-200-183529.xml">
        <identifier version="1" uniqueid="200-183529"/>
        <bpref>(SBAC)SBAC-IAB-MATH-IRP-4-2023-2024</bpref>
        <bpref>SBAC-1</bpref>
        <bpref>SBAC-1|P</bpref>
        <bpref>SBAC-1|P|TS03</bpref>
        <bpref>SBAC-1|P|TS03|D-4</bpref>
        <poolproperty label="English" value="ENU" property="Language"/>
        <poolproperty label="Braille" value="ENU-Braille" property="Language"/>
        <poolproperty label="Spanish" value="ESN" property="Language"/>
        <poolproperty label="ItemType = MI" value="MI" property="--ITEMTYPE--"/>
        <poolproperty label="Answer Key = MI" value="MI" property="Answer Key"/>
        <poolproperty label="ASL = Y" value="Y" property="ASL"/>
        <poolproperty label="Braille = BRF" value="BRF" property="Braille"/>
        <poolproperty label="Depth of Knowledge = 2" value="2" property="Depth of Knowledge"/>
        <poolproperty label="Grade = 4" value="4" property="Grade"/>
        <poolproperty label="Scoring Engine = Automatic with Machine Rubric" value="Automatic with Machine Rubric" property="Scoring Engine"/>
        <itemscoredimension measurementmodel="IRT3PLn" weight="1.0" scorepoints="1">
          <itemscoreparameter value="0.3779" measurementparameter="a"/>
          <itemscoreparameter value="-0.3138" measurementparameter="b"/>
          <itemscoreparameter value="0.0" measurementparameter="c"/>
        </itemscoredimension>
      </testitem>
      <testitem itemtype="MI" filename="item-200-183531.xml">
        <identifier version="1" uniqueid="200-183531"/>
        <bpref>(SBAC)SBAC-IAB-MATH-IRP-4-2023-2024</bpref>
        <bpref>SBAC-1</bpref>
        <bpref>SBAC-1|P</bpref>
        <bpref>SBAC-1|P|TS02</bpref>
        <bpref>SBAC-1|P|TS02|G-4</bpref>
        <poolproperty label="English" value="ENU" property="Language"/>
        <poolproperty label="Braille" value="ENU-Braille" property="Language"/>
        <poolproperty label="Spanish" value="ESN" property="Language"/>
        <poolproperty label="ItemType = MI" value="MI" property="--ITEMTYPE--"/>
        <poolproperty label="Answer Key = MI" value="MI" property="Answer Key"/>
        <poolproperty label="ASL = Y" value="Y" property="ASL"/>
        <poolproperty label="Braille = BRF" value="BRF" property="Braille"/>
        <poolproperty label="Depth of Knowledge = 2" value="2" property="Depth of Knowledge"/>
        <poolproperty label="Grade = 4" value="4" property="Grade"/>
        <poolproperty label="Scoring Engine = Automatic with Machine Rubric" value="Automatic with Machine Rubric" property="Scoring Engine"/>
        <itemscoredimension measurementmodel="IRT3PLn" weight="1.0" scorepoints="1">
          <itemscoreparameter value="0.5299" measurementparameter="a"/>
          <itemscoreparameter value="-0.0087" measurementparameter="b"/>
          <itemscoreparameter value="0.0" measurementparameter="c"/>
        </itemscoredimension>
      </testitem>
    </itempool>
    <testform length="5">
      <identifier version="1" name="(SBAC)SBAC-IAB-MATH-IRP-4-2023-2024:Default-ENU" uniqueid="(SBAC)SBAC-IAB-MATH-IRP-4-2023-2024:Default-ENU"/>
      <property label="English" name="Language" value="ENU"/>
      <formpartition>
        <identifier version="1" name="Grade 4 MATH - IRP Assessment Block (IAB)::ENU" uniqueid="200-1575999975"/>
        <itemgroup formposition="1" maxresponses="0" maxitems="ALL">
          <identifier version="1" name="200-1575999975:I-200-183419" uniqueid="200-1575999975:I-200-183419"/>
          <groupitem blockid="A" groupposition="1" isfieldtest="false" responserequired="true" formposition="1" adminrequired="true" itemid="200-183419" isactive="true"/>
        </itemgroup>
        <itemgroup formposition="2" maxresponses="0" maxitems="ALL">
          <identifier version="1" name="200-1575999975:I-200-183421" uniqueid="200-1575999975:I-200-183421"/>
          <groupitem blockid="A" groupposition="1" isfieldtest="false" responserequired="true" formposition="2" adminrequired="true" itemid="200-183421" isactive="true"/>
        </itemgroup>
        <itemgroup formposition="3" maxresponses="0" maxitems="ALL">
          <identifier version="1" name="200-1575999975:I-200-183467" uniqueid="200-1575999975:I-200-183467"/>
          <groupitem blockid="A" groupposition="1" isfieldtest="false" responserequired="true" formposition="3" adminrequired="true" itemid="200-183467" isactive="true"/>
        </itemgroup>
        <itemgroup formposition="4" maxresponses="0" maxitems="ALL">
          <identifier version="1" name="200-1575999975:I-200-183529" uniqueid="200-1575999975:I-200-183529"/>
          <groupitem blockid="A" groupposition="1" isfieldtest="false" responserequired="true" formposition="4" adminrequired="true" itemid="200-183529" isactive="true"/>
        </itemgroup>
        <itemgroup formposition="5" maxresponses="0" maxitems="ALL">
          <identifier version="1" name="200-1575999975:I-200-183531" uniqueid="200-1575999975:I-200-183531"/>
          <groupitem blockid="A" groupposition="1" isfieldtest="false" responserequired="true" formposition="5" adminrequired="true" itemid="200-183531" isactive="true"/>
        </itemgroup>
      </formpartition>
    </testform>
    <testform length="4">
      <identifier version="1" name="(SBAC)SBAC-IAB-MATH-IRP-4-2023-2024:Default-ENU-Braille" uniqueid="(SBAC)SBAC-IAB-MATH-IRP-4-2023-2024:Default-ENU-Braille"/>
      <property label="Braille" name="Language" value="ENU-Braille"/>
      <formpartition>
        <identifier version="1" name="Grade 4 MATH - IRP Assessment Block (IAB)::BRL" uniqueid="200-1575997207"/>
        <itemgroup formposition="1" maxresponses="0" maxitems="ALL">
          <identifier version="1" name="200-1575997207:I-200-183421" uniqueid="200-1575997207:I-200-183421"/>
          <groupitem blockid="A" groupposition="1" isfieldtest="false" responserequired="true" formposition="1" adminrequired="true" itemid="200-183421" isactive="true"/>
        </itemgroup>
        <itemgroup formposition="2" maxresponses="0" maxitems="ALL">
          <identifier version="1" name="200-1575997207:I-200-183467" uniqueid="200-1575997207:I-200-183467"/>
          <groupitem blockid="A" groupposition="1" isfieldtest="false" responserequired="true" formposition="2" adminrequired="true" itemid="200-183467" isactive="true"/>
        </itemgroup>
        <itemgroup formposition="3" maxresponses="0" maxitems="ALL">
          <identifier version="1" name="200-1575997207:I-200-183529" uniqueid="200-1575997207:I-200-183529"/>
          <groupitem blockid="A" groupposition="1" isfieldtest="false" responserequired="true" formposition="3" adminrequired="true" itemid="200-183529" isactive="true"/>
        </itemgroup>
        <itemgroup formposition="4" maxresponses="0" maxitems="ALL">
          <identifier version="1" name="200-1575997207:I-200-183531" uniqueid="200-1575997207:I-200-183531"/>
          <groupitem blockid="A" groupposition="1" isfieldtest="false" responserequired="true" formposition="4" adminrequired="true" itemid="200-183531" isactive="true"/>
        </itemgroup>
      </formpartition>
    </testform>
    <testform length="5">
      <identifier version="1" name="(SBAC)SBAC-IAB-MATH-IRP-4-2023-2024:Default-ESN" uniqueid="(SBAC)SBAC-IAB-MATH-IRP-4-2023-2024:Default-ESN"/>
      <property label="Spanish" name="Language" value="ESN"/>
      <formpartition>
        <identifier version="1" name="Grade 4 MATH - IRP Assessment Block (IAB)::SPA" uniqueid="200-1576013471"/>
        <itemgroup formposition="1" maxresponses="0" maxitems="ALL">
          <identifier version="1" name="200-1576013471:I-200-183419" uniqueid="200-1576013471:I-200-183419"/>
          <groupitem blockid="A" groupposition="1" isfieldtest="false" responserequired="true" formposition="1" adminrequired="true" itemid="200-183419" isactive="true"/>
        </itemgroup>
        <itemgroup formposition="2" maxresponses="0" maxitems="ALL">
          <identifier version="1" name="200-1576013471:I-200-183421" uniqueid="200-1576013471:I-200-183421"/>
          <groupitem blockid="A" groupposition="1" isfieldtest="false" responserequired="true" formposition="2" adminrequired="true" itemid="200-183421" isactive="true"/>
        </itemgroup>
        <itemgroup formposition="3" maxresponses="0" maxitems="ALL">
          <identifier version="1" name="200-1576013471:I-200-183467" uniqueid="200-1576013471:I-200-183467"/>
          <groupitem blockid="A" groupposition="1" isfieldtest="false" responserequired="true" formposition="3" adminrequired="true" itemid="200-183467" isactive="true"/>
        </itemgroup>
        <itemgroup formposition="4" maxresponses="0" maxitems="ALL">
          <identifier version="1" name="200-1576013471:I-200-183529" uniqueid="200-1576013471:I-200-183529"/>
          <groupitem blockid="A" groupposition="1" isfieldtest="false" responserequired="true" formposition="4" adminrequired="true" itemid="200-183529" isactive="true"/>
        </itemgroup>
        <itemgroup formposition="5" maxresponses="0" maxitems="ALL">
          <identifier version="1" name="200-1576013471:I-200-183531" uniqueid="200-1576013471:I-200-183531"/>
          <groupitem blockid="A" groupposition="1" isfieldtest="false" responserequired="true" formposition="5" adminrequired="true" itemid="200-183531" isactive="true"/>
        </itemgroup>
      </formpartition>
    </testform>
    <adminsegment position="1" segmentid="(SBAC)SBAC-IAB-MATH-IRP-4-2023-2024" itemselection="fixedform">
      <segmentblueprint>
        <segmentbpelement bpelementid="SBAC-1|P|TS02|G-4" minopitems="0" maxopitems="2"/>
        <segmentbpelement bpelementid="SBAC-1|P|TS03|D-4" minopitems="0" maxopitems="1"/>
        <segmentbpelement bpelementid="SBAC-1" minopitems="0" maxopitems="5"/>
        <segmentbpelement bpelementid="SBAC-1|P|TS01|F-4" minopitems="0" maxopitems="1"/>
        <segmentbpelement bpelementid="SBAC-1|P|TS02" minopitems="0" maxopitems="2"/>
        <segmentbpelement bpelementid="SBAC-IAB-MATH-IRP-4" minopitems="0" maxopitems="5"/>
        <segmentbpelement bpelementid="SBAC-1|P" minopitems="0" maxopitems="5"/>
        <segmentbpelement bpelementid="SBAC-1|P|TS03" minopitems="0" maxopitems="1"/>
        <segmentbpelement bpelementid="SBAC-1|P|TS01" minopitems="0" maxopitems="2"/>
        <segmentbpelement bpelementid="SBAC-1|P|TS01|A-4" minopitems="0" maxopitems="1"/>
      </segmentblueprint>
      <itemselector type="fixedform">
        <identifier version="1" label="FAIRWAY FIXEDFORM" name="FAIRWAY FIXEDFORM" uniqueid="FAIRWAY FIXEDFORM"/>
        <itemselectionparameter bpelementid="(SBAC)SBAC-IAB-MATH-IRP-4-2023-2024">
          <property label="slope" name="slope" value="79.3"/>
          <property label="intercept" name="intercept" value="2514.9"/>
        </itemselectionparameter>
      </itemselector>
      <segmentform formpartitionid="200-1575999975"/>
      <segmentform formpartitionid="200-1575997207"/>
      <segmentform formpartitionid="200-1576013471"/>
    </adminsegment>
  </administration>
</testspecification>
