<testspecification version="1" purpose="administration" publishdate="Mar 27 2020 12:14AM" publisher="SBAC">
  <identifier version="1" label="Grade 7 MATH - IRP Assessment Block (IAB)" name="SBAC-IAB-MATH-IRP-7" uniqueid="(SBAC)SBAC-IAB-MATH-IRP-7-2023-2024"/>
  <property label="MATH" name="subject" value="MATH"/>
  <property label="interim" name="type" value="interim"/>
  <property label="7" name="grade" value="7"/>
  <administration>
    <testblueprint>
      <bpelement maxftitems="0" opitemcount="6" elementtype="test" minopitems="0" maxopitems="6" ftitemcount="0" minftitems="0">
        <identifier version="1" name="SBAC-IAB-MATH-IRP-7" uniqueid="(SBAC)SBAC-IAB-MATH-IRP-7-2023-2024"/>
      </bpelement>
      <bpelement maxftitems="0" opitemcount="3" elementtype="segment" minopitems="0" maxopitems="3" ftitemcount="0" minftitems="0">
        <identifier version="1" name="SBAC-IAB-MATH-IRP-7-SEG1-NoCalc" uniqueid="(SBAC)SBAC-IAB-MATH-IRP-7-SEG1-NoCalc-2023-2024"/>
      </bpelement>
      <bpelement maxftitems="0" opitemcount="3" elementtype="segment" minopitems="0" maxopitems="3" ftitemcount="0" minftitems="0">
        <identifier version="1" name="SBAC-IAB-MATH-IRP-7-SEG2-Calc" uniqueid="(SBAC)SBAC-IAB-MATH-IRP-7-SEG2-Calc-2023-2024"/>
      </bpelement>
      <bpelement maxftitems="0" opitemcount="2" elementtype="contentlevel" minopitems="0" maxopitems="2" parentid="SBAC-1|P|TS02" ftitemcount="0" minftitems="0">
        <identifier version="1" name="1|P|TS02|B-7" uniqueid="SBAC-1|P|TS02|B-7"/>
      </bpelement>
      <bpelement maxftitems="0" opitemcount="1" elementtype="contentlevel" minopitems="0" maxopitems="1" parentid="SBAC-1|P|TS02" ftitemcount="0" minftitems="0">
        <identifier version="1" name="1|P|TS02|C-7" uniqueid="SBAC-1|P|TS02|C-7"/>
      </bpelement>
      <bpelement maxftitems="0" opitemcount="3" elementtype="contentlevel" minopitems="0" maxopitems="3" parentid="SBAC-1|P" ftitemcount="0" minftitems="0">
        <identifier version="1" name="1|P|TS02" uniqueid="SBAC-1|P|TS02"/>
      </bpelement>
      <bpelement maxftitems="0" opitemcount="5" elementtype="contentlevel" minopitems="0" maxopitems="5" parentid="SBAC-1" ftitemcount="0" minftitems="0">
        <identifier version="1" name="1|P" uniqueid="SBAC-1|P"/>
      </bpelement>
      <bpelement maxftitems="0" opitemcount="1" elementtype="contentlevel" minopitems="0" maxopitems="1" parentid="SBAC-1" ftitemcount="0" minftitems="0">
        <identifier version="1" name="1|S" uniqueid="SBAC-1|S"/>
      </bpelement>
      <bpelement maxftitems="0" opitemcount="2" elementtype="contentlevel" minopitems="0" maxopitems="2" parentid="SBAC-1|P" ftitemcount="0" minftitems="0">
        <identifier version="1" name="1|P|TS01" uniqueid="SBAC-1|P|TS01"/>
      </bpelement>
      <bpelement maxftitems="0" opitemcount="1" elementtype="contentlevel" minopitems="0" maxopitems="1" parentid="SBAC-1|S" ftitemcount="0" minftitems="0">
        <identifier version="1" name="1|S|TS04" uniqueid="SBAC-1|S|TS04"/>
      </bpelement>
      <bpelement maxftitems="0" opitemcount="1" elementtype="contentlevel" minopitems="0" maxopitems="1" parentid="SBAC-1|S|TS04" ftitemcount="0" minftitems="0">
        <identifier version="1" name="1|S|TS04|I-7" uniqueid="SBAC-1|S|TS04|I-7"/>
      </bpelement>
      <bpelement maxftitems="0" opitemcount="6" elementtype="strand" minopitems="0" maxopitems="6" ftitemcount="0" minftitems="0">
        <identifier version="1" name="1" uniqueid="SBAC-1"/>
      </bpelement>
      <bpelement maxftitems="0" opitemcount="1" elementtype="contentlevel" minopitems="0" maxopitems="1" parentid="SBAC-1|P|TS01" ftitemcount="0" minftitems="0">
        <identifier version="1" name="1|P|TS01|D-7" uniqueid="SBAC-1|P|TS01|D-7"/>
      </bpelement>
      <bpelement maxftitems="0" opitemcount="1" elementtype="contentlevel" minopitems="0" maxopitems="1" parentid="SBAC-1|P|TS01" ftitemcount="0" minftitems="0">
        <identifier version="1" name="1|P|TS01|A-7" uniqueid="SBAC-1|P|TS01|A-7"/>
      </bpelement>
    </testblueprint>
    <itempool>
      <testitem itemtype="MS" filename="item-200-183300.xml">
        <identifier version="1" uniqueid="200-183300"/>
        <bpref>(SBAC)SBAC-IAB-MATH-IRP-7-SEG1-NoCalc-2023-2024</bpref>
        <bpref>SBAC-1</bpref>
        <bpref>SBAC-1|P</bpref>
        <bpref>SBAC-1|P|TS02</bpref>
        <bpref>SBAC-1|P|TS02|B-7</bpref>
        <poolproperty label="English" value="ENU" property="Language"/>
        <poolproperty label="Braille" value="ENU-Braille" property="Language"/>
        <poolproperty label="Spanish" value="ESN" property="Language"/>
        <poolproperty label="ItemType = MS" value="MS" property="--ITEMTYPE--"/>
        <poolproperty label="Answer Key = D,E" value="D,E" property="Answer Key"/>
        <poolproperty label="ASL = Y" value="Y" property="ASL"/>
        <poolproperty label="Braille = BRF" value="BRF" property="Braille"/>
        <poolproperty label="Depth of Knowledge = 1" value="1" property="Depth of Knowledge"/>
        <poolproperty label="Grade = 7" value="7" property="Grade"/>
        <poolproperty label="Scoring Engine = Automatic with Key(s)" value="Automatic with Key(s)" property="Scoring Engine"/>
        <itemscoredimension measurementmodel="IRT3PLn" weight="1.0" scorepoints="1">
          <itemscoreparameter value="0.8674" measurementparameter="a"/>
          <itemscoreparameter value="2.4111" measurementparameter="b"/>
          <itemscoreparameter value="0.0" measurementparameter="c"/>
        </itemscoredimension>
      </testitem>
      <testitem itemtype="EQ" filename="item-200-183505.xml">
        <identifier version="1" uniqueid="200-183505"/>
        <bpref>(SBAC)SBAC-IAB-MATH-IRP-7-SEG1-NoCalc-2023-2024</bpref>
        <bpref>SBAC-1</bpref>
        <bpref>SBAC-1|P</bpref>
        <bpref>SBAC-1|P|TS02</bpref>
        <bpref>SBAC-1|P|TS02|B-7</bpref>
        <poolproperty label="English" value="ENU" property="Language"/>
        <poolproperty label="Braille" value="ENU-Braille" property="Language"/>
        <poolproperty label="Spanish" value="ESN" property="Language"/>
        <poolproperty label="ItemType = EQ" value="EQ" property="--ITEMTYPE--"/>
        <poolproperty label="Answer Key = EQ" value="EQ" property="Answer Key"/>
        <poolproperty label="ASL = Y" value="Y" property="ASL"/>
        <poolproperty label="Braille = PRN" value="PRN" property="Braille"/>
        <poolproperty label="Depth of Knowledge = 1" value="1" property="Depth of Knowledge"/>
        <poolproperty label="Grade = 7" value="7" property="Grade"/>
        <poolproperty label="Scoring Engine = Automatic with Machine Rubric" value="Automatic with Machine Rubric" property="Scoring Engine"/>
        <itemscoredimension measurementmodel="IRT3PLn" weight="1.0" scorepoints="1">
          <itemscoreparameter value="0.6301" measurementparameter="a"/>
          <itemscoreparameter value="1.5213" measurementparameter="b"/>
          <itemscoreparameter value="0.0" measurementparameter="c"/>
        </itemscoredimension>
      </testitem>
      <testitem itemtype="EQ" filename="item-200-12049.xml">
        <identifier version="1" uniqueid="200-12049"/>
        <bpref>(SBAC)SBAC-IAB-MATH-IRP-7-SEG1-NoCalc-2023-2024</bpref>
        <bpref>SBAC-1</bpref>
        <bpref>SBAC-1|P</bpref>
        <bpref>SBAC-1|P|TS02</bpref>
        <bpref>SBAC-1|P|TS02|C-7</bpref>
        <poolproperty label="English" value="ENU" property="Language"/>
        <poolproperty label="Braille" value="ENU-Braille" property="Language"/>
        <poolproperty label="Spanish" value="ESN" property="Language"/>
        <poolproperty label="ItemType = EQ" value="EQ" property="--ITEMTYPE--"/>
        <poolproperty label="Answer Key = EQ" value="EQ" property="Answer Key"/>
        <poolproperty label="ASL = Y" value="Y" property="ASL"/>
        <poolproperty label="Braille = BRF" value="BRF" property="Braille"/>
        <poolproperty label="Depth of Knowledge = 1" value="1" property="Depth of Knowledge"/>
        <poolproperty label="Grade = 7" value="7" property="Grade"/>
        <poolproperty label="Scoring Engine = Automatic with Machine Rubric" value="Automatic with Machine Rubric" property="Scoring Engine"/>
        <itemscoredimension measurementmodel="IRT3PLn" weight="1.0" scorepoints="1">
          <itemscoreparameter value="0.54806" measurementparameter="a"/>
          <itemscoreparameter value="1.14685" measurementparameter="b"/>
          <itemscoreparameter value="0.0" measurementparameter="c"/>
        </itemscoredimension>
      </testitem>
      <testitem itemtype="GI" filename="item-200-183475.xml">
        <identifier version="1" uniqueid="200-183475"/>
        <bpref>(SBAC)SBAC-IAB-MATH-IRP-7-SEG2-Calc-2023-2024</bpref>
        <bpref>SBAC-1</bpref>
        <bpref>SBAC-1|P</bpref>
        <bpref>SBAC-1|P|TS01</bpref>
        <bpref>SBAC-1|P|TS01|D-7</bpref>
        <poolproperty label="English" value="ENU" property="Language"/>
        <poolproperty label="Spanish" value="ESN" property="Language"/>
        <poolproperty label="ItemType = GI" value="GI" property="--ITEMTYPE--"/>
        <poolproperty label="Answer Key = GI" value="GI" property="Answer Key"/>
        <poolproperty label="ASL = Y" value="Y" property="ASL"/>
        <poolproperty label="Depth of Knowledge = 2" value="2" property="Depth of Knowledge"/>
        <poolproperty label="Grade = 7" value="7" property="Grade"/>
        <poolproperty label="Scoring Engine = Automatic with Machine Rubric" value="Automatic with Machine Rubric" property="Scoring Engine"/>
        <itemscoredimension measurementmodel="IRT3PLn" weight="1.0" scorepoints="1">
          <itemscoreparameter value="0.5394" measurementparameter="a"/>
          <itemscoreparameter value="2.403" measurementparameter="b"/>
          <itemscoreparameter value="0.0" measurementparameter="c"/>
        </itemscoredimension>
      </testitem>
      <testitem itemtype="MI" filename="item-200-183581.xml">
        <identifier version="1" uniqueid="200-183581"/>
        <bpref>(SBAC)SBAC-IAB-MATH-IRP-7-SEG2-Calc-2023-2024</bpref>
        <bpref>SBAC-1</bpref>
        <bpref>SBAC-1|S</bpref>
        <bpref>SBAC-1|S|TS04</bpref>
        <bpref>SBAC-1|S|TS04|I-7</bpref>
        <poolproperty label="English" value="ENU" property="Language"/>
        <poolproperty label="Braille" value="ENU-Braille" property="Language"/>
        <poolproperty label="Spanish" value="ESN" property="Language"/>
        <poolproperty label="ItemType = MI" value="MI" property="--ITEMTYPE--"/>
        <poolproperty label="Answer Key = MI" value="MI" property="Answer Key"/>
        <poolproperty label="ASL = Y" value="Y" property="ASL"/>
        <poolproperty label="Braille = BRF" value="BRF" property="Braille"/>
        <poolproperty label="Depth of Knowledge = 1" value="1" property="Depth of Knowledge"/>
        <poolproperty label="Grade = 7" value="7" property="Grade"/>
        <poolproperty label="Scoring Engine = Automatic with Machine Rubric" value="Automatic with Machine Rubric" property="Scoring Engine"/>
        <itemscoredimension measurementmodel="IRT3PLn" weight="1.0" scorepoints="1">
          <itemscoreparameter value="0.5849" measurementparameter="a"/>
          <itemscoreparameter value="0.0724" measurementparameter="b"/>
          <itemscoreparameter value="0.0" measurementparameter="c"/>
        </itemscoredimension>
      </testitem>
      <testitem itemtype="MI" filename="item-200-183611.xml">
        <identifier version="1" uniqueid="200-183611"/>
        <bpref>(SBAC)SBAC-IAB-MATH-IRP-7-SEG2-Calc-2023-2024</bpref>
        <bpref>SBAC-1</bpref>
        <bpref>SBAC-1|P</bpref>
        <bpref>SBAC-1|P|TS01</bpref>
        <bpref>SBAC-1|P|TS01|A-7</bpref>
        <poolproperty label="English" value="ENU" property="Language"/>
        <poolproperty label="Braille" value="ENU-Braille" property="Language"/>
        <poolproperty label="Spanish" value="ESN" property="Language"/>
        <poolproperty label="ItemType = MI" value="MI" property="--ITEMTYPE--"/>
        <poolproperty label="Answer Key = MI" value="MI" property="Answer Key"/>
        <poolproperty label="ASL = Y" value="Y" property="ASL"/>
        <poolproperty label="Braille = PRN" value="PRN" property="Braille"/>
        <poolproperty label="Depth of Knowledge = 2" value="2" property="Depth of Knowledge"/>
        <poolproperty label="Grade = 7" value="7" property="Grade"/>
        <poolproperty label="Scoring Engine = Automatic with Machine Rubric" value="Automatic with Machine Rubric" property="Scoring Engine"/>
        <itemscoredimension measurementmodel="IRT3PLn" weight="1.0" scorepoints="1">
          <itemscoreparameter value="0.4652" measurementparameter="a"/>
          <itemscoreparameter value="0.4166" measurementparameter="b"/>
          <itemscoreparameter value="0.0" measurementparameter="c"/>
        </itemscoredimension>
      </testitem>
    </itempool>
    <testform length="5">
      <identifier version="1" name="(SBAC)SBAC-IAB-MATH-IRP-7-2023-2024:Default-ENU-Braille" uniqueid="(SBAC)SBAC-IAB-MATH-IRP-7-2023-2024:Default-ENU-Braille"/>
      <property label="Braille" name="Language" value="ENU-Braille"/>
      <formpartition>
        <identifier version="1" name="Grade 7 MATH - IRP Assessment Block NoCalc (IAB)::BRL" uniqueid="200-724258656"/>
        <itemgroup formposition="1" maxresponses="0" maxitems="ALL">
          <identifier version="1" name="200-724258656:I-200-183300" uniqueid="200-724258656:I-200-183300"/>
          <groupitem blockid="A" groupposition="1" isfieldtest="false" responserequired="true" formposition="1" adminrequired="true" itemid="200-183300" isactive="true"/>
        </itemgroup>
        <itemgroup formposition="2" maxresponses="0" maxitems="ALL">
          <identifier version="1" name="200-724258656:I-200-183505" uniqueid="200-724258656:I-200-183505"/>
          <groupitem blockid="A" groupposition="1" isfieldtest="false" responserequired="true" formposition="2" adminrequired="true" itemid="200-183505" isactive="true"/>
        </itemgroup>
        <itemgroup formposition="3" maxresponses="0" maxitems="ALL">
          <identifier version="1" name="200-724258656:I-200-12049" uniqueid="200-724258656:I-200-12049"/>
          <groupitem blockid="A" groupposition="1" isfieldtest="false" responserequired="true" formposition="3" adminrequired="true" itemid="200-12049" isactive="true"/>
        </itemgroup>
      </formpartition>
      <formpartition>
        <identifier version="1" name="Grade 7 MATH - IRP Assessment Block Calc (IAB)::BRL" uniqueid="200-1051675553"/>
        <itemgroup formposition="1" maxresponses="0" maxitems="ALL">
          <identifier version="1" name="200-1051675553:I-200-183581" uniqueid="200-1051675553:I-200-183581"/>
          <groupitem blockid="A" groupposition="1" isfieldtest="false" responserequired="true" formposition="1" adminrequired="true" itemid="200-183581" isactive="true"/>
        </itemgroup>
        <itemgroup formposition="2" maxresponses="0" maxitems="ALL">
          <identifier version="1" name="200-1051675553:I-200-183611" uniqueid="200-1051675553:I-200-183611"/>
          <groupitem blockid="A" groupposition="1" isfieldtest="false" responserequired="true" formposition="2" adminrequired="true" itemid="200-183611" isactive="true"/>
        </itemgroup>
      </formpartition>
    </testform>
    <testform length="6">
      <identifier version="1" name="(SBAC)SBAC-IAB-MATH-IRP-7-2023-2024:Default-ESN" uniqueid="(SBAC)SBAC-IAB-MATH-IRP-7-2023-2024:Default-ESN"/>
      <property label="Spanish" name="Language" value="ESN"/>
      <formpartition>
        <identifier version="1" name="Grade 7 MATH - IRP Assessment Block NoCalc (IAB)::SPA" uniqueid="200-724274920"/>
        <itemgroup formposition="1" maxresponses="0" maxitems="ALL">
          <identifier version="1" name="200-724274920:I-200-183300" uniqueid="200-724274920:I-200-183300"/>
          <groupitem blockid="A" groupposition="1" isfieldtest="false" responserequired="true" formposition="1" adminrequired="true" itemid="200-183300" isactive="true"/>
        </itemgroup>
        <itemgroup formposition="2" maxresponses="0" maxitems="ALL">
          <identifier version="1" name="200-724274920:I-200-183505" uniqueid="200-724274920:I-200-183505"/>
          <groupitem blockid="A" groupposition="1" isfieldtest="false" responserequired="true" formposition="2" adminrequired="true" itemid="200-183505" isactive="true"/>
        </itemgroup>
        <itemgroup formposition="3" maxresponses="0" maxitems="ALL">
          <identifier version="1" name="200-724274920:I-200-12049" uniqueid="200-724274920:I-200-12049"/>
          <groupitem blockid="A" groupposition="1" isfieldtest="false" responserequired="true" formposition="3" adminrequired="true" itemid="200-12049" isactive="true"/>
        </itemgroup>
      </formpartition>
      <formpartition>
        <identifier version="1" name="Grade 7 MATH - IRP Assessment Block Calc (IAB)::SPA" uniqueid="200-1051691817"/>
        <itemgroup formposition="1" maxresponses="0" maxitems="ALL">
          <identifier version="1" name="200-1051691817:I-200-183475" uniqueid="200-1051691817:I-200-183475"/>
          <groupitem blockid="A" groupposition="1" isfieldtest="false" responserequired="true" formposition="1" adminrequired="true" itemid="200-183475" isactive="true"/>
        </itemgroup>
        <itemgroup formposition="2" maxresponses="0" maxitems="ALL">
          <identifier version="1" name="200-1051691817:I-200-183581" uniqueid="200-1051691817:I-200-183581"/>
          <groupitem blockid="A" groupposition="1" isfieldtest="false" responserequired="true" formposition="2" adminrequired="true" itemid="200-183581" isactive="true"/>
        </itemgroup>
        <itemgroup formposition="3" maxresponses="0" maxitems="ALL">
          <identifier version="1" name="200-1051691817:I-200-183611" uniqueid="200-1051691817:I-200-183611"/>
          <groupitem blockid="A" groupposition="1" isfieldtest="false" responserequired="true" formposition="3" adminrequired="true" itemid="200-183611" isactive="true"/>
        </itemgroup>
      </formpartition>
    </testform>
    <testform length="6">
      <identifier version="1" name="(SBAC)SBAC-IAB-MATH-IRP-7-2023-2024:Default-ENU" uniqueid="(SBAC)SBAC-IAB-MATH-IRP-7-2023-2024:Default-ENU"/>
      <property label="English" name="Language" value="ENU"/>
      <formpartition>
        <identifier version="1" name="Grade 7 MATH - IRP Assessment Block NoCalc (IAB)::ENU" uniqueid="200-724261424"/>
        <itemgroup formposition="1" maxresponses="0" maxitems="ALL">
          <identifier version="1" name="200-724261424:I-200-183300" uniqueid="200-724261424:I-200-183300"/>
          <groupitem blockid="A" groupposition="1" isfieldtest="false" responserequired="true" formposition="1" adminrequired="true" itemid="200-183300" isactive="true"/>
        </itemgroup>
        <itemgroup formposition="2" maxresponses="0" maxitems="ALL">
          <identifier version="1" name="200-724261424:I-200-183505" uniqueid="200-724261424:I-200-183505"/>
          <groupitem blockid="A" groupposition="1" isfieldtest="false" responserequired="true" formposition="2" adminrequired="true" itemid="200-183505" isactive="true"/>
        </itemgroup>
        <itemgroup formposition="3" maxresponses="0" maxitems="ALL">
          <identifier version="1" name="200-724261424:I-200-12049" uniqueid="200-724261424:I-200-12049"/>
          <groupitem blockid="A" groupposition="1" isfieldtest="false" responserequired="true" formposition="3" adminrequired="true" itemid="200-12049" isactive="true"/>
        </itemgroup>
      </formpartition>
      <formpartition>
        <identifier version="1" name="Grade 7 MATH - IRP Assessment Block Calc (IAB)::ENU" uniqueid="200-1051678321"/>
        <itemgroup formposition="1" maxresponses="0" maxitems="ALL">
          <identifier version="1" name="200-1051678321:I-200-183475" uniqueid="200-1051678321:I-200-183475"/>
          <groupitem blockid="A" groupposition="1" isfieldtest="false" responserequired="true" formposition="1" adminrequired="true" itemid="200-183475" isactive="true"/>
        </itemgroup>
        <itemgroup formposition="2" maxresponses="0" maxitems="ALL">
          <identifier version="1" name="200-1051678321:I-200-183581" uniqueid="200-1051678321:I-200-183581"/>
          <groupitem blockid="A" groupposition="1" isfieldtest="false" responserequired="true" formposition="2" adminrequired="true" itemid="200-183581" isactive="true"/>
        </itemgroup>
        <itemgroup formposition="3" maxresponses="0" maxitems="ALL">
          <identifier version="1" name="200-1051678321:I-200-183611" uniqueid="200-1051678321:I-200-183611"/>
          <groupitem blockid="A" groupposition="1" isfieldtest="false" responserequired="true" formposition="3" adminrequired="true" itemid="200-183611" isactive="true"/>
        </itemgroup>
      </formpartition>
    </testform>
    <adminsegment position="1" segmentid="(SBAC)SBAC-IAB-MATH-IRP-7-SEG1-NoCalc-2023-2024" itemselection="fixedform">
      <segmentblueprint>
        <segmentbpelement bpelementid="SBAC-1" minopitems="0" maxopitems="3"/>
        <segmentbpelement bpelementid="SBAC-1|P|TS02|B-7" minopitems="0" maxopitems="2"/>
        <segmentbpelement bpelementid="SBAC-1|P|TS02|C-7" minopitems="0" maxopitems="1"/>
        <segmentbpelement bpelementid="SBAC-1|P|TS02" minopitems="0" maxopitems="3"/>
        <segmentbpelement bpelementid="SBAC-1|P" minopitems="0" maxopitems="3"/>
        <segmentbpelement bpelementid="SBAC-IAB-MATH-IRP-7-SEG1-NoCalc" minopitems="0" maxopitems="3"/>
      </segmentblueprint>
      <itemselector type="fixedform">
        <identifier version="1" label="FAIRWAY FIXEDFORM" name="FAIRWAY FIXEDFORM" uniqueid="FAIRWAY FIXEDFORM"/>
        <itemselectionparameter bpelementid="(SBAC)SBAC-IAB-MATH-IRP-7-SEG1-NoCalc-2023-2024">
          <property label="slope" name="slope" value="79.3"/>
          <property label="intercept" name="intercept" value="2514.9"/>
        </itemselectionparameter>
      </itemselector>
      <segmentform formpartitionid="200-724261424"/>
      <segmentform formpartitionid="200-724258656"/>
      <segmentform formpartitionid="200-724274920"/>
    </adminsegment>
    <adminsegment position="2" segmentid="(SBAC)SBAC-IAB-MATH-IRP-7-SEG2-Calc-2023-2024" itemselection="fixedform">
      <segmentblueprint>
        <segmentbpelement bpelementid="SBAC-1" minopitems="0" maxopitems="3"/>
        <segmentbpelement bpelementid="SBAC-1|P" minopitems="0" maxopitems="2"/>
        <segmentbpelement bpelementid="SBAC-1|P|TS01|D-7" minopitems="0" maxopitems="1"/>
        <segmentbpelement bpelementid="SBAC-1|S" minopitems="0" maxopitems="1"/>
        <segmentbpelement bpelementid="SBAC-IAB-MATH-IRP-7-SEG2-Calc" minopitems="0" maxopitems="3"/>
        <segmentbpelement bpelementid="SBAC-1|P|TS01|A-7" minopitems="0" maxopitems="1"/>
        <segmentbpelement bpelementid="SBAC-1|P|TS01" minopitems="0" maxopitems="2"/>
        <segmentbpelement bpelementid="SBAC-1|S|TS04" minopitems="0" maxopitems="1"/>
        <segmentbpelement bpelementid="SBAC-1|S|TS04|I-7" minopitems="0" maxopitems="1"/>
      </segmentblueprint>
      <itemselector type="fixedform">
        <identifier version="1" label="FAIRWAY FIXEDFORM" name="FAIRWAY FIXEDFORM" uniqueid="FAIRWAY FIXEDFORM"/>
        <itemselectionparameter bpelementid="(SBAC)SBAC-IAB-MATH-IRP-7-SEG2-Calc-2023-2024">
          <property label="slope" name="slope" value="79.3"/>
          <property label="intercept" name="intercept" value="2514.9"/>
        </itemselectionparameter>
      </itemselector>
      <segmentform formpartitionid="200-1051678321"/>
      <segmentform formpartitionid="200-1051675553"/>
      <segmentform formpartitionid="200-1051691817"/>
    </adminsegment>
  </administration>
</testspecification>
