<testspecification version="1" purpose="scoring" publishdate="Mar 27 2020 12:14AM" publisher="SBAC">
  <identifier version="3" label="SBAC-ICA-IRP-COMBINED-ELA-4" name="SBAC-ICA-IRP-COMBINED-ELA-4" uniqueid="(SBAC)SBAC-ICA-IRP-COMBINED-ELA-4-2020-2021"/>
  <property label="ELA" name="subject" value="ELA"/>
  <property label="interim" name="type" value="interim"/>
  <property label="4" name="grade" value="4"/>
  <property label="4" name="grade" value="4"/>
  <scoring>
    <testblueprint>
      <bpelement maxftitems="0" opitemcount="20" elementtype="test" minopitems="0" maxopitems="20" ftitemcount="0" minftitems="0">
        <identifier version="3" name="SBAC-ICA-IRP-COMBINED-ELA-4" uniqueid="(SBAC)SBAC-ICA-IRP-COMBINED-ELA-4-2020-2021"/>
      </bpelement>
      <bpelement maxftitems="0" opitemcount="18" elementtype="segment" minopitems="0" maxopitems="18" ftitemcount="0" minftitems="0">
        <identifier version="3" name="SBAC-ICA-IRP-ELA-FIXED-4-COMBINED" uniqueid="(SBAC)SBAC-ICA-IRP-ELA-FIXED-4-COMBINED-2020-2021"/>
      </bpelement>
      <bpelement maxftitems="0" opitemcount="1" elementtype="segment" minopitems="0" maxopitems="1" ftitemcount="0" minftitems="0">
        <identifier version="3" name="SBAC-ICA-IRP-ELA-PT-4-SEG1-PT1-COMBINED" uniqueid="(SBAC)SBAC-ICA-IRP-ELA-PT-4-SEG1-PT1-COMBINED-2020-2021"/>
      </bpelement>
      <bpelement maxftitems="0" opitemcount="1" elementtype="segment" minopitems="0" maxopitems="1" ftitemcount="0" minftitems="0">
        <identifier version="3" name="SBAC-ICA-IRP-ELA-PT-4-SEG2-PT2-COMBINED" uniqueid="(SBAC)SBAC-ICA-IRP-ELA-PT-4-SEG2-PT2-COMBINED-2020-2021"/>
      </bpelement>
      <bpelement maxftitems="0" opitemcount="1" elementtype="contentlevel" minopitems="0" maxopitems="1" parentid="SBAC-4-CR" ftitemcount="0" minftitems="0">
        <identifier version="3" name="4-CR|3-4" uniqueid="SBAC-4-CR|3-4"/>
      </bpelement>
      <bpelement maxftitems="0" opitemcount="5" elementtype="contentlevel" minopitems="0" maxopitems="5" parentid="SBAC-3-L" ftitemcount="0" minftitems="0">
        <identifier version="3" name="3-L|4-4" uniqueid="SBAC-3-L|4-4"/>
      </bpelement>
      <bpelement maxftitems="0" opitemcount="1" elementtype="contentlevel" minopitems="0" maxopitems="1" parentid="SBAC-4-CR" ftitemcount="0" minftitems="0">
        <identifier version="3" name="4-CR|4-4" uniqueid="SBAC-4-CR|4-4"/>
      </bpelement>
      <bpelement maxftitems="0" opitemcount="1" elementtype="contentlevel" minopitems="0" maxopitems="1" parentid="SBAC-4-CR|4-4" ftitemcount="0" minftitems="0">
        <identifier version="3" name="4-CR|4-4|4.W.9" uniqueid="SBAC-4-CR|4-4|4.W.9"/>
      </bpelement>
      <bpelement maxftitems="0" opitemcount="1" elementtype="contentlevel" minopitems="0" maxopitems="1" parentid="SBAC-1-LT|4-4" ftitemcount="0" minftitems="0">
        <identifier version="3" name="1-LT|4-4|4.RL.3" uniqueid="SBAC-1-LT|4-4|4.RL.3"/>
      </bpelement>
      <bpelement maxftitems="0" opitemcount="2" elementtype="contentlevel" minopitems="0" maxopitems="2" parentid="SBAC-4-CR" ftitemcount="0" minftitems="0">
        <identifier version="3" name="4-CR|2-4" uniqueid="SBAC-4-CR|2-4"/>
      </bpelement>
      <bpelement maxftitems="0" opitemcount="1" elementtype="contentlevel" minopitems="0" maxopitems="1" parentid="SBAC-2-W|9-4" ftitemcount="0" minftitems="0">
        <identifier version="3" name="2-W|9-4|4.L.2" uniqueid="SBAC-2-W|9-4|4.L.2"/>
      </bpelement>
      <bpelement maxftitems="0" opitemcount="1" elementtype="contentlevel" minopitems="0" maxopitems="1" parentid="SBAC-1-IT" ftitemcount="0" minftitems="0">
        <identifier version="3" name="1-IT|10-4" uniqueid="SBAC-1-IT|10-4"/>
      </bpelement>
      <bpelement maxftitems="0" opitemcount="1" elementtype="contentlevel" minopitems="0" maxopitems="1" parentid="SBAC-2-W|2-4" ftitemcount="0" minftitems="0">
        <identifier version="3" name="2-W|2-4|4.W.3a" uniqueid="SBAC-2-W|2-4|4.W.3a"/>
      </bpelement>
      <bpelement maxftitems="0" opitemcount="4" elementtype="strand" minopitems="0" maxopitems="4" ftitemcount="0" minftitems="0">
        <identifier version="3" name="1-IT" uniqueid="SBAC-1-IT"/>
      </bpelement>
      <bpelement maxftitems="0" opitemcount="2" elementtype="contentlevel" minopitems="0" maxopitems="2" parentid="SBAC-1-IT|9-4" ftitemcount="0" minftitems="0">
        <identifier version="3" name="1-IT|9-4|4.RI.2" uniqueid="SBAC-1-IT|9-4|4.RI.2"/>
      </bpelement>
      <bpelement maxftitems="0" opitemcount="1" elementtype="contentlevel" minopitems="0" maxopitems="1" parentid="SBAC-2-W|3-4" ftitemcount="0" minftitems="0">
        <identifier version="3" name="2-W|3-4|4.W.2c" uniqueid="SBAC-2-W|3-4|4.W.2c"/>
      </bpelement>
      <bpelement maxftitems="0" opitemcount="1" elementtype="contentlevel" minopitems="0" maxopitems="1" parentid="SBAC-1-IT" ftitemcount="0" minftitems="0">
        <identifier version="3" name="1-IT|8-4" uniqueid="SBAC-1-IT|8-4"/>
      </bpelement>
      <bpelement maxftitems="0" opitemcount="2" elementtype="contentlevel" minopitems="0" maxopitems="2" parentid="SBAC-1-IT" ftitemcount="0" minftitems="0">
        <identifier version="3" name="1-IT|9-4" uniqueid="SBAC-1-IT|9-4"/>
      </bpelement>
      <bpelement maxftitems="0" opitemcount="1" elementtype="contentlevel" minopitems="0" maxopitems="1" parentid="SBAC-1-LT" ftitemcount="0" minftitems="0">
        <identifier version="3" name="1-LT|4-4" uniqueid="SBAC-1-LT|4-4"/>
      </bpelement>
      <bpelement maxftitems="0" opitemcount="1" elementtype="contentlevel" minopitems="0" maxopitems="1" parentid="SBAC-2-W" ftitemcount="0" minftitems="0">
        <identifier version="3" name="2-W|6-4" uniqueid="SBAC-2-W|6-4"/>
      </bpelement>
      <bpelement maxftitems="0" opitemcount="2" elementtype="contentlevel" minopitems="0" maxopitems="2" parentid="SBAC-4-CR|2-4" ftitemcount="0" minftitems="0">
        <identifier version="3" name="4-CR|2-4|4.W.8" uniqueid="SBAC-4-CR|2-4|4.W.8"/>
      </bpelement>
      <bpelement maxftitems="0" opitemcount="1" elementtype="contentlevel" minopitems="0" maxopitems="1" parentid="SBAC-2-W" ftitemcount="0" minftitems="0">
        <identifier version="3" name="2-W|8-4" uniqueid="SBAC-2-W|8-4"/>
      </bpelement>
      <bpelement maxftitems="0" opitemcount="1" elementtype="contentlevel" minopitems="0" maxopitems="1" parentid="SBAC-2-W" ftitemcount="0" minftitems="0">
        <identifier version="3" name="2-W|1-4" uniqueid="SBAC-2-W|1-4"/>
      </bpelement>
      <bpelement maxftitems="0" opitemcount="1" elementtype="contentlevel" minopitems="0" maxopitems="1" parentid="SBAC-2-W" ftitemcount="0" minftitems="0">
        <identifier version="3" name="2-W|2-4" uniqueid="SBAC-2-W|2-4"/>
      </bpelement>
      <bpelement maxftitems="0" opitemcount="1" elementtype="contentlevel" minopitems="0" maxopitems="1" parentid="SBAC-2-W" ftitemcount="0" minftitems="0">
        <identifier version="3" name="2-W|3-4" uniqueid="SBAC-2-W|3-4"/>
      </bpelement>
      <bpelement maxftitems="0" opitemcount="1" elementtype="contentlevel" minopitems="0" maxopitems="1" parentid="SBAC-4-CR|3-4" ftitemcount="0" minftitems="0">
        <identifier version="3" name="4-CR|3-4|4.W.8" uniqueid="SBAC-4-CR|3-4|4.W.8"/>
      </bpelement>
      <bpelement maxftitems="0" opitemcount="1" elementtype="contentlevel" minopitems="0" maxopitems="1" parentid="SBAC-2-W" ftitemcount="0" minftitems="0">
        <identifier version="3" name="2-W|9-4" uniqueid="SBAC-2-W|9-4"/>
      </bpelement>
      <bpelement maxftitems="0" opitemcount="1" elementtype="contentlevel" minopitems="0" maxopitems="1" parentid="SBAC-2-W|8-4" ftitemcount="0" minftitems="0">
        <identifier version="3" name="2-W|8-4|4.W.2d" uniqueid="SBAC-2-W|8-4|4.W.2d"/>
      </bpelement>
      <bpelement maxftitems="0" opitemcount="1" elementtype="contentlevel" minopitems="0" maxopitems="1" parentid="SBAC-2-W|1-4" ftitemcount="0" minftitems="0">
        <identifier version="3" name="2-W|1-4|4.W.3b" uniqueid="SBAC-2-W|1-4|4.W.3b"/>
      </bpelement>
      <bpelement maxftitems="0" opitemcount="1" elementtype="contentlevel" minopitems="0" maxopitems="1" parentid="SBAC-1-IT|8-4" ftitemcount="0" minftitems="0">
        <identifier version="3" name="1-IT|8-4|4.RI.1" uniqueid="SBAC-1-IT|8-4|4.RI.1"/>
      </bpelement>
      <bpelement maxftitems="0" opitemcount="4" elementtype="strand" minopitems="0" maxopitems="4" ftitemcount="0" minftitems="0">
        <identifier version="3" name="4-CR" uniqueid="SBAC-4-CR"/>
      </bpelement>
      <bpelement maxftitems="0" opitemcount="1" elementtype="strand" minopitems="0" maxopitems="1" ftitemcount="0" minftitems="0">
        <identifier version="3" name="1-LT" uniqueid="SBAC-1-LT"/>
      </bpelement>
      <bpelement maxftitems="0" opitemcount="5" elementtype="strand" minopitems="0" maxopitems="5" ftitemcount="0" minftitems="0">
        <identifier version="3" name="3-L" uniqueid="SBAC-3-L"/>
      </bpelement>
      <bpelement maxftitems="0" opitemcount="1" elementtype="contentlevel" minopitems="0" maxopitems="1" parentid="SBAC-2-W|6-4" ftitemcount="0" minftitems="0">
        <identifier version="3" name="2-W|6-4|4.W.1b" uniqueid="SBAC-2-W|6-4|4.W.1b"/>
      </bpelement>
      <bpelement maxftitems="0" opitemcount="4" elementtype="contentlevel" minopitems="0" maxopitems="4" parentid="SBAC-3-L|4-4" ftitemcount="0" minftitems="0">
        <identifier version="3" name="3-L|4-4|4.SL.2" uniqueid="SBAC-3-L|4-4|4.SL.2"/>
      </bpelement>
      <bpelement maxftitems="0" opitemcount="1" elementtype="contentlevel" minopitems="0" maxopitems="1" parentid="SBAC-3-L|4-4" ftitemcount="0" minftitems="0">
        <identifier version="3" name="3-L|4-4|4.SL.3" uniqueid="SBAC-3-L|4-4|4.SL.3"/>
      </bpelement>
      <bpelement maxftitems="0" opitemcount="6" elementtype="strand" minopitems="0" maxopitems="6" ftitemcount="0" minftitems="0">
        <identifier version="3" name="2-W" uniqueid="SBAC-2-W"/>
      </bpelement>
      <bpelement maxftitems="0" opitemcount="1" elementtype="contentlevel" minopitems="0" maxopitems="1" parentid="SBAC-1-IT|10-4" ftitemcount="0" minftitems="0">
        <identifier version="3" name="1-IT|10-4|4.RI.4" uniqueid="SBAC-1-IT|10-4|4.RI.4"/>
      </bpelement>
    </testblueprint>
    <itempool>
      <passage filename="stim-200-193775.xml">
        <identifier version="3" uniqueid="200-193775"/>
      </passage>
      <passage filename="stim-200-193779.xml">
        <identifier version="3" uniqueid="200-193779"/>
      </passage>
      <passage filename="stim-200-193773.xml">
        <identifier version="3" uniqueid="200-193773"/>
      </passage>
      <passage filename="stim-200-171000.xml">
        <identifier version="3" uniqueid="200-171000"/>
      </passage>
      <passage filename="stim-200-171819.xml">
        <identifier version="3" uniqueid="200-171819"/>
      </passage>
      <testitem itemtype="MC" filename="item-200-123964.xml">
        <identifier version="3" uniqueid="200-123964"/>
        <bpref>(SBAC)SBAC-ICA-IRP-ELA-FIXED-4-COMBINED-2020-2021</bpref>
        <bpref>SBAC-2-W</bpref>
        <bpref>SBAC-2-W|6-4</bpref>
        <bpref>SBAC-2-W|6-4|4.W.1b</bpref>
        <poolproperty label="English" value="ENU" property="Language"/>
        <poolproperty label="Braille" value="ENU-Braille" property="Language"/>
        <poolproperty label="ItemType = MC" value="MC" property="--ITEMTYPE--"/>
        <poolproperty label="Answer Key = D" value="D" property="Answer Key"/>
        <poolproperty label="ASL = N" value="N" property="ASL"/>
        <poolproperty label="Braille = BRF" value="BRF" property="Braille"/>
        <poolproperty label="Depth of Knowledge = 2" value="2" property="Depth of Knowledge"/>
        <poolproperty label="Grade = 4" value="4" property="Grade"/>
        <poolproperty label="Scoring Engine = Automatic with Key" value="Automatic with Key" property="Scoring Engine"/>
        <itemscoredimension measurementmodel="IRT3PLn" weight="1.0" scorepoints="1">
          <itemscoreparameter value="0.4959" measurementparameter="a"/>
          <itemscoreparameter value="-0.3736" measurementparameter="b"/>
          <itemscoreparameter value="0.0" measurementparameter="c"/>
        </itemscoredimension>
      </testitem>
      <testitem itemtype="MC" filename="item-200-182823.xml">
        <identifier version="3" uniqueid="200-182823"/>
        <bpref>(SBAC)SBAC-ICA-IRP-ELA-FIXED-4-COMBINED-2020-2021</bpref>
        <bpref>SBAC-2-W</bpref>
        <bpref>SBAC-2-W|1-4</bpref>
        <bpref>SBAC-2-W|1-4|4.W.3b</bpref>
        <poolproperty label="English" value="ENU" property="Language"/>
        <poolproperty label="Braille" value="ENU-Braille" property="Language"/>
        <poolproperty label="ItemType = MC" value="MC" property="--ITEMTYPE--"/>
        <poolproperty label="Answer Key = B" value="B" property="Answer Key"/>
        <poolproperty label="ASL = N" value="N" property="ASL"/>
        <poolproperty label="Braille = BRF" value="BRF" property="Braille"/>
        <poolproperty label="Depth of Knowledge = 2" value="2" property="Depth of Knowledge"/>
        <poolproperty label="Grade = 4" value="4" property="Grade"/>
        <poolproperty label="Scoring Engine = Automatic with Key" value="Automatic with Key" property="Scoring Engine"/>
        <itemscoredimension measurementmodel="IRT3PLn" weight="1.0" scorepoints="1">
          <itemscoreparameter value="0.4689" measurementparameter="a"/>
          <itemscoreparameter value="-2.75108" measurementparameter="b"/>
          <itemscoreparameter value="0.0" measurementparameter="c"/>
        </itemscoredimension>
      </testitem>
      <testitem itemtype="EBSR" filename="item-200-182828.xml">
        <identifier version="3" uniqueid="200-182828"/>
        <bpref>(SBAC)SBAC-ICA-IRP-ELA-FIXED-4-COMBINED-2020-2021</bpref>
        <bpref>SBAC-3-L</bpref>
        <bpref>SBAC-3-L|4-4</bpref>
        <bpref>SBAC-3-L|4-4|4.SL.3</bpref>
        <passageref>200-193773</passageref>
        <poolproperty label="English" value="ENU" property="Language"/>
        <poolproperty label="Braille" value="ENU-Braille" property="Language"/>
        <poolproperty label="ItemType = EBSR" value="EBSR" property="--ITEMTYPE--"/>
        <poolproperty label="Answer Key = B" value="B" property="Answer Key"/>
        <poolproperty label="Answer Key (Part II) = D" value="D" property="Answer Key (Part II)"/>
        <poolproperty label="ASL = Y" value="Y" property="ASL"/>
        <poolproperty label="Braille = BRF" value="BRF" property="Braille"/>
        <poolproperty label="Depth of Knowledge = 3" value="3" property="Depth of Knowledge"/>
        <poolproperty label="Grade = 4" value="4" property="Grade"/>
        <poolproperty label="Scoring Engine = Automatic with Key(s)" value="Automatic with Key(s)" property="Scoring Engine"/>
        <itemscoredimension measurementmodel="IRT3PLn" weight="1.0" scorepoints="1">
          <itemscoreparameter value="0.46486" measurementparameter="a"/>
          <itemscoreparameter value="2.23086" measurementparameter="b"/>
          <itemscoreparameter value="0.0" measurementparameter="c"/>
        </itemscoredimension>
      </testitem>
      <testitem itemtype="MI" filename="item-200-182830.xml">
        <identifier version="3" uniqueid="200-182830"/>
        <bpref>(SBAC)SBAC-ICA-IRP-ELA-FIXED-4-COMBINED-2020-2021</bpref>
        <bpref>SBAC-3-L</bpref>
        <bpref>SBAC-3-L|4-4</bpref>
        <bpref>SBAC-3-L|4-4|4.SL.2</bpref>
        <passageref>200-193773</passageref>
        <poolproperty label="English" value="ENU" property="Language"/>
        <poolproperty label="Braille" value="ENU-Braille" property="Language"/>
        <poolproperty label="ItemType = MI" value="MI" property="--ITEMTYPE--"/>
        <poolproperty label="Answer Key = MI" value="MI" property="Answer Key"/>
        <poolproperty label="ASL = Y" value="Y" property="ASL"/>
        <poolproperty label="Braille = BRF" value="BRF" property="Braille"/>
        <poolproperty label="Depth of Knowledge = 1" value="1" property="Depth of Knowledge"/>
        <poolproperty label="Grade = 4" value="4" property="Grade"/>
        <poolproperty label="Scoring Engine = Automatic with Machine Rubric" value="Automatic with Machine Rubric" property="Scoring Engine"/>
        <itemscoredimension measurementmodel="IRT3PLn" weight="1.0" scorepoints="1">
          <itemscoreparameter value="0.56022" measurementparameter="a"/>
          <itemscoreparameter value="-0.50117" measurementparameter="b"/>
          <itemscoreparameter value="0.0" measurementparameter="c"/>
        </itemscoredimension>
      </testitem>
      <testitem itemtype="HTQ" filename="item-200-182835.xml">
        <identifier version="3" uniqueid="200-182835"/>
        <bpref>(SBAC)SBAC-ICA-IRP-ELA-FIXED-4-COMBINED-2020-2021</bpref>
        <bpref>SBAC-2-W</bpref>
        <bpref>SBAC-2-W|8-4</bpref>
        <bpref>SBAC-2-W|8-4|4.W.2d</bpref>
        <poolproperty label="English" value="ENU" property="Language"/>
        <poolproperty label="Braille" value="ENU-Braille" property="Language"/>
        <poolproperty label="ItemType = HTQ" value="HTQ" property="--ITEMTYPE--"/>
        <poolproperty label="Answer Key = HTQ" value="HTQ" property="Answer Key"/>
        <poolproperty label="ASL = N" value="N" property="ASL"/>
        <poolproperty label="Braille = BRF" value="BRF" property="Braille"/>
        <poolproperty label="Depth of Knowledge = 1" value="1" property="Depth of Knowledge"/>
        <poolproperty label="Grade = 4" value="4" property="Grade"/>
        <poolproperty label="Scoring Engine = Automatic with Machine Rubric" value="Automatic with Machine Rubric" property="Scoring Engine"/>
        <itemscoredimension measurementmodel="IRT3PLn" weight="1.0" scorepoints="1">
          <itemscoreparameter value="0.7789" measurementparameter="a"/>
          <itemscoreparameter value="0.31602" measurementparameter="b"/>
          <itemscoreparameter value="0.0" measurementparameter="c"/>
        </itemscoredimension>
      </testitem>
      <testitem itemtype="HTQ" filename="item-200-182851.xml">
        <identifier version="3" uniqueid="200-182851"/>
        <bpref>(SBAC)SBAC-ICA-IRP-ELA-FIXED-4-COMBINED-2020-2021</bpref>
        <bpref>SBAC-1-IT</bpref>
        <bpref>SBAC-1-IT|8-4</bpref>
        <bpref>SBAC-1-IT|8-4|4.RI.1</bpref>
        <passageref>200-193775</passageref>
        <poolproperty label="English" value="ENU" property="Language"/>
        <poolproperty label="Braille" value="ENU-Braille" property="Language"/>
        <poolproperty label="ItemType = HTQ" value="HTQ" property="--ITEMTYPE--"/>
        <poolproperty label="Answer Key = HTQ" value="HTQ" property="Answer Key"/>
        <poolproperty label="ASL = N" value="N" property="ASL"/>
        <poolproperty label="Braille = BRF" value="BRF" property="Braille"/>
        <poolproperty label="Depth of Knowledge = 2" value="2" property="Depth of Knowledge"/>
        <poolproperty label="Grade = 4" value="4" property="Grade"/>
        <poolproperty label="Scoring Engine = Automatic with Machine Rubric" value="Automatic with Machine Rubric" property="Scoring Engine"/>
        <itemscoredimension measurementmodel="IRT3PLn" weight="1.0" scorepoints="1">
          <itemscoreparameter value="0.79647" measurementparameter="a"/>
          <itemscoreparameter value="0.83865" measurementparameter="b"/>
          <itemscoreparameter value="0.0" measurementparameter="c"/>
        </itemscoredimension>
      </testitem>
      <testitem itemtype="MS" filename="item-200-182852.xml">
        <identifier version="3" uniqueid="200-182852"/>
        <bpref>(SBAC)SBAC-ICA-IRP-ELA-FIXED-4-COMBINED-2020-2021</bpref>
        <bpref>SBAC-1-IT</bpref>
        <bpref>SBAC-1-IT|9-4</bpref>
        <bpref>SBAC-1-IT|9-4|4.RI.2</bpref>
        <passageref>200-193775</passageref>
        <poolproperty label="English" value="ENU" property="Language"/>
        <poolproperty label="Braille" value="ENU-Braille" property="Language"/>
        <poolproperty label="ItemType = MS" value="MS" property="--ITEMTYPE--"/>
        <poolproperty label="Answer Key = D,F" value="D,F" property="Answer Key"/>
        <poolproperty label="ASL = N" value="N" property="ASL"/>
        <poolproperty label="Braille = BRF" value="BRF" property="Braille"/>
        <poolproperty label="Depth of Knowledge = 2" value="2" property="Depth of Knowledge"/>
        <poolproperty label="Grade = 4" value="4" property="Grade"/>
        <poolproperty label="Scoring Engine = Automatic with Key(s)" value="Automatic with Key(s)" property="Scoring Engine"/>
        <itemscoredimension measurementmodel="IRT3PLn" weight="1.0" scorepoints="1">
          <itemscoreparameter value="0.50207" measurementparameter="a"/>
          <itemscoreparameter value="2.37178" measurementparameter="b"/>
          <itemscoreparameter value="0.0" measurementparameter="c"/>
        </itemscoredimension>
      </testitem>
      <testitem itemtype="HTQ" filename="item-200-182854.xml">
        <identifier version="3" uniqueid="200-182854"/>
        <bpref>(SBAC)SBAC-ICA-IRP-ELA-FIXED-4-COMBINED-2020-2021</bpref>
        <bpref>SBAC-1-IT</bpref>
        <bpref>SBAC-1-IT|9-4</bpref>
        <bpref>SBAC-1-IT|9-4|4.RI.2</bpref>
        <passageref>200-193775</passageref>
        <poolproperty label="English" value="ENU" property="Language"/>
        <poolproperty label="Braille" value="ENU-Braille" property="Language"/>
        <poolproperty label="ItemType = HTQ" value="HTQ" property="--ITEMTYPE--"/>
        <poolproperty label="Answer Key = HTQ" value="HTQ" property="Answer Key"/>
        <poolproperty label="ASL = N" value="N" property="ASL"/>
        <poolproperty label="Braille = BRF" value="BRF" property="Braille"/>
        <poolproperty label="Depth of Knowledge = 2" value="2" property="Depth of Knowledge"/>
        <poolproperty label="Grade = 4" value="4" property="Grade"/>
        <poolproperty label="Scoring Engine = Automatic with Machine Rubric" value="Automatic with Machine Rubric" property="Scoring Engine"/>
        <itemscoredimension measurementmodel="IRT3PLn" weight="1.0" scorepoints="1">
          <itemscoreparameter value="0.61973" measurementparameter="a"/>
          <itemscoreparameter value="1.56784" measurementparameter="b"/>
          <itemscoreparameter value="0.0" measurementparameter="c"/>
        </itemscoredimension>
      </testitem>
      <testitem itemtype="MC" filename="item-200-182856.xml">
        <identifier version="3" uniqueid="200-182856"/>
        <bpref>(SBAC)SBAC-ICA-IRP-ELA-FIXED-4-COMBINED-2020-2021</bpref>
        <bpref>SBAC-1-IT</bpref>
        <bpref>SBAC-1-IT|10-4</bpref>
        <bpref>SBAC-1-IT|10-4|4.RI.4</bpref>
        <passageref>200-193775</passageref>
        <poolproperty label="English" value="ENU" property="Language"/>
        <poolproperty label="Braille" value="ENU-Braille" property="Language"/>
        <poolproperty label="ItemType = MC" value="MC" property="--ITEMTYPE--"/>
        <poolproperty label="Answer Key = D" value="D" property="Answer Key"/>
        <poolproperty label="ASL = N" value="N" property="ASL"/>
        <poolproperty label="Braille = BRF" value="BRF" property="Braille"/>
        <poolproperty label="Depth of Knowledge = 2" value="2" property="Depth of Knowledge"/>
        <poolproperty label="Grade = 4" value="4" property="Grade"/>
        <poolproperty label="Scoring Engine = Automatic with Key" value="Automatic with Key" property="Scoring Engine"/>
        <itemscoredimension measurementmodel="IRT3PLn" weight="1.0" scorepoints="1">
          <itemscoreparameter value="0.8129" measurementparameter="a"/>
          <itemscoreparameter value="-1.17706" measurementparameter="b"/>
          <itemscoreparameter value="0.0" measurementparameter="c"/>
        </itemscoredimension>
      </testitem>
      <testitem itemtype="MC" filename="item-200-182872.xml">
        <identifier version="3" uniqueid="200-182872"/>
        <bpref>(SBAC)SBAC-ICA-IRP-ELA-FIXED-4-COMBINED-2020-2021</bpref>
        <bpref>SBAC-4-CR</bpref>
        <bpref>SBAC-4-CR|2-4</bpref>
        <bpref>SBAC-4-CR|2-4|4.W.8</bpref>
        <poolproperty label="English" value="ENU" property="Language"/>
        <poolproperty label="Braille" value="ENU-Braille" property="Language"/>
        <poolproperty label="ItemType = MC" value="MC" property="--ITEMTYPE--"/>
        <poolproperty label="Answer Key = D" value="D" property="Answer Key"/>
        <poolproperty label="ASL = N" value="N" property="ASL"/>
        <poolproperty label="Braille = BRF" value="BRF" property="Braille"/>
        <poolproperty label="Depth of Knowledge = 2" value="2" property="Depth of Knowledge"/>
        <poolproperty label="Grade = 4" value="4" property="Grade"/>
        <poolproperty label="Scoring Engine = Automatic with Key" value="Automatic with Key" property="Scoring Engine"/>
        <itemscoredimension measurementmodel="IRT3PLn" weight="1.0" scorepoints="1">
          <itemscoreparameter value="0.23747" measurementparameter="a"/>
          <itemscoreparameter value="0.5217" measurementparameter="b"/>
          <itemscoreparameter value="0.0" measurementparameter="c"/>
        </itemscoredimension>
      </testitem>
      <testitem itemtype="MS" filename="item-200-182874.xml">
        <identifier version="3" uniqueid="200-182874"/>
        <bpref>(SBAC)SBAC-ICA-IRP-ELA-FIXED-4-COMBINED-2020-2021</bpref>
        <bpref>SBAC-4-CR</bpref>
        <bpref>SBAC-4-CR|4-4</bpref>
        <bpref>SBAC-4-CR|4-4|4.W.9</bpref>
        <poolproperty label="English" value="ENU" property="Language"/>
        <poolproperty label="Braille" value="ENU-Braille" property="Language"/>
        <poolproperty label="ItemType = MS" value="MS" property="--ITEMTYPE--"/>
        <poolproperty label="Answer Key = D,F" value="D,F" property="Answer Key"/>
        <poolproperty label="ASL = N" value="N" property="ASL"/>
        <poolproperty label="Braille = BRF" value="BRF" property="Braille"/>
        <poolproperty label="Depth of Knowledge = 2" value="2" property="Depth of Knowledge"/>
        <poolproperty label="Grade = 4" value="4" property="Grade"/>
        <poolproperty label="Scoring Engine = Automatic with Key(s)" value="Automatic with Key(s)" property="Scoring Engine"/>
        <itemscoredimension measurementmodel="IRT3PLn" weight="1.0" scorepoints="1">
          <itemscoreparameter value="0.53274" measurementparameter="a"/>
          <itemscoreparameter value="1.31486" measurementparameter="b"/>
          <itemscoreparameter value="0.0" measurementparameter="c"/>
        </itemscoredimension>
      </testitem>
      <testitem itemtype="EBSR" filename="item-200-182899.xml">
        <identifier version="3" uniqueid="200-182899"/>
        <bpref>(SBAC)SBAC-ICA-IRP-ELA-FIXED-4-COMBINED-2020-2021</bpref>
        <bpref>SBAC-1-LT</bpref>
        <bpref>SBAC-1-LT|4-4</bpref>
        <bpref>SBAC-1-LT|4-4|4.RL.3</bpref>
        <passageref>200-193779</passageref>
        <poolproperty label="English" value="ENU" property="Language"/>
        <poolproperty label="Braille" value="ENU-Braille" property="Language"/>
        <poolproperty label="ItemType = EBSR" value="EBSR" property="--ITEMTYPE--"/>
        <poolproperty label="Answer Key = D" value="D" property="Answer Key"/>
        <poolproperty label="Answer Key (Part II) = B" value="B" property="Answer Key (Part II)"/>
        <poolproperty label="ASL = N" value="N" property="ASL"/>
        <poolproperty label="Braille = BRF" value="BRF" property="Braille"/>
        <poolproperty label="Depth of Knowledge = 3" value="3" property="Depth of Knowledge"/>
        <poolproperty label="Grade = 4" value="4" property="Grade"/>
        <poolproperty label="Scoring Engine = Automatic with Key(s)" value="Automatic with Key(s)" property="Scoring Engine"/>
        <itemscoredimension measurementmodel="IRT3PLn" weight="1.0" scorepoints="1">
          <itemscoreparameter value="0.6651" measurementparameter="a"/>
          <itemscoreparameter value="-0.25892" measurementparameter="b"/>
          <itemscoreparameter value="0.0" measurementparameter="c"/>
        </itemscoredimension>
      </testitem>
      <testitem itemtype="MS" filename="item-200-182913.xml">
        <identifier version="3" uniqueid="200-182913"/>
        <bpref>(SBAC)SBAC-ICA-IRP-ELA-FIXED-4-COMBINED-2020-2021</bpref>
        <bpref>SBAC-2-W</bpref>
        <bpref>SBAC-2-W|3-4</bpref>
        <bpref>SBAC-2-W|3-4|4.W.2c</bpref>
        <poolproperty label="English" value="ENU" property="Language"/>
        <poolproperty label="Braille" value="ENU-Braille" property="Language"/>
        <poolproperty label="ItemType = MS" value="MS" property="--ITEMTYPE--"/>
        <poolproperty label="Answer Key = A,D" value="A,D" property="Answer Key"/>
        <poolproperty label="ASL = N" value="N" property="ASL"/>
        <poolproperty label="Braille = BRF" value="BRF" property="Braille"/>
        <poolproperty label="Depth of Knowledge = 2" value="2" property="Depth of Knowledge"/>
        <poolproperty label="Grade = 4" value="4" property="Grade"/>
        <poolproperty label="Scoring Engine = Automatic with Key(s)" value="Automatic with Key(s)" property="Scoring Engine"/>
        <itemscoredimension measurementmodel="IRT3PLn" weight="1.0" scorepoints="1">
          <itemscoreparameter value="0.67968" measurementparameter="a"/>
          <itemscoreparameter value="1.38652" measurementparameter="b"/>
          <itemscoreparameter value="0.0" measurementparameter="c"/>
        </itemscoredimension>
      </testitem>
      <testitem itemtype="MS" filename="item-200-182928.xml">
        <identifier version="3" uniqueid="200-182928"/>
        <bpref>(SBAC)SBAC-ICA-IRP-ELA-FIXED-4-COMBINED-2020-2021</bpref>
        <bpref>SBAC-4-CR</bpref>
        <bpref>SBAC-4-CR|3-4</bpref>
        <bpref>SBAC-4-CR|3-4|4.W.8</bpref>
        <poolproperty label="English" value="ENU" property="Language"/>
        <poolproperty label="Braille" value="ENU-Braille" property="Language"/>
        <poolproperty label="ItemType = MS" value="MS" property="--ITEMTYPE--"/>
        <poolproperty label="Answer Key = D,F" value="D,F" property="Answer Key"/>
        <poolproperty label="ASL = N" value="N" property="ASL"/>
        <poolproperty label="Braille = BRF" value="BRF" property="Braille"/>
        <poolproperty label="Depth of Knowledge = 2" value="2" property="Depth of Knowledge"/>
        <poolproperty label="Grade = 4" value="4" property="Grade"/>
        <poolproperty label="Scoring Engine = Automatic with Key(s)" value="Automatic with Key(s)" property="Scoring Engine"/>
        <itemscoredimension measurementmodel="IRT3PLn" weight="1.0" scorepoints="1">
          <itemscoreparameter value="0.98548" measurementparameter="a"/>
          <itemscoreparameter value="0.22918" measurementparameter="b"/>
          <itemscoreparameter value="0.0" measurementparameter="c"/>
        </itemscoredimension>
      </testitem>
      <testitem itemtype="MC" filename="item-200-33715.xml">
        <identifier version="3" uniqueid="200-33715"/>
        <bpref>(SBAC)SBAC-ICA-IRP-ELA-FIXED-4-COMBINED-2020-2021</bpref>
        <bpref>SBAC-3-L</bpref>
        <bpref>SBAC-3-L|4-4</bpref>
        <bpref>SBAC-3-L|4-4|4.SL.2</bpref>
        <passageref>200-171000</passageref>
        <poolproperty label="English" value="ENU" property="Language"/>
        <poolproperty label="Braille" value="ENU-Braille" property="Language"/>
        <poolproperty label="ItemType = MC" value="MC" property="--ITEMTYPE--"/>
        <poolproperty label="Answer Key = D" value="D" property="Answer Key"/>
        <poolproperty label="ASL = Y" value="Y" property="ASL"/>
        <poolproperty label="Braille = BRF" value="BRF" property="Braille"/>
        <poolproperty label="Depth of Knowledge = 3" value="3" property="Depth of Knowledge"/>
        <poolproperty label="Grade = 4" value="4" property="Grade"/>
        <poolproperty label="Scoring Engine = Automatic with Key" value="Automatic with Key" property="Scoring Engine"/>
        <itemscoredimension measurementmodel="IRT3PLn" weight="1.0" scorepoints="1">
          <itemscoreparameter value="0.56618" measurementparameter="a"/>
          <itemscoreparameter value="-0.69249" measurementparameter="b"/>
          <itemscoreparameter value="0.0" measurementparameter="c"/>
        </itemscoredimension>
      </testitem>
      <testitem itemtype="MS" filename="item-200-33717.xml">
        <identifier version="3" uniqueid="200-33717"/>
        <bpref>(SBAC)SBAC-ICA-IRP-ELA-FIXED-4-COMBINED-2020-2021</bpref>
        <bpref>SBAC-3-L</bpref>
        <bpref>SBAC-3-L|4-4</bpref>
        <bpref>SBAC-3-L|4-4|4.SL.2</bpref>
        <passageref>200-171000</passageref>
        <poolproperty label="English" value="ENU" property="Language"/>
        <poolproperty label="Braille" value="ENU-Braille" property="Language"/>
        <poolproperty label="ItemType = MS" value="MS" property="--ITEMTYPE--"/>
        <poolproperty label="Answer Key = A,E" value="A,E" property="Answer Key"/>
        <poolproperty label="ASL = Y" value="Y" property="ASL"/>
        <poolproperty label="Braille = BRF" value="BRF" property="Braille"/>
        <poolproperty label="Depth of Knowledge = 2" value="2" property="Depth of Knowledge"/>
        <poolproperty label="Grade = 4" value="4" property="Grade"/>
        <poolproperty label="Scoring Engine = Automatic with Key(s)" value="Automatic with Key(s)" property="Scoring Engine"/>
        <itemscoredimension measurementmodel="IRT3PLn" weight="1.0" scorepoints="1">
          <itemscoreparameter value="0.81177" measurementparameter="a"/>
          <itemscoreparameter value="-0.60221" measurementparameter="b"/>
          <itemscoreparameter value="0.0" measurementparameter="c"/>
        </itemscoredimension>
      </testitem>
      <testitem itemtype="MI" filename="item-200-33719.xml">
        <identifier version="3" uniqueid="200-33719"/>
        <bpref>(SBAC)SBAC-ICA-IRP-ELA-FIXED-4-COMBINED-2020-2021</bpref>
        <bpref>SBAC-3-L</bpref>
        <bpref>SBAC-3-L|4-4</bpref>
        <bpref>SBAC-3-L|4-4|4.SL.2</bpref>
        <passageref>200-171000</passageref>
        <poolproperty label="English" value="ENU" property="Language"/>
        <poolproperty label="Braille" value="ENU-Braille" property="Language"/>
        <poolproperty label="ItemType = MI" value="MI" property="--ITEMTYPE--"/>
        <poolproperty label="Answer Key = MI" value="MI" property="Answer Key"/>
        <poolproperty label="ASL = Y" value="Y" property="ASL"/>
        <poolproperty label="Braille = BRF" value="BRF" property="Braille"/>
        <poolproperty label="Depth of Knowledge = 1" value="1" property="Depth of Knowledge"/>
        <poolproperty label="Grade = 4" value="4" property="Grade"/>
        <poolproperty label="Scoring Engine = Automatic with Machine Rubric" value="Automatic with Machine Rubric" property="Scoring Engine"/>
        <itemscoredimension measurementmodel="IRT3PLn" weight="1.0" scorepoints="1">
          <itemscoreparameter value="0.79606" measurementparameter="a"/>
          <itemscoreparameter value="-1.12406" measurementparameter="b"/>
          <itemscoreparameter value="0.0" measurementparameter="c"/>
        </itemscoredimension>
      </testitem>
      <testitem itemtype="HTQ" filename="item-200-94357.xml">
        <identifier version="3" uniqueid="200-94357"/>
        <bpref>(SBAC)SBAC-ICA-IRP-ELA-FIXED-4-COMBINED-2020-2021</bpref>
        <bpref>SBAC-2-W</bpref>
        <bpref>SBAC-2-W|9-4</bpref>
        <bpref>SBAC-2-W|9-4|4.L.2</bpref>
        <poolproperty label="English" value="ENU" property="Language"/>
        <poolproperty label="Braille" value="ENU-Braille" property="Language"/>
        <poolproperty label="ItemType = HTQ" value="HTQ" property="--ITEMTYPE--"/>
        <poolproperty label="Answer Key = HTQ" value="HTQ" property="Answer Key"/>
        <poolproperty label="ASL = N" value="N" property="ASL"/>
        <poolproperty label="Braille = BRF" value="BRF" property="Braille"/>
        <poolproperty label="Depth of Knowledge = 1" value="1" property="Depth of Knowledge"/>
        <poolproperty label="Grade = 4" value="4" property="Grade"/>
        <poolproperty label="Scoring Engine = Automatic with Machine Rubric" value="Automatic with Machine Rubric" property="Scoring Engine"/>
        <itemscoredimension measurementmodel="IRT3PLn" weight="1.0" scorepoints="1">
          <itemscoreparameter value="0.4827" measurementparameter="a"/>
          <itemscoreparameter value="0.2941" measurementparameter="b"/>
          <itemscoreparameter value="0.0" measurementparameter="c"/>
        </itemscoredimension>
      </testitem>
      <testitem itemtype="SA" filename="item-200-61160.xml">
        <identifier version="3" uniqueid="200-61160"/>
        <bpref>(SBAC)SBAC-ICA-IRP-ELA-PT-4-SEG1-PT1-COMBINED-2020-2021</bpref>
        <bpref>SBAC-4-CR</bpref>
        <bpref>SBAC-4-CR|2-4</bpref>
        <bpref>SBAC-4-CR|2-4|4.W.8</bpref>
        <passageref>200-171819</passageref>
        <poolproperty label="English" value="ENU" property="Language"/>
        <poolproperty label="Braille" value="ENU-Braille" property="Language"/>
        <poolproperty label="ItemType = SA" value="SA" property="--ITEMTYPE--"/>
        <poolproperty label="Answer Key = SA" value="SA" property="Answer Key"/>
        <poolproperty label="ASL = N" value="N" property="ASL"/>
        <poolproperty label="Braille = BRF" value="BRF" property="Braille"/>
        <poolproperty label="Depth of Knowledge = 3" value="3" property="Depth of Knowledge"/>
        <poolproperty label="Grade = 4" value="4" property="Grade"/>
        <poolproperty label="Scoring Engine = HandScored" value="HandScored" property="Scoring Engine"/>
        <itemscoredimension measurementmodel="IRTGPC" weight="1.0" scorepoints="2">
          <itemscoreparameter value="0.71976" measurementparameter="a"/>
          <itemscoreparameter value="0.17442" measurementparameter="b0"/>
          <itemscoreparameter value="-0.12314" measurementparameter="b1"/>
        </itemscoredimension>
      </testitem>
      <testitem itemtype="WER" filename="item-200-54697.xml">
        <identifier version="3" uniqueid="200-54697"/>
        <bpref>(SBAC)SBAC-ICA-IRP-ELA-PT-4-SEG2-PT2-COMBINED-2020-2021</bpref>
        <bpref>SBAC-2-W</bpref>
        <bpref>SBAC-2-W|2-4</bpref>
        <bpref>SBAC-2-W|2-4|4.W.3a</bpref>
        <passageref>200-171819</passageref>
        <poolproperty label="English" value="ENU" property="Language"/>
        <poolproperty label="Braille" value="ENU-Braille" property="Language"/>
        <poolproperty label="ItemType = WER" value="WER" property="--ITEMTYPE--"/>
        <poolproperty label="Answer Key = WER" value="WER" property="Answer Key"/>
        <poolproperty label="ASL = N" value="N" property="ASL"/>
        <poolproperty label="Braille = BRF" value="BRF" property="Braille"/>
        <poolproperty label="Depth of Knowledge = 4" value="4" property="Depth of Knowledge"/>
        <poolproperty label="Grade = 4" value="4" property="Grade"/>
        <poolproperty label="Scoring Engine = HandScored" value="HandScored" property="Scoring Engine"/>
        <itemscoredimension measurementmodel="IRTGPC" weight="1.0" dimension="C" scorepoints="2">
          <itemscoreparameter value="0.85248" measurementparameter="a"/>
          <itemscoreparameter value="-0.13199" measurementparameter="b0"/>
          <itemscoreparameter value="0.22167" measurementparameter="b1"/>
        </itemscoredimension>
        <itemscoredimension measurementmodel="IRTGPC" weight="1.0" dimension="D" scorepoints="4">
          <itemscoreparameter value="0.48553" measurementparameter="a"/>
          <itemscoreparameter value="0.35227" measurementparameter="b0"/>
          <itemscoreparameter value="-1.06559" measurementparameter="b1"/>
          <itemscoreparameter value="0.14121" measurementparameter="b2"/>
          <itemscoreparameter value="0.9889" measurementparameter="b3"/>
        </itemscoredimension>
      </testitem>
    </itempool>
    <testform length="20">
      <identifier version="3" name="(SBAC)SBAC-ICA-IRP-COMBINED-ELA-4-2020-2021:Default-ENU-Braille" uniqueid="(SBAC)SBAC-ICA-IRP-COMBINED-ELA-4-2020-2021:Default-ENU-Braille"/>
      <property label="Braille" name="Language" value="ENU-Braille"/>
      <formpartition>
        <identifier version="3" name="Grade 4 ELA - IRP Comprehensive Assessment (ICA)::BRL COMBINED" uniqueid="200-263630717"/>
        <itemgroup formposition="1" maxresponses="0" maxitems="ALL">
          <identifier version="3" name="200-263630717:I-200-123964" uniqueid="200-263630717:I-200-123964"/>
          <groupitem blockid="A" groupposition="1" isfieldtest="false" responserequired="true" formposition="1" adminrequired="true" itemid="200-123964" isactive="true"/>
        </itemgroup>
        <itemgroup formposition="2" maxresponses="0" maxitems="ALL">
          <identifier version="3" name="200-263630717:I-200-182823" uniqueid="200-263630717:I-200-182823"/>
          <groupitem blockid="A" groupposition="1" isfieldtest="false" responserequired="true" formposition="2" adminrequired="true" itemid="200-182823" isactive="true"/>
        </itemgroup>
        <itemgroup formposition="3" maxresponses="ALL" maxitems="ALL">
          <identifier version="3" name="200-263630717:G-200-193773-0" uniqueid="200-263630717:G-200-193773-0"/>
          <passageref>200-193773</passageref>
          <groupitem blockid="A" groupposition="1" isfieldtest="false" responserequired="true" formposition="3" adminrequired="true" itemid="200-182828" isactive="true"/>
          <groupitem blockid="A" groupposition="2" isfieldtest="false" responserequired="true" formposition="4" adminrequired="true" itemid="200-182830" isactive="true"/>
        </itemgroup>
        <itemgroup formposition="4" maxresponses="0" maxitems="ALL">
          <identifier version="3" name="200-263630717:I-200-182835" uniqueid="200-263630717:I-200-182835"/>
          <groupitem blockid="A" groupposition="1" isfieldtest="false" responserequired="true" formposition="5" adminrequired="true" itemid="200-182835" isactive="true"/>
        </itemgroup>
        <itemgroup formposition="5" maxresponses="ALL" maxitems="ALL">
          <identifier version="3" name="200-263630717:G-200-193775-0" uniqueid="200-263630717:G-200-193775-0"/>
          <passageref>200-193775</passageref>
          <groupitem blockid="A" groupposition="1" isfieldtest="false" responserequired="true" formposition="6" adminrequired="true" itemid="200-182851" isactive="true"/>
          <groupitem blockid="A" groupposition="2" isfieldtest="false" responserequired="true" formposition="7" adminrequired="true" itemid="200-182852" isactive="true"/>
          <groupitem blockid="A" groupposition="3" isfieldtest="false" responserequired="true" formposition="8" adminrequired="true" itemid="200-182854" isactive="true"/>
          <groupitem blockid="A" groupposition="4" isfieldtest="false" responserequired="true" formposition="9" adminrequired="true" itemid="200-182856" isactive="true"/>
        </itemgroup>
        <itemgroup formposition="6" maxresponses="0" maxitems="ALL">
          <identifier version="3" name="200-263630717:I-200-182872" uniqueid="200-263630717:I-200-182872"/>
          <groupitem blockid="A" groupposition="1" isfieldtest="false" responserequired="true" formposition="10" adminrequired="true" itemid="200-182872" isactive="true"/>
        </itemgroup>
        <itemgroup formposition="7" maxresponses="0" maxitems="ALL">
          <identifier version="3" name="200-263630717:I-200-182874" uniqueid="200-263630717:I-200-182874"/>
          <groupitem blockid="A" groupposition="1" isfieldtest="false" responserequired="true" formposition="11" adminrequired="true" itemid="200-182874" isactive="true"/>
        </itemgroup>
        <itemgroup formposition="8" maxresponses="0" maxitems="ALL">
          <identifier version="3" name="200-263630717:G-200-193779-0" uniqueid="200-263630717:G-200-193779-0"/>
          <passageref>200-193779</passageref>
          <groupitem blockid="A" groupposition="1" isfieldtest="false" responserequired="true" formposition="12" adminrequired="true" itemid="200-182899" isactive="true"/>
        </itemgroup>
        <itemgroup formposition="9" maxresponses="0" maxitems="ALL">
          <identifier version="3" name="200-263630717:I-200-182913" uniqueid="200-263630717:I-200-182913"/>
          <groupitem blockid="A" groupposition="1" isfieldtest="false" responserequired="true" formposition="13" adminrequired="true" itemid="200-182913" isactive="true"/>
        </itemgroup>
        <itemgroup formposition="10" maxresponses="0" maxitems="ALL">
          <identifier version="3" name="200-263630717:I-200-182928" uniqueid="200-263630717:I-200-182928"/>
          <groupitem blockid="A" groupposition="1" isfieldtest="false" responserequired="true" formposition="14" adminrequired="true" itemid="200-182928" isactive="true"/>
        </itemgroup>
        <itemgroup formposition="11" maxresponses="ALL" maxitems="ALL">
          <identifier version="3" name="200-263630717:G-200-171000-0" uniqueid="200-263630717:G-200-171000-0"/>
          <passageref>200-171000</passageref>
          <groupitem blockid="A" groupposition="1" isfieldtest="false" responserequired="true" formposition="15" adminrequired="true" itemid="200-33715" isactive="true"/>
          <groupitem blockid="A" groupposition="2" isfieldtest="false" responserequired="true" formposition="16" adminrequired="true" itemid="200-33717" isactive="true"/>
          <groupitem blockid="A" groupposition="3" isfieldtest="false" responserequired="true" formposition="17" adminrequired="true" itemid="200-33719" isactive="true"/>
        </itemgroup>
        <itemgroup formposition="12" maxresponses="0" maxitems="ALL">
          <identifier version="3" name="200-263630717:I-200-94357" uniqueid="200-263630717:I-200-94357"/>
          <groupitem blockid="A" groupposition="1" isfieldtest="false" responserequired="true" formposition="18" adminrequired="true" itemid="200-94357" isactive="true"/>
        </itemgroup>
      </formpartition>
      <formpartition>
        <identifier version="3" name="Grade 4 ELA - Performance Task - IRP - PT1 (ICA)::BRL COMBINED" uniqueid="200-848323841"/>
        <itemgroup formposition="1" maxresponses="0" maxitems="ALL">
          <identifier version="3" name="200-848323841:G-200-171819-1" uniqueid="200-848323841:G-200-171819-1"/>
          <passageref>200-171819</passageref>
          <groupitem blockid="A" groupposition="1" isfieldtest="false" responserequired="true" formposition="1" adminrequired="true" itemid="200-61160" isactive="true"/>
        </itemgroup>
      </formpartition>
      <formpartition>
        <identifier version="3" name="Grade 4 ELA - Performance Task - IRP - PT2 (ICA)::BRL COMBINED" uniqueid="200-977406560"/>
        <itemgroup formposition="1" maxresponses="0" maxitems="ALL">
          <identifier version="3" name="200-977406560:G-200-171819-2" uniqueid="200-977406560:G-200-171819-2"/>
          <passageref>200-171819</passageref>
          <groupitem blockid="A" groupposition="1" isfieldtest="false" responserequired="true" formposition="1" adminrequired="true" itemid="200-54697" isactive="true"/>
        </itemgroup>
      </formpartition>
    </testform>
    <testform length="20">
      <identifier version="3" name="(SBAC)SBAC-ICA-IRP-COMBINED-ELA-4-2020-2021:Default-ENU" uniqueid="(SBAC)SBAC-ICA-IRP-COMBINED-ELA-4-2020-2021:Default-ENU"/>
      <property label="English" name="Language" value="ENU"/>
      <formpartition>
        <identifier version="3" name="Grade 4 ELA - IRP Comprehensive Assessment (ICA)::ENU COMBINED" uniqueid="200-263633485"/>
        <itemgroup formposition="1" maxresponses="0" maxitems="ALL">
          <identifier version="3" name="200-263633485:I-200-123964" uniqueid="200-263633485:I-200-123964"/>
          <groupitem blockid="A" groupposition="1" isfieldtest="false" responserequired="true" formposition="1" adminrequired="true" itemid="200-123964" isactive="true"/>
        </itemgroup>
        <itemgroup formposition="2" maxresponses="0" maxitems="ALL">
          <identifier version="3" name="200-263633485:I-200-182823" uniqueid="200-263633485:I-200-182823"/>
          <groupitem blockid="A" groupposition="1" isfieldtest="false" responserequired="true" formposition="2" adminrequired="true" itemid="200-182823" isactive="true"/>
        </itemgroup>
        <itemgroup formposition="3" maxresponses="ALL" maxitems="ALL">
          <identifier version="3" name="200-263633485:G-200-193773-0" uniqueid="200-263633485:G-200-193773-0"/>
          <passageref>200-193773</passageref>
          <groupitem blockid="A" groupposition="1" isfieldtest="false" responserequired="true" formposition="3" adminrequired="true" itemid="200-182828" isactive="true"/>
          <groupitem blockid="A" groupposition="2" isfieldtest="false" responserequired="true" formposition="4" adminrequired="true" itemid="200-182830" isactive="true"/>
        </itemgroup>
        <itemgroup formposition="4" maxresponses="0" maxitems="ALL">
          <identifier version="3" name="200-263633485:I-200-182835" uniqueid="200-263633485:I-200-182835"/>
          <groupitem blockid="A" groupposition="1" isfieldtest="false" responserequired="true" formposition="5" adminrequired="true" itemid="200-182835" isactive="true"/>
        </itemgroup>
        <itemgroup formposition="5" maxresponses="ALL" maxitems="ALL">
          <identifier version="3" name="200-263633485:G-200-193775-0" uniqueid="200-263633485:G-200-193775-0"/>
          <passageref>200-193775</passageref>
          <groupitem blockid="A" groupposition="1" isfieldtest="false" responserequired="true" formposition="6" adminrequired="true" itemid="200-182851" isactive="true"/>
          <groupitem blockid="A" groupposition="2" isfieldtest="false" responserequired="true" formposition="7" adminrequired="true" itemid="200-182852" isactive="true"/>
          <groupitem blockid="A" groupposition="3" isfieldtest="false" responserequired="true" formposition="8" adminrequired="true" itemid="200-182854" isactive="true"/>
          <groupitem blockid="A" groupposition="4" isfieldtest="false" responserequired="true" formposition="9" adminrequired="true" itemid="200-182856" isactive="true"/>
        </itemgroup>
        <itemgroup formposition="6" maxresponses="0" maxitems="ALL">
          <identifier version="3" name="200-263633485:I-200-182872" uniqueid="200-263633485:I-200-182872"/>
          <groupitem blockid="A" groupposition="1" isfieldtest="false" responserequired="true" formposition="10" adminrequired="true" itemid="200-182872" isactive="true"/>
        </itemgroup>
        <itemgroup formposition="7" maxresponses="0" maxitems="ALL">
          <identifier version="3" name="200-263633485:I-200-182874" uniqueid="200-263633485:I-200-182874"/>
          <groupitem blockid="A" groupposition="1" isfieldtest="false" responserequired="true" formposition="11" adminrequired="true" itemid="200-182874" isactive="true"/>
        </itemgroup>
        <itemgroup formposition="8" maxresponses="0" maxitems="ALL">
          <identifier version="3" name="200-263633485:G-200-193779-0" uniqueid="200-263633485:G-200-193779-0"/>
          <passageref>200-193779</passageref>
          <groupitem blockid="A" groupposition="1" isfieldtest="false" responserequired="true" formposition="12" adminrequired="true" itemid="200-182899" isactive="true"/>
        </itemgroup>
        <itemgroup formposition="9" maxresponses="0" maxitems="ALL">
          <identifier version="3" name="200-263633485:I-200-182913" uniqueid="200-263633485:I-200-182913"/>
          <groupitem blockid="A" groupposition="1" isfieldtest="false" responserequired="true" formposition="13" adminrequired="true" itemid="200-182913" isactive="true"/>
        </itemgroup>
        <itemgroup formposition="10" maxresponses="0" maxitems="ALL">
          <identifier version="3" name="200-263633485:I-200-182928" uniqueid="200-263633485:I-200-182928"/>
          <groupitem blockid="A" groupposition="1" isfieldtest="false" responserequired="true" formposition="14" adminrequired="true" itemid="200-182928" isactive="true"/>
        </itemgroup>
        <itemgroup formposition="11" maxresponses="ALL" maxitems="ALL">
          <identifier version="3" name="200-263633485:G-200-171000-0" uniqueid="200-263633485:G-200-171000-0"/>
          <passageref>200-171000</passageref>
          <groupitem blockid="A" groupposition="1" isfieldtest="false" responserequired="true" formposition="15" adminrequired="true" itemid="200-33715" isactive="true"/>
          <groupitem blockid="A" groupposition="2" isfieldtest="false" responserequired="true" formposition="16" adminrequired="true" itemid="200-33717" isactive="true"/>
          <groupitem blockid="A" groupposition="3" isfieldtest="false" responserequired="true" formposition="17" adminrequired="true" itemid="200-33719" isactive="true"/>
        </itemgroup>
        <itemgroup formposition="12" maxresponses="0" maxitems="ALL">
          <identifier version="3" name="200-263633485:I-200-94357" uniqueid="200-263633485:I-200-94357"/>
          <groupitem blockid="A" groupposition="1" isfieldtest="false" responserequired="true" formposition="18" adminrequired="true" itemid="200-94357" isactive="true"/>
        </itemgroup>
      </formpartition>
      <formpartition>
        <identifier version="3" name="Grade 4 ELA - Performance Task - IRP - PT1 (ICA)::ENU COMBINED" uniqueid="200-848326609"/>
        <itemgroup formposition="1" maxresponses="0" maxitems="ALL">
          <identifier version="3" name="200-848326609:G-200-171819-1" uniqueid="200-848326609:G-200-171819-1"/>
          <passageref>200-171819</passageref>
          <groupitem blockid="A" groupposition="1" isfieldtest="false" responserequired="true" formposition="1" adminrequired="true" itemid="200-61160" isactive="true"/>
        </itemgroup>
      </formpartition>
      <formpartition>
        <identifier version="3" name="Grade 4 ELA - Performance Task - IRP - PT2 (ICA)::ENU COMBINED" uniqueid="200-977409328"/>
        <itemgroup formposition="1" maxresponses="0" maxitems="ALL">
          <identifier version="3" name="200-977409328:G-200-171819-2" uniqueid="200-977409328:G-200-171819-2"/>
          <passageref>200-171819</passageref>
          <groupitem blockid="A" groupposition="1" isfieldtest="false" responserequired="true" formposition="1" adminrequired="true" itemid="200-54697" isactive="true"/>
        </itemgroup>
      </formpartition>
    </testform>
    <performancelevels>
      <performancelevel bpelementid="(SBAC)SBAC-ICA-IRP-COMBINED-ELA-4-2020-2021" scaledhi="2416.0" scaledlo="2131.0" plevel="1"/>
      <performancelevel bpelementid="(SBAC)SBAC-ICA-IRP-COMBINED-ELA-4-2020-2021" scaledhi="2473.0" scaledlo="2416.0" plevel="2"/>
      <performancelevel bpelementid="(SBAC)SBAC-ICA-IRP-COMBINED-ELA-4-2020-2021" scaledhi="2533.0" scaledlo="2473.0" plevel="3"/>
      <performancelevel bpelementid="(SBAC)SBAC-ICA-IRP-COMBINED-ELA-4-2020-2021" scaledhi="2663.0" scaledlo="2533.0" plevel="4"/>
    </performancelevels>
    <scoringrules>
      <computationrule bpelementid="SOCK_R" computationorder="52">
        <identifier version="1" label="ScaleScore" name="ScaleScore" uniqueid="23eeccb6-e5a9-46ba-85ff-101858564788"/>
      </computationrule>
      <computationrule bpelementid="SOCK_R" computationorder="82">
        <identifier version="1" label="PerformanceLevel" name="SEBasedPLWithRounding" uniqueid="6ecd2866-b27d-4036-b865-e804a43be004"/>
        <computationruleparameter position="1" parametertype="double">
          <identifier version="1" name="seMultiple" uniqueid="511f5abc-796a-4715-84eb-e870ecfa5a81"/>
          <computationruleparametervalue value="1.5"/>
        </computationruleparameter>
        <computationruleparameter position="2" parametertype="int">
          <identifier version="1" name="proficientPerformanceLevel" uniqueid="b722342e-b7e5-465f-8440-16ba01f1229d"/>
          <computationruleparametervalue value="3"/>
        </computationruleparameter>
        <computationruleparameter position="3" parametertype="double">
          <identifier version="1" name="LOT" uniqueid="9b92cad5-7e92-4c29-972f-c2181fca7232"/>
          <computationruleparametervalue value="-4.3962"/>
        </computationruleparameter>
        <computationruleparameter position="4" parametertype="double">
          <identifier version="1" name="HOT" uniqueid="ed7cf0fd-7035-4f54-98b5-3b8fb7904a17"/>
          <computationruleparametervalue value="1.8014"/>
        </computationruleparameter>
      </computationrule>
      <computationrule bpelementid="SOCK_R" computationorder="142">
        <identifier version="1" label="RawScore" name="MultiStrandRawScore" uniqueid="660f03e6-8374-49ea-aa9b-c0d3fdeff363"/>
        <computationruleparameter position="1" parametertype="string">
          <identifier version="1" name="subscales" uniqueid="940a3693-9119-4d17-96b2-082559f34056"/>
          <property name="indextype" value="int"/>
          <computationruleparametervalue index="1" value="1-IT"/>
          <computationruleparametervalue index="2" value="1-LT"/>
        </computationruleparameter>
      </computationrule>
      <computationrule bpelementid="SOCK_R" computationorder="42">
        <identifier version="1" label="ThetaScore" name="SBACMultiStrandTheta" uniqueid="798c36c7-0bdf-4669-8fde-75d733634bc7"/>
        <computationruleparameter position="1" parametertype="double">
          <identifier version="1" name="LOT" uniqueid="e1363186-a03c-4772-9ac2-62ece7cf4867"/>
          <computationruleparametervalue value="-4.3962"/>
        </computationruleparameter>
        <computationruleparameter position="2" parametertype="double">
          <identifier version="1" name="HOT" uniqueid="d8435bd6-a0af-497a-ad2b-945df0a579a0"/>
          <computationruleparametervalue value="1.8014"/>
        </computationruleparameter>
        <computationruleparameter position="3" parametertype="double">
          <identifier version="1" name="seLimit" uniqueid="4314a449-717c-4f85-9b1e-6f800c54005e"/>
          <computationruleparametervalue value="2.5"/>
        </computationruleparameter>
        <computationruleparameter position="4" parametertype="string">
          <identifier version="1" name="strands" uniqueid="85afb5f7-23e7-4277-8665-0f718cd76605"/>
          <property name="indextype" value="int"/>
          <computationruleparametervalue index="1" value="1-IT"/>
          <computationruleparametervalue index="2" value="1-LT"/>
        </computationruleparameter>
      </computationrule>
      <computationrule bpelementid="SOCK_R" computationorder="122">
        <identifier version="1" label="ItemCount" name="MultipleStrandItemCount" uniqueid="bf897200-d62d-4858-9990-9662c3c1d36b"/>
        <computationruleparameter position="1" parametertype="string">
          <identifier version="1" name="subscales" uniqueid="7898ba05-7968-45b4-a4a0-78537a3ae28a"/>
          <property name="indextype" value="int"/>
          <computationruleparametervalue index="1" value="1-IT"/>
          <computationruleparametervalue index="2" value="1-LT"/>
        </computationruleparameter>
      </computationrule>
      <computationrule bpelementid="SOCK_R" computationorder="132">
        <identifier version="1" label="ItemCountScored" name="MultipleStrandItemCountScored" uniqueid="3ea2b6cf-bc30-4cbe-976e-88444038ec02"/>
        <computationruleparameter position="1" parametertype="string">
          <identifier version="1" name="subscales" uniqueid="ad6f1e1e-68ca-4f29-a201-8ea270ee4877"/>
          <property name="indextype" value="int"/>
          <computationruleparametervalue index="1" value="1-IT"/>
          <computationruleparametervalue index="2" value="1-LT"/>
        </computationruleparameter>
      </computationrule>
      <computationrule bpelementid="SOCK_LS" computationorder="53">
        <identifier version="1" label="ScaleScore" name="ScaleScore" uniqueid="28703bf9-6d1a-4cf4-839b-99113d075b24"/>
      </computationrule>
      <computationrule bpelementid="SOCK_LS" computationorder="83">
        <identifier version="1" label="PerformanceLevel" name="SEBasedPLWithRounding" uniqueid="e2570529-215f-49ec-99fe-8301575a41ad"/>
        <computationruleparameter position="1" parametertype="double">
          <identifier version="1" name="seMultiple" uniqueid="0ceae9ad-f937-46df-bcac-48cf4a6ff3da"/>
          <computationruleparametervalue value="1.5"/>
        </computationruleparameter>
        <computationruleparameter position="2" parametertype="int">
          <identifier version="1" name="proficientPerformanceLevel" uniqueid="dc93c5f7-aed9-44e7-919f-a2be159d8309"/>
          <computationruleparametervalue value="3"/>
        </computationruleparameter>
        <computationruleparameter position="3" parametertype="double">
          <identifier version="1" name="LOT" uniqueid="f8195d93-22fa-4292-9fed-06bf516cc542"/>
          <computationruleparametervalue value="-4.3962"/>
        </computationruleparameter>
        <computationruleparameter position="4" parametertype="double">
          <identifier version="1" name="HOT" uniqueid="dea1d1aa-0a90-498d-86ab-73ac1d10e261"/>
          <computationruleparametervalue value="1.8014"/>
        </computationruleparameter>
      </computationrule>
      <computationrule bpelementid="SOCK_LS" computationorder="143">
        <identifier version="1" label="RawScore" name="MultiStrandRawScore" uniqueid="b14be025-c2d0-4eda-ba8d-cd90af0d869f"/>
        <computationruleparameter position="1" parametertype="string">
          <identifier version="1" name="subscales" uniqueid="0519144a-6f09-4e41-a662-c28c3aaf6e17"/>
          <property name="indextype" value="int"/>
          <computationruleparametervalue index="1" value="3-L"/>
          <computationruleparametervalue index="2" value="3-S"/>
        </computationruleparameter>
      </computationrule>
      <computationrule bpelementid="SOCK_LS" computationorder="43">
        <identifier version="1" label="ThetaScore" name="SBACMultiStrandTheta" uniqueid="1e0fac67-4bd2-422d-872e-c113261d82d9"/>
        <computationruleparameter position="1" parametertype="double">
          <identifier version="1" name="LOT" uniqueid="0159306c-129f-488b-993c-214e11a85e03"/>
          <computationruleparametervalue value="-4.3962"/>
        </computationruleparameter>
        <computationruleparameter position="2" parametertype="double">
          <identifier version="1" name="HOT" uniqueid="7920560b-aabf-4e11-94f9-4a5beb012ec4"/>
          <computationruleparametervalue value="1.8014"/>
        </computationruleparameter>
        <computationruleparameter position="3" parametertype="double">
          <identifier version="1" name="seLimit" uniqueid="a18e0d24-962b-4c58-a753-34a9690fdaa3"/>
          <computationruleparametervalue value="2.5"/>
        </computationruleparameter>
        <computationruleparameter position="4" parametertype="string">
          <identifier version="1" name="strands" uniqueid="6e3dc384-67b8-412f-b2d9-aed15b311586"/>
          <property name="indextype" value="int"/>
          <computationruleparametervalue index="1" value="3-L"/>
          <computationruleparametervalue index="2" value="3-S"/>
        </computationruleparameter>
      </computationrule>
      <computationrule bpelementid="SOCK_LS" computationorder="123">
        <identifier version="1" label="ItemCount" name="MultipleStrandItemCount" uniqueid="6e7c77b4-2a9f-4644-bed1-d1d0ce126e96"/>
        <computationruleparameter position="1" parametertype="string">
          <identifier version="1" name="subscales" uniqueid="08e3199a-57e2-4740-9d4a-1b9c22f666ba"/>
          <property name="indextype" value="int"/>
          <computationruleparametervalue index="1" value="3-L"/>
          <computationruleparametervalue index="2" value="3-S"/>
        </computationruleparameter>
      </computationrule>
      <computationrule bpelementid="SOCK_LS" computationorder="133">
        <identifier version="1" label="ItemCountScored" name="MultipleStrandItemCountScored" uniqueid="c5d00298-f26c-4fb2-8015-c2f8268a9929"/>
        <computationruleparameter position="1" parametertype="string">
          <identifier version="1" name="subscales" uniqueid="8d180a93-a8be-4a61-89cc-50c6fd853212"/>
          <property name="indextype" value="int"/>
          <computationruleparametervalue index="1" value="3-L"/>
          <computationruleparametervalue index="2" value="3-S"/>
        </computationruleparameter>
      </computationrule>
      <computationrule bpelementid="(SBAC)SBAC-ICA-IRP-COMBINED-ELA-4-2020-2021" computationorder="10">
        <identifier version="1" label="Attempted" name="SBACAttemptedness" uniqueid="3ac2b17a-36f7-464d-b51b-f22f148fdfd3"/>
        <computationruleparameter position="1" parametertype="int">
          <identifier version="1" name="testPart" uniqueid="1621c9b1-3735-4a22-a3b9-e524d979454a"/>
          <property name="indextype" value="string"/>
          <computationruleparametervalue index="SBAC-ICA-IRP-ELA-FIXED-4" value="1"/>
          <computationruleparametervalue index="SBAC-ICA-IRP-ELA-PT-4-SEG1-PT1" value="2"/>
          <computationruleparametervalue index="SBAC-ICA-IRP-ELA-PT-4-SEG2-PT2" value="2"/>
        </computationruleparameter>
      </computationrule>
      <computationrule bpelementid="(SBAC)SBAC-ICA-IRP-COMBINED-ELA-4-2020-2021" computationorder="20">
        <identifier version="1" label="ThetaScore" name="SBACTheta" uniqueid="eed6d287-7b06-446c-99dd-f8daba0404fc"/>
        <computationruleparameter position="1" parametertype="double">
          <identifier version="1" name="LOT" uniqueid="f1c8b2d3-e71c-493f-b4b8-cced9acb68fe"/>
          <computationruleparametervalue value="-4.3962"/>
        </computationruleparameter>
        <computationruleparameter position="2" parametertype="double">
          <identifier version="1" name="HOT" uniqueid="03186373-4f2c-4259-8662-a32220d063b3"/>
          <computationruleparametervalue value="1.8014"/>
        </computationruleparameter>
        <computationruleparameter position="3" parametertype="double">
          <identifier version="1" name="seLimit" uniqueid="93d711da-243e-4ca6-b535-5584fbc5a532"/>
          <computationruleparametervalue value="2.5"/>
        </computationruleparameter>
      </computationrule>
      <computationrule bpelementid="(SBAC)SBAC-ICA-IRP-COMBINED-ELA-4-2020-2021" computationorder="30">
        <identifier version="1" label="ScaleScore" name="ScaleScore" uniqueid="66db12af-8de4-41d6-bcab-31e7c4a7dac3"/>
      </computationrule>
      <computationrule bpelementid="(SBAC)SBAC-ICA-IRP-COMBINED-ELA-4-2020-2021" computationorder="35">
        <identifier version="1" label="PerformanceLevel" name="TestPerformanceLevel" uniqueid="8cbc39e6-5207-485f-823f-6707184bf0a4"/>
      </computationrule>
      <computationrule bpelementid="(SBAC)SBAC-ICA-IRP-COMBINED-ELA-4-2020-2021" computationorder="90">
        <identifier version="1" label="ItemCount" name="ItemCount" uniqueid="8f5fbe8a-97a8-4d25-a488-28e7b0d0053f"/>
      </computationrule>
      <computationrule bpelementid="(SBAC)SBAC-ICA-IRP-COMBINED-ELA-4-2020-2021" computationorder="100">
        <identifier version="1" label="ItemCountScored" name="ItemCountScored" uniqueid="0ffe032d-2494-47b5-ac3e-b3134e807b4d"/>
      </computationrule>
      <computationrule bpelementid="(SBAC)SBAC-ICA-IRP-COMBINED-ELA-4-2020-2021" computationorder="110">
        <identifier version="1" label="RawScore" name="RawScore" uniqueid="98bdf7ca-573c-4df1-b574-d3645d962a98"/>
      </computationrule>
      <computationrule bpelementid="(SBAC)SBAC-ICA-IRP-COMBINED-ELA-4-2020-2021" computationorder="300">
        <identifier version="1" label="AccommodationCodes" name="SBACAccommodationUseCodes" uniqueid="d62b3e15-5100-45cc-9f1f-7e0bb68e0c01"/>
        <computationruleparameter position="1" parametertype="string">
          <identifier version="1" name="accomNoCodes" uniqueid="53addf67-04c0-4660-a116-0b60dfc65a3a"/>
          <property name="indextype" value="string"/>
          <computationruleparametervalue index="Print Size" value="TDS_PS_L0"/>
        </computationruleparameter>
      </computationrule>
      <computationrule bpelementid="SBAC-4-CR" computationorder="41">
        <identifier version="1" label="ThetaScore" name="SBACTheta" uniqueid="1980c112-4e5e-403a-ad18-a22c83b89c5e"/>
        <computationruleparameter position="1" parametertype="double">
          <identifier version="1" name="LOT" uniqueid="a0687a03-2957-4e12-8db2-560190746e25"/>
          <computationruleparametervalue value="-4.3962"/>
        </computationruleparameter>
        <computationruleparameter position="2" parametertype="double">
          <identifier version="1" name="HOT" uniqueid="d0b51113-7803-4080-8d71-9853963551bb"/>
          <computationruleparametervalue value="1.8014"/>
        </computationruleparameter>
        <computationruleparameter position="3" parametertype="double">
          <identifier version="1" name="seLimit" uniqueid="be012ea1-5676-471b-ba3f-91e0b46fe81b"/>
          <computationruleparametervalue value="2.5"/>
        </computationruleparameter>
      </computationrule>
      <computationrule bpelementid="SBAC-4-CR" computationorder="51">
        <identifier version="1" label="ScaleScore" name="ScaleScore" uniqueid="3251c257-1426-4a82-ab90-c66952872ce8"/>
      </computationrule>
      <computationrule bpelementid="SBAC-4-CR" computationorder="81">
        <identifier version="1" label="PerformanceLevel" name="SEBasedPLWithRounding" uniqueid="9c10093f-aedf-45b0-a819-da3b65dde691"/>
        <computationruleparameter position="1" parametertype="double">
          <identifier version="1" name="seMultiple" uniqueid="d52fd8e9-1cc9-4e61-b497-0d340656ea92"/>
          <computationruleparametervalue value="1.5"/>
        </computationruleparameter>
        <computationruleparameter position="2" parametertype="int">
          <identifier version="1" name="proficientPerformanceLevel" uniqueid="28235276-54da-46ca-a452-5fe8dadf486b"/>
          <computationruleparametervalue value="3"/>
        </computationruleparameter>
        <computationruleparameter position="3" parametertype="double">
          <identifier version="1" name="LOT" uniqueid="8751342c-c083-4b8e-a956-5de4489c73ab"/>
          <computationruleparametervalue value="-4.3962"/>
        </computationruleparameter>
        <computationruleparameter position="4" parametertype="double">
          <identifier version="1" name="HOT" uniqueid="a0051671-b6af-46b9-a58e-54bcd1299217"/>
          <computationruleparametervalue value="1.8014"/>
        </computationruleparameter>
      </computationrule>
      <computationrule bpelementid="SBAC-4-CR" computationorder="121">
        <identifier version="1" label="ItemCount" name="ItemCount" uniqueid="510ae80b-1255-4ffb-a089-37430383c545"/>
      </computationrule>
      <computationrule bpelementid="SBAC-4-CR" computationorder="131">
        <identifier version="1" label="ItemCountScored" name="ItemCountScored" uniqueid="f7ecb340-b9f9-4b09-8ca6-513932e33566"/>
      </computationrule>
      <computationrule bpelementid="SBAC-4-CR" computationorder="141">
        <identifier version="1" label="RawScore" name="RawScore" uniqueid="6cec5173-cc6c-4aad-ba2c-b7e258a172b1"/>
      </computationrule>
      <computationrule bpelementid="SBAC-2-W" computationorder="40">
        <identifier version="1" label="ThetaScore" name="SBACTheta" uniqueid="77f677ec-101b-4643-be1c-a72636e47965"/>
        <computationruleparameter position="1" parametertype="double">
          <identifier version="1" name="LOT" uniqueid="d3272f3c-6217-4111-9e28-488127c89fce"/>
          <computationruleparametervalue value="-4.3962"/>
        </computationruleparameter>
        <computationruleparameter position="2" parametertype="double">
          <identifier version="1" name="HOT" uniqueid="440d9959-6790-488b-84d1-afec11633eb4"/>
          <computationruleparametervalue value="1.8014"/>
        </computationruleparameter>
        <computationruleparameter position="3" parametertype="double">
          <identifier version="1" name="seLimit" uniqueid="4df3e48a-5469-4f15-8bb4-e1e025f3e925"/>
          <computationruleparametervalue value="2.5"/>
        </computationruleparameter>
      </computationrule>
      <computationrule bpelementid="SBAC-2-W" computationorder="50">
        <identifier version="1" label="ScaleScore" name="ScaleScore" uniqueid="c54af539-a1a0-4916-b27b-6cbe5f97ba7e"/>
      </computationrule>
      <computationrule bpelementid="SBAC-2-W" computationorder="80">
        <identifier version="1" label="PerformanceLevel" name="SEBasedPLWithRounding" uniqueid="ebb0232c-5935-4e57-9eb0-6b9c85c8ee44"/>
        <computationruleparameter position="1" parametertype="double">
          <identifier version="1" name="seMultiple" uniqueid="2bb712e4-9475-4f1a-a767-334da3f4abd3"/>
          <computationruleparametervalue value="1.5"/>
        </computationruleparameter>
        <computationruleparameter position="2" parametertype="int">
          <identifier version="1" name="proficientPerformanceLevel" uniqueid="98ee37ea-7eb8-4e8a-89aa-12c2e6b6db55"/>
          <computationruleparametervalue value="3"/>
        </computationruleparameter>
        <computationruleparameter position="3" parametertype="double">
          <identifier version="1" name="LOT" uniqueid="342688c9-3f3f-4ddf-bdb5-0476634bf134"/>
          <computationruleparametervalue value="-4.3962"/>
        </computationruleparameter>
        <computationruleparameter position="4" parametertype="double">
          <identifier version="1" name="HOT" uniqueid="1b3f1973-397f-4b4f-a0e5-9812270ebc93"/>
          <computationruleparametervalue value="1.8014"/>
        </computationruleparameter>
      </computationrule>
      <computationrule bpelementid="SBAC-2-W" computationorder="120">
        <identifier version="1" label="ItemCount" name="ItemCount" uniqueid="e715ee9b-fbb0-4e11-a891-81dfad49a10a"/>
      </computationrule>
      <computationrule bpelementid="SBAC-2-W" computationorder="130">
        <identifier version="1" label="ItemCountScored" name="ItemCountScored" uniqueid="3bd410d9-53b9-4311-a439-116187289220"/>
      </computationrule>
      <computationrule bpelementid="SBAC-2-W" computationorder="140">
        <identifier version="1" label="RawScore" name="RawScore" uniqueid="226c2a8c-b496-4d6a-8c8d-d85845fc3db2"/>
      </computationrule>
    </scoringrules>
  </scoring>
</testspecification>
