<testspecification version="1" purpose="scoring" publishdate="Mar 27 2020 12:14AM" publisher="SBAC">
  <identifier version="4" label="SBAC-ICA-IRP-COMBINED-ELA-7" name="SBAC-ICA-IRP-COMBINED-ELA-7" uniqueid="(SBAC)SBAC-ICA-IRP-COMBINED-ELA-7-2020-2021"/>
  <property label="ELA" name="subject" value="ELA"/>
  <property label="interim" name="type" value="interim"/>
  <property label="7" name="grade" value="7"/>
  <property label="7" name="grade" value="7"/>
  <scoring>
    <testblueprint>
      <bpelement maxftitems="0" opitemcount="20" elementtype="test" minopitems="0" maxopitems="20" ftitemcount="0" minftitems="0">
        <identifier version="4" name="SBAC-ICA-IRP-COMBINED-ELA-7" uniqueid="(SBAC)SBAC-ICA-IRP-COMBINED-ELA-7-2020-2021"/>
      </bpelement>
      <bpelement maxftitems="0" opitemcount="17" elementtype="segment" minopitems="0" maxopitems="17" ftitemcount="0" minftitems="0">
        <identifier version="4" name="SBAC-ICA-IRP-ELA-FIXED-7-COMBINED" uniqueid="(SBAC)SBAC-ICA-IRP-ELA-FIXED-7-COMBINED-2020-2021"/>
      </bpelement>
      <bpelement maxftitems="0" opitemcount="1" elementtype="segment" minopitems="0" maxopitems="1" ftitemcount="0" minftitems="0">
        <identifier version="4" name="SBAC-ICA-IRP-ELA-PT-7-SEG1-PT1-COMBINED" uniqueid="(SBAC)SBAC-ICA-IRP-ELA-PT-7-SEG1-PT1-COMBINED-2020-2021"/>
      </bpelement>
      <bpelement maxftitems="0" opitemcount="2" elementtype="segment" minopitems="0" maxopitems="2" ftitemcount="0" minftitems="0">
        <identifier version="4" name="SBAC-ICA-IRP-ELA-PT-7-SEG2-PT2-COMBINED" uniqueid="(SBAC)SBAC-ICA-IRP-ELA-PT-7-SEG2-PT2-COMBINED-2020-2021"/>
      </bpelement>
      <bpelement maxftitems="0" opitemcount="3" elementtype="contentlevel" minopitems="0" maxopitems="3" parentid="SBAC-3-L|4-7" ftitemcount="0" minftitems="0">
        <identifier version="4" name="3-L|4-7|7.SL.2" uniqueid="SBAC-3-L|4-7|7.SL.2"/>
      </bpelement>
      <bpelement maxftitems="0" opitemcount="2" elementtype="contentlevel" minopitems="0" maxopitems="2" parentid="SBAC-3-L|4-7" ftitemcount="0" minftitems="0">
        <identifier version="4" name="3-L|4-7|7.SL.3" uniqueid="SBAC-3-L|4-7|7.SL.3"/>
      </bpelement>
      <bpelement maxftitems="0" opitemcount="5" elementtype="contentlevel" minopitems="0" maxopitems="5" parentid="SBAC-3-L" ftitemcount="0" minftitems="0">
        <identifier version="4" name="3-L|4-7" uniqueid="SBAC-3-L|4-7"/>
      </bpelement>
      <bpelement maxftitems="0" opitemcount="1" elementtype="contentlevel" minopitems="0" maxopitems="1" parentid="SBAC-1-IT" ftitemcount="0" minftitems="0">
        <identifier version="4" name="1-IT|11-7" uniqueid="SBAC-1-IT|11-7"/>
      </bpelement>
      <bpelement maxftitems="0" opitemcount="2" elementtype="contentlevel" minopitems="0" maxopitems="2" parentid="SBAC-4-CR" ftitemcount="0" minftitems="0">
        <identifier version="4" name="4-CR|4-7" uniqueid="SBAC-4-CR|4-7"/>
      </bpelement>
      <bpelement maxftitems="0" opitemcount="1" elementtype="contentlevel" minopitems="0" maxopitems="1" parentid="SBAC-2-W|6-7" ftitemcount="0" minftitems="0">
        <identifier version="4" name="2-W|6-7|7.W.1b" uniqueid="SBAC-2-W|6-7|7.W.1b"/>
      </bpelement>
      <bpelement maxftitems="0" opitemcount="1" elementtype="contentlevel" minopitems="0" maxopitems="1" parentid="SBAC-4-CR" ftitemcount="0" minftitems="0">
        <identifier version="4" name="4-CR|2-7" uniqueid="SBAC-4-CR|2-7"/>
      </bpelement>
      <bpelement maxftitems="0" opitemcount="1" elementtype="contentlevel" minopitems="0" maxopitems="1" parentid="SBAC-2-W|6-7" ftitemcount="0" minftitems="0">
        <identifier version="4" name="2-W|6-7|7.W.1a" uniqueid="SBAC-2-W|6-7|7.W.1a"/>
      </bpelement>
      <bpelement maxftitems="0" opitemcount="2" elementtype="contentlevel" minopitems="0" maxopitems="2" parentid="SBAC-4-CR" ftitemcount="0" minftitems="0">
        <identifier version="4" name="4-CR|3-7" uniqueid="SBAC-4-CR|3-7"/>
      </bpelement>
      <bpelement maxftitems="0" opitemcount="2" elementtype="strand" minopitems="0" maxopitems="2" ftitemcount="0" minftitems="0">
        <identifier version="4" name="1-IT" uniqueid="SBAC-1-IT"/>
      </bpelement>
      <bpelement maxftitems="0" opitemcount="1" elementtype="contentlevel" minopitems="0" maxopitems="1" parentid="SBAC-1-LT" ftitemcount="0" minftitems="0">
        <identifier version="4" name="1-LT|6-7" uniqueid="SBAC-1-LT|6-7"/>
      </bpelement>
      <bpelement maxftitems="0" opitemcount="1" elementtype="contentlevel" minopitems="0" maxopitems="1" parentid="SBAC-2-W" ftitemcount="0" minftitems="0">
        <identifier version="4" name="2-W|2-7" uniqueid="SBAC-2-W|2-7"/>
      </bpelement>
      <bpelement maxftitems="0" opitemcount="1" elementtype="contentlevel" minopitems="0" maxopitems="1" parentid="SBAC-4-CR|2-7" ftitemcount="0" minftitems="0">
        <identifier version="4" name="4-CR|2-7|7.RI.8" uniqueid="SBAC-4-CR|2-7|7.RI.8"/>
      </bpelement>
      <bpelement maxftitems="0" opitemcount="1" elementtype="contentlevel" minopitems="0" maxopitems="1" parentid="SBAC-1-LT" ftitemcount="0" minftitems="0">
        <identifier version="4" name="1-LT|4-7" uniqueid="SBAC-1-LT|4-7"/>
      </bpelement>
      <bpelement maxftitems="0" opitemcount="1" elementtype="contentlevel" minopitems="0" maxopitems="1" parentid="SBAC-1-IT|11-7" ftitemcount="0" minftitems="0">
        <identifier version="4" name="1-IT|11-7|7.RI.1" uniqueid="SBAC-1-IT|11-7|7.RI.1"/>
      </bpelement>
      <bpelement maxftitems="0" opitemcount="1" elementtype="contentlevel" minopitems="0" maxopitems="1" parentid="SBAC-1-LT" ftitemcount="0" minftitems="0">
        <identifier version="4" name="1-LT|3-7" uniqueid="SBAC-1-LT|3-7"/>
      </bpelement>
      <bpelement maxftitems="0" opitemcount="1" elementtype="contentlevel" minopitems="0" maxopitems="1" parentid="SBAC-1-LT|4-7" ftitemcount="0" minftitems="0">
        <identifier version="4" name="1-LT|4-7|7.RL.3" uniqueid="SBAC-1-LT|4-7|7.RL.3"/>
      </bpelement>
      <bpelement maxftitems="0" opitemcount="1" elementtype="contentlevel" minopitems="0" maxopitems="1" parentid="SBAC-1-LT|3-7" ftitemcount="0" minftitems="0">
        <identifier version="4" name="1-LT|3-7|7.RL.4" uniqueid="SBAC-1-LT|3-7|7.RL.4"/>
      </bpelement>
      <bpelement maxftitems="0" opitemcount="2" elementtype="contentlevel" minopitems="0" maxopitems="2" parentid="SBAC-2-W" ftitemcount="0" minftitems="0">
        <identifier version="4" name="2-W|6-7" uniqueid="SBAC-2-W|6-7"/>
      </bpelement>
      <bpelement maxftitems="0" opitemcount="2" elementtype="contentlevel" minopitems="0" maxopitems="2" parentid="SBAC-2-W" ftitemcount="0" minftitems="0">
        <identifier version="4" name="2-W|9-7" uniqueid="SBAC-2-W|9-7"/>
      </bpelement>
      <bpelement maxftitems="0" opitemcount="1" elementtype="contentlevel" minopitems="0" maxopitems="1" parentid="SBAC-1-LT|6-7" ftitemcount="0" minftitems="0">
        <identifier version="4" name="1-LT|6-7|7.RL.5" uniqueid="SBAC-1-LT|6-7|7.RL.5"/>
      </bpelement>
      <bpelement maxftitems="0" opitemcount="1" elementtype="contentlevel" minopitems="0" maxopitems="1" parentid="SBAC-4-CR|3-7" ftitemcount="0" minftitems="0">
        <identifier version="4" name="4-CR|3-7|6-8.WHST.8" uniqueid="SBAC-4-CR|3-7|6-8.WHST.8"/>
      </bpelement>
      <bpelement maxftitems="0" opitemcount="1" elementtype="contentlevel" minopitems="0" maxopitems="1" parentid="SBAC-2-W|9-7" ftitemcount="0" minftitems="0">
        <identifier version="4" name="2-W|9-7|7.L.2a" uniqueid="SBAC-2-W|9-7|7.L.2a"/>
      </bpelement>
      <bpelement maxftitems="0" opitemcount="1" elementtype="contentlevel" minopitems="0" maxopitems="1" parentid="SBAC-2-W|9-7" ftitemcount="0" minftitems="0">
        <identifier version="4" name="2-W|9-7|7.L.2b" uniqueid="SBAC-2-W|9-7|7.L.2b"/>
      </bpelement>
      <bpelement maxftitems="0" opitemcount="5" elementtype="strand" minopitems="0" maxopitems="5" ftitemcount="0" minftitems="0">
        <identifier version="4" name="4-CR" uniqueid="SBAC-4-CR"/>
      </bpelement>
      <bpelement maxftitems="0" opitemcount="3" elementtype="strand" minopitems="0" maxopitems="3" ftitemcount="0" minftitems="0">
        <identifier version="4" name="1-LT" uniqueid="SBAC-1-LT"/>
      </bpelement>
      <bpelement maxftitems="0" opitemcount="5" elementtype="strand" minopitems="0" maxopitems="5" ftitemcount="0" minftitems="0">
        <identifier version="4" name="3-L" uniqueid="SBAC-3-L"/>
      </bpelement>
      <bpelement maxftitems="0" opitemcount="1" elementtype="contentlevel" minopitems="0" maxopitems="1" parentid="SBAC-2-W|2-7" ftitemcount="0" minftitems="0">
        <identifier version="4" name="2-W|2-7|7.W.3a" uniqueid="SBAC-2-W|2-7|7.W.3a"/>
      </bpelement>
      <bpelement maxftitems="0" opitemcount="1" elementtype="contentlevel" minopitems="0" maxopitems="1" parentid="SBAC-1-IT|13-7" ftitemcount="0" minftitems="0">
        <identifier version="4" name="1-IT|13-7|7.RI.5" uniqueid="SBAC-1-IT|13-7|7.RI.5"/>
      </bpelement>
      <bpelement maxftitems="0" opitemcount="1" elementtype="contentlevel" minopitems="0" maxopitems="1" parentid="SBAC-4-CR|4-7" ftitemcount="0" minftitems="0">
        <identifier version="4" name="4-CR|4-7|7.W.8" uniqueid="SBAC-4-CR|4-7|7.W.8"/>
      </bpelement>
      <bpelement maxftitems="0" opitemcount="1" elementtype="contentlevel" minopitems="0" maxopitems="1" parentid="SBAC-1-IT" ftitemcount="0" minftitems="0">
        <identifier version="4" name="1-IT|13-7" uniqueid="SBAC-1-IT|13-7"/>
      </bpelement>
      <bpelement maxftitems="0" opitemcount="1" elementtype="contentlevel" minopitems="0" maxopitems="1" parentid="SBAC-4-CR|4-7" ftitemcount="0" minftitems="0">
        <identifier version="4" name="4-CR|4-7|7.W.1b" uniqueid="SBAC-4-CR|4-7|7.W.1b"/>
      </bpelement>
      <bpelement maxftitems="0" opitemcount="1" elementtype="contentlevel" minopitems="0" maxopitems="1" parentid="SBAC-4-CR|3-7" ftitemcount="0" minftitems="0">
        <identifier version="4" name="4-CR|3-7|7.W.8" uniqueid="SBAC-4-CR|3-7|7.W.8"/>
      </bpelement>
      <bpelement maxftitems="0" opitemcount="5" elementtype="strand" minopitems="0" maxopitems="5" ftitemcount="0" minftitems="0">
        <identifier version="4" name="2-W" uniqueid="SBAC-2-W"/>
      </bpelement>
    </testblueprint>
    <itempool>
      <passage filename="stim-200-193785.xml">
        <identifier version="4" uniqueid="200-193785"/>
      </passage>
      <passage filename="stim-200-193797.xml">
        <identifier version="4" uniqueid="200-193797"/>
      </passage>
      <passage filename="stim-200-170720.xml">
        <identifier version="4" uniqueid="200-170720"/>
      </passage>
      <passage filename="stim-200-193782.xml">
        <identifier version="4" uniqueid="200-193782"/>
      </passage>
      <passage filename="stim-200-171857.xml">
        <identifier version="4" uniqueid="200-171857"/>
      </passage>
      <testitem itemtype="MC" filename="item-200-182934.xml">
        <identifier version="4" uniqueid="200-182934"/>
        <bpref>(SBAC)SBAC-ICA-IRP-ELA-FIXED-7-COMBINED-2020-2021</bpref>
        <bpref>SBAC-4-CR</bpref>
        <bpref>SBAC-4-CR|3-7</bpref>
        <bpref>SBAC-4-CR|3-7|6-8.WHST.8</bpref>
        <poolproperty label="English" value="ENU" property="Language"/>
        <poolproperty label="Braille" value="ENU-Braille" property="Language"/>
        <poolproperty label="ItemType = MC" value="MC" property="--ITEMTYPE--"/>
        <poolproperty label="Answer Key = B" value="B" property="Answer Key"/>
        <poolproperty label="ASL = N" value="N" property="ASL"/>
        <poolproperty label="Braille = BRF" value="BRF" property="Braille"/>
        <poolproperty label="Depth of Knowledge = 2" value="2" property="Depth of Knowledge"/>
        <poolproperty label="Grade = 7" value="7" property="Grade"/>
        <poolproperty label="Scoring Engine = Automatic with Key" value="Automatic with Key" property="Scoring Engine"/>
        <itemscoredimension measurementmodel="IRT3PLn" weight="1.0" scorepoints="1">
          <itemscoreparameter value="0.34909" measurementparameter="a"/>
          <itemscoreparameter value="-0.44158" measurementparameter="b"/>
          <itemscoreparameter value="0.0" measurementparameter="c"/>
        </itemscoredimension>
      </testitem>
      <testitem itemtype="HTQ" filename="item-200-182936.xml">
        <identifier version="4" uniqueid="200-182936"/>
        <bpref>(SBAC)SBAC-ICA-IRP-ELA-FIXED-7-COMBINED-2020-2021</bpref>
        <bpref>SBAC-4-CR</bpref>
        <bpref>SBAC-4-CR|2-7</bpref>
        <bpref>SBAC-4-CR|2-7|7.RI.8</bpref>
        <poolproperty label="English" value="ENU" property="Language"/>
        <poolproperty label="Braille" value="ENU-Braille" property="Language"/>
        <poolproperty label="ItemType = HTQ" value="HTQ" property="--ITEMTYPE--"/>
        <poolproperty label="Answer Key = HTQ" value="HTQ" property="Answer Key"/>
        <poolproperty label="ASL = N" value="N" property="ASL"/>
        <poolproperty label="Braille = BRF" value="BRF" property="Braille"/>
        <poolproperty label="Depth of Knowledge = 2" value="2" property="Depth of Knowledge"/>
        <poolproperty label="Grade = 7" value="7" property="Grade"/>
        <poolproperty label="Scoring Engine = Automatic with Machine Rubric" value="Automatic with Machine Rubric" property="Scoring Engine"/>
        <itemscoredimension measurementmodel="IRT3PLn" weight="1.0" scorepoints="1">
          <itemscoreparameter value="0.37674" measurementparameter="a"/>
          <itemscoreparameter value="3.51682" measurementparameter="b"/>
          <itemscoreparameter value="0.0" measurementparameter="c"/>
        </itemscoredimension>
      </testitem>
      <testitem itemtype="MI" filename="item-200-182944.xml">
        <identifier version="4" uniqueid="200-182944"/>
        <bpref>(SBAC)SBAC-ICA-IRP-ELA-FIXED-7-COMBINED-2020-2021</bpref>
        <bpref>SBAC-4-CR</bpref>
        <bpref>SBAC-4-CR|4-7</bpref>
        <bpref>SBAC-4-CR|4-7|7.W.1b</bpref>
        <poolproperty label="English" value="ENU" property="Language"/>
        <poolproperty label="Braille" value="ENU-Braille" property="Language"/>
        <poolproperty label="ItemType = MI" value="MI" property="--ITEMTYPE--"/>
        <poolproperty label="Answer Key = MI" value="MI" property="Answer Key"/>
        <poolproperty label="ASL = N" value="N" property="ASL"/>
        <poolproperty label="Braille = BRF" value="BRF" property="Braille"/>
        <poolproperty label="Depth of Knowledge = 2" value="2" property="Depth of Knowledge"/>
        <poolproperty label="Grade = 7" value="7" property="Grade"/>
        <poolproperty label="Scoring Engine = Automatic with Machine Rubric" value="Automatic with Machine Rubric" property="Scoring Engine"/>
        <itemscoredimension measurementmodel="IRT3PLn" weight="1.0" scorepoints="1">
          <itemscoreparameter value="0.66039" measurementparameter="a"/>
          <itemscoreparameter value="2.30322" measurementparameter="b"/>
          <itemscoreparameter value="0.0" measurementparameter="c"/>
        </itemscoredimension>
      </testitem>
      <testitem itemtype="MC" filename="item-200-182961.xml">
        <identifier version="4" uniqueid="200-182961"/>
        <bpref>(SBAC)SBAC-ICA-IRP-ELA-FIXED-7-COMBINED-2020-2021</bpref>
        <bpref>SBAC-2-W</bpref>
        <bpref>SBAC-2-W|9-7</bpref>
        <bpref>SBAC-2-W|9-7|7.L.2a</bpref>
        <poolproperty label="English" value="ENU" property="Language"/>
        <poolproperty label="Braille" value="ENU-Braille" property="Language"/>
        <poolproperty label="ItemType = MC" value="MC" property="--ITEMTYPE--"/>
        <poolproperty label="Answer Key = A" value="A" property="Answer Key"/>
        <poolproperty label="ASL = N" value="N" property="ASL"/>
        <poolproperty label="Braille = BRF" value="BRF" property="Braille"/>
        <poolproperty label="Depth of Knowledge = 1" value="1" property="Depth of Knowledge"/>
        <poolproperty label="Grade = 7" value="7" property="Grade"/>
        <poolproperty label="Scoring Engine = Automatic with Key" value="Automatic with Key" property="Scoring Engine"/>
        <itemscoredimension measurementmodel="IRT3PLn" weight="1.0" scorepoints="1">
          <itemscoreparameter value="0.38524" measurementparameter="a"/>
          <itemscoreparameter value="0.29821" measurementparameter="b"/>
          <itemscoreparameter value="0.0" measurementparameter="c"/>
        </itemscoredimension>
      </testitem>
      <testitem itemtype="HTQ" filename="item-200-182966.xml">
        <identifier version="4" uniqueid="200-182966"/>
        <bpref>(SBAC)SBAC-ICA-IRP-ELA-FIXED-7-COMBINED-2020-2021</bpref>
        <bpref>SBAC-2-W</bpref>
        <bpref>SBAC-2-W|9-7</bpref>
        <bpref>SBAC-2-W|9-7|7.L.2b</bpref>
        <poolproperty label="English" value="ENU" property="Language"/>
        <poolproperty label="Braille" value="ENU-Braille" property="Language"/>
        <poolproperty label="ItemType = HTQ" value="HTQ" property="--ITEMTYPE--"/>
        <poolproperty label="Answer Key = HTQ" value="HTQ" property="Answer Key"/>
        <poolproperty label="ASL = N" value="N" property="ASL"/>
        <poolproperty label="Braille = BRF" value="BRF" property="Braille"/>
        <poolproperty label="Depth of Knowledge = 1" value="1" property="Depth of Knowledge"/>
        <poolproperty label="Grade = 7" value="7" property="Grade"/>
        <poolproperty label="Scoring Engine = Automatic with Machine Rubric" value="Automatic with Machine Rubric" property="Scoring Engine"/>
        <itemscoredimension measurementmodel="IRT3PLn" weight="1.0" scorepoints="1">
          <itemscoreparameter value="0.49245" measurementparameter="a"/>
          <itemscoreparameter value="0.99318" measurementparameter="b"/>
          <itemscoreparameter value="0.0" measurementparameter="c"/>
        </itemscoredimension>
      </testitem>
      <testitem itemtype="MC" filename="item-200-182981.xml">
        <identifier version="4" uniqueid="200-182981"/>
        <bpref>(SBAC)SBAC-ICA-IRP-ELA-FIXED-7-COMBINED-2020-2021</bpref>
        <bpref>SBAC-3-L</bpref>
        <bpref>SBAC-3-L|4-7</bpref>
        <bpref>SBAC-3-L|4-7|7.SL.2</bpref>
        <passageref>200-193785</passageref>
        <poolproperty label="English" value="ENU" property="Language"/>
        <poolproperty label="Braille" value="ENU-Braille" property="Language"/>
        <poolproperty label="ItemType = MC" value="MC" property="--ITEMTYPE--"/>
        <poolproperty label="Answer Key = C" value="C" property="Answer Key"/>
        <poolproperty label="ASL = Y" value="Y" property="ASL"/>
        <poolproperty label="Braille = BRF" value="BRF" property="Braille"/>
        <poolproperty label="Depth of Knowledge = 2" value="2" property="Depth of Knowledge"/>
        <poolproperty label="Grade = 7" value="7" property="Grade"/>
        <poolproperty label="Scoring Engine = Automatic with Key" value="Automatic with Key" property="Scoring Engine"/>
        <itemscoredimension measurementmodel="IRT3PLn" weight="1.0" scorepoints="1">
          <itemscoreparameter value="0.43518" measurementparameter="a"/>
          <itemscoreparameter value="-0.1333" measurementparameter="b"/>
          <itemscoreparameter value="0.0" measurementparameter="c"/>
        </itemscoredimension>
      </testitem>
      <testitem itemtype="MI" filename="item-200-182982.xml">
        <identifier version="4" uniqueid="200-182982"/>
        <bpref>(SBAC)SBAC-ICA-IRP-ELA-FIXED-7-COMBINED-2020-2021</bpref>
        <bpref>SBAC-3-L</bpref>
        <bpref>SBAC-3-L|4-7</bpref>
        <bpref>SBAC-3-L|4-7|7.SL.2</bpref>
        <passageref>200-193785</passageref>
        <poolproperty label="English" value="ENU" property="Language"/>
        <poolproperty label="Braille" value="ENU-Braille" property="Language"/>
        <poolproperty label="ItemType = MI" value="MI" property="--ITEMTYPE--"/>
        <poolproperty label="Answer Key = MI" value="MI" property="Answer Key"/>
        <poolproperty label="ASL = Y" value="Y" property="ASL"/>
        <poolproperty label="Braille = BRF" value="BRF" property="Braille"/>
        <poolproperty label="Depth of Knowledge = 2" value="2" property="Depth of Knowledge"/>
        <poolproperty label="Grade = 7" value="7" property="Grade"/>
        <poolproperty label="Scoring Engine = Automatic with Machine Rubric" value="Automatic with Machine Rubric" property="Scoring Engine"/>
        <itemscoredimension measurementmodel="IRT3PLn" weight="1.0" scorepoints="1">
          <itemscoreparameter value="0.27619" measurementparameter="a"/>
          <itemscoreparameter value="0.99676" measurementparameter="b"/>
          <itemscoreparameter value="0.0" measurementparameter="c"/>
        </itemscoredimension>
      </testitem>
      <testitem itemtype="EBSR" filename="item-200-182983.xml">
        <identifier version="4" uniqueid="200-182983"/>
        <bpref>(SBAC)SBAC-ICA-IRP-ELA-FIXED-7-COMBINED-2020-2021</bpref>
        <bpref>SBAC-3-L</bpref>
        <bpref>SBAC-3-L|4-7</bpref>
        <bpref>SBAC-3-L|4-7|7.SL.2</bpref>
        <passageref>200-193785</passageref>
        <poolproperty label="English" value="ENU" property="Language"/>
        <poolproperty label="Braille" value="ENU-Braille" property="Language"/>
        <poolproperty label="ItemType = EBSR" value="EBSR" property="--ITEMTYPE--"/>
        <poolproperty label="Answer Key = A" value="A" property="Answer Key"/>
        <poolproperty label="Answer Key (Part II) = A" value="A" property="Answer Key (Part II)"/>
        <poolproperty label="ASL = Y" value="Y" property="ASL"/>
        <poolproperty label="Braille = BRF" value="BRF" property="Braille"/>
        <poolproperty label="Depth of Knowledge = 3" value="3" property="Depth of Knowledge"/>
        <poolproperty label="Grade = 7" value="7" property="Grade"/>
        <poolproperty label="Scoring Engine = Automatic with Key(s)" value="Automatic with Key(s)" property="Scoring Engine"/>
        <itemscoredimension measurementmodel="IRT3PLn" weight="1.0" scorepoints="1">
          <itemscoreparameter value="0.56717" measurementparameter="a"/>
          <itemscoreparameter value="0.43984" measurementparameter="b"/>
          <itemscoreparameter value="0.0" measurementparameter="c"/>
        </itemscoredimension>
      </testitem>
      <testitem itemtype="MC" filename="item-200-183038.xml">
        <identifier version="4" uniqueid="200-183038"/>
        <bpref>(SBAC)SBAC-ICA-IRP-ELA-FIXED-7-COMBINED-2020-2021</bpref>
        <bpref>SBAC-2-W</bpref>
        <bpref>SBAC-2-W|6-7</bpref>
        <bpref>SBAC-2-W|6-7|7.W.1b</bpref>
        <poolproperty label="English" value="ENU" property="Language"/>
        <poolproperty label="Braille" value="ENU-Braille" property="Language"/>
        <poolproperty label="ItemType = MC" value="MC" property="--ITEMTYPE--"/>
        <poolproperty label="Answer Key = C" value="C" property="Answer Key"/>
        <poolproperty label="ASL = N" value="N" property="ASL"/>
        <poolproperty label="Braille = BRF" value="BRF" property="Braille"/>
        <poolproperty label="Depth of Knowledge = 2" value="2" property="Depth of Knowledge"/>
        <poolproperty label="Grade = 7" value="7" property="Grade"/>
        <poolproperty label="Scoring Engine = Automatic with Key" value="Automatic with Key" property="Scoring Engine"/>
        <itemscoredimension measurementmodel="IRT3PLn" weight="1.0" scorepoints="1">
          <itemscoreparameter value="0.5162" measurementparameter="a"/>
          <itemscoreparameter value="-0.47652" measurementparameter="b"/>
          <itemscoreparameter value="0.0" measurementparameter="c"/>
        </itemscoredimension>
      </testitem>
      <testitem itemtype="MC" filename="item-200-182971.xml">
        <identifier version="4" uniqueid="200-182971"/>
        <bpref>(SBAC)SBAC-ICA-IRP-ELA-FIXED-7-COMBINED-2020-2021</bpref>
        <bpref>SBAC-1-IT</bpref>
        <bpref>SBAC-1-IT|13-7</bpref>
        <bpref>SBAC-1-IT|13-7|7.RI.5</bpref>
        <passageref>200-193782</passageref>
        <poolproperty label="English" value="ENU" property="Language"/>
        <poolproperty label="Braille" value="ENU-Braille" property="Language"/>
        <poolproperty label="ItemType = MC" value="MC" property="--ITEMTYPE--"/>
        <poolproperty label="Answer Key = C" value="C" property="Answer Key"/>
        <poolproperty label="ASL = N" value="N" property="ASL"/>
        <poolproperty label="Braille = BRF" value="BRF" property="Braille"/>
        <poolproperty label="Depth of Knowledge = 2" value="2" property="Depth of Knowledge"/>
        <poolproperty label="Grade = 7" value="7" property="Grade"/>
        <poolproperty label="Scoring Engine = Automatic with Key" value="Automatic with Key" property="Scoring Engine"/>
        <itemscoredimension measurementmodel="IRT3PLn" weight="1.0" scorepoints="1">
          <itemscoreparameter value="0.14511" measurementparameter="a"/>
          <itemscoreparameter value="3.64753" measurementparameter="b"/>
          <itemscoreparameter value="0.0" measurementparameter="c"/>
        </itemscoredimension>
      </testitem>
      <testitem itemtype="HTQ" filename="item-200-183040.xml">
        <identifier version="4" uniqueid="200-183040"/>
        <bpref>(SBAC)SBAC-ICA-IRP-ELA-FIXED-7-COMBINED-2020-2021</bpref>
        <bpref>SBAC-1-IT</bpref>
        <bpref>SBAC-1-IT|11-7</bpref>
        <bpref>SBAC-1-IT|11-7|7.RI.1</bpref>
        <passageref>200-193782</passageref>
        <poolproperty label="English" value="ENU" property="Language"/>
        <poolproperty label="Braille" value="ENU-Braille" property="Language"/>
        <poolproperty label="ItemType = HTQ" value="HTQ" property="--ITEMTYPE--"/>
        <poolproperty label="Answer Key = HTQ" value="HTQ" property="Answer Key"/>
        <poolproperty label="ASL = N" value="N" property="ASL"/>
        <poolproperty label="Braille = BRF" value="BRF" property="Braille"/>
        <poolproperty label="Depth of Knowledge = 4" value="4" property="Depth of Knowledge"/>
        <poolproperty label="Grade = 7" value="7" property="Grade"/>
        <poolproperty label="Scoring Engine = Automatic with Machine Rubric" value="Automatic with Machine Rubric" property="Scoring Engine"/>
        <itemscoredimension measurementmodel="IRT3PLn" weight="1.0" scorepoints="1">
          <itemscoreparameter value="0.41154" measurementparameter="a"/>
          <itemscoreparameter value="3.1441" measurementparameter="b"/>
          <itemscoreparameter value="0.0" measurementparameter="c"/>
        </itemscoredimension>
      </testitem>
      <testitem itemtype="MS" filename="item-200-183171.xml">
        <identifier version="4" uniqueid="200-183171"/>
        <bpref>(SBAC)SBAC-ICA-IRP-ELA-FIXED-7-COMBINED-2020-2021</bpref>
        <bpref>SBAC-1-LT</bpref>
        <bpref>SBAC-1-LT|3-7</bpref>
        <bpref>SBAC-1-LT|3-7|7.RL.4</bpref>
        <passageref>200-193797</passageref>
        <poolproperty label="English" value="ENU" property="Language"/>
        <poolproperty label="Braille" value="ENU-Braille" property="Language"/>
        <poolproperty label="ItemType = MS" value="MS" property="--ITEMTYPE--"/>
        <poolproperty label="Answer Key = B,E" value="B,E" property="Answer Key"/>
        <poolproperty label="ASL = N" value="N" property="ASL"/>
        <poolproperty label="Braille = BRF" value="BRF" property="Braille"/>
        <poolproperty label="Depth of Knowledge = 3" value="3" property="Depth of Knowledge"/>
        <poolproperty label="Grade = 7" value="7" property="Grade"/>
        <poolproperty label="Scoring Engine = Automatic with Key(s)" value="Automatic with Key(s)" property="Scoring Engine"/>
        <itemscoredimension measurementmodel="IRT3PLn" weight="1.0" scorepoints="1">
          <itemscoreparameter value="0.71054" measurementparameter="a"/>
          <itemscoreparameter value="0.68759" measurementparameter="b"/>
          <itemscoreparameter value="0.0" measurementparameter="c"/>
        </itemscoredimension>
      </testitem>
      <testitem itemtype="SA" filename="item-200-183173.xml">
        <identifier version="4" uniqueid="200-183173"/>
        <bpref>(SBAC)SBAC-ICA-IRP-ELA-FIXED-7-COMBINED-2020-2021</bpref>
        <bpref>SBAC-1-LT</bpref>
        <bpref>SBAC-1-LT|4-7</bpref>
        <bpref>SBAC-1-LT|4-7|7.RL.3</bpref>
        <passageref>200-193797</passageref>
        <poolproperty label="English" value="ENU" property="Language"/>
        <poolproperty label="Braille" value="ENU-Braille" property="Language"/>
        <poolproperty label="ItemType = SA" value="SA" property="--ITEMTYPE--"/>
        <poolproperty label="Answer Key = SA" value="SA" property="Answer Key"/>
        <poolproperty label="ASL = N" value="N" property="ASL"/>
        <poolproperty label="Braille = BRF" value="BRF" property="Braille"/>
        <poolproperty label="Depth of Knowledge = 3" value="3" property="Depth of Knowledge"/>
        <poolproperty label="Grade = 7" value="7" property="Grade"/>
        <poolproperty label="Scoring Engine = HandScored" value="HandScored" property="Scoring Engine"/>
        <itemscoredimension measurementmodel="IRTGPC" weight="1.0" scorepoints="2">
          <itemscoreparameter value="0.99335" measurementparameter="a"/>
          <itemscoreparameter value="1.03801" measurementparameter="b0"/>
          <itemscoreparameter value="2.54373" measurementparameter="b1"/>
        </itemscoredimension>
      </testitem>
      <testitem itemtype="MS" filename="item-200-183175.xml">
        <identifier version="4" uniqueid="200-183175"/>
        <bpref>(SBAC)SBAC-ICA-IRP-ELA-FIXED-7-COMBINED-2020-2021</bpref>
        <bpref>SBAC-1-LT</bpref>
        <bpref>SBAC-1-LT|6-7</bpref>
        <bpref>SBAC-1-LT|6-7|7.RL.5</bpref>
        <passageref>200-193797</passageref>
        <poolproperty label="English" value="ENU" property="Language"/>
        <poolproperty label="Braille" value="ENU-Braille" property="Language"/>
        <poolproperty label="ItemType = MS" value="MS" property="--ITEMTYPE--"/>
        <poolproperty label="Answer Key = D,F" value="D,F" property="Answer Key"/>
        <poolproperty label="ASL = N" value="N" property="ASL"/>
        <poolproperty label="Braille = BRF" value="BRF" property="Braille"/>
        <poolproperty label="Depth of Knowledge = 2" value="2" property="Depth of Knowledge"/>
        <poolproperty label="Grade = 7" value="7" property="Grade"/>
        <poolproperty label="Scoring Engine = Automatic with Key(s)" value="Automatic with Key(s)" property="Scoring Engine"/>
        <itemscoredimension measurementmodel="IRT3PLn" weight="1.0" scorepoints="1">
          <itemscoreparameter value="0.65941" measurementparameter="a"/>
          <itemscoreparameter value="2.39106" measurementparameter="b"/>
          <itemscoreparameter value="0.0" measurementparameter="c"/>
        </itemscoredimension>
      </testitem>
      <testitem itemtype="MI" filename="item-200-27947.xml">
        <identifier version="4" uniqueid="200-27947"/>
        <bpref>(SBAC)SBAC-ICA-IRP-ELA-FIXED-7-COMBINED-2020-2021</bpref>
        <bpref>SBAC-3-L</bpref>
        <bpref>SBAC-3-L|4-7</bpref>
        <bpref>SBAC-3-L|4-7|7.SL.3</bpref>
        <passageref>200-170720</passageref>
        <poolproperty label="English" value="ENU" property="Language"/>
        <poolproperty label="Braille" value="ENU-Braille" property="Language"/>
        <poolproperty label="ItemType = MI" value="MI" property="--ITEMTYPE--"/>
        <poolproperty label="Answer Key = MI" value="MI" property="Answer Key"/>
        <poolproperty label="ASL = Y" value="Y" property="ASL"/>
        <poolproperty label="Braille = BRF" value="BRF" property="Braille"/>
        <poolproperty label="Depth of Knowledge = 3" value="3" property="Depth of Knowledge"/>
        <poolproperty label="Grade = 7" value="7" property="Grade"/>
        <poolproperty label="Scoring Engine = Automatic with Machine Rubric" value="Automatic with Machine Rubric" property="Scoring Engine"/>
        <itemscoredimension measurementmodel="IRT3PLn" weight="1.0" scorepoints="1">
          <itemscoreparameter value="0.43614" measurementparameter="a"/>
          <itemscoreparameter value="1.32009" measurementparameter="b"/>
          <itemscoreparameter value="0.0" measurementparameter="c"/>
        </itemscoredimension>
      </testitem>
      <testitem itemtype="EBSR" filename="item-200-27965.xml">
        <identifier version="4" uniqueid="200-27965"/>
        <bpref>(SBAC)SBAC-ICA-IRP-ELA-FIXED-7-COMBINED-2020-2021</bpref>
        <bpref>SBAC-3-L</bpref>
        <bpref>SBAC-3-L|4-7</bpref>
        <bpref>SBAC-3-L|4-7|7.SL.3</bpref>
        <passageref>200-170720</passageref>
        <poolproperty label="English" value="ENU" property="Language"/>
        <poolproperty label="Braille" value="ENU-Braille" property="Language"/>
        <poolproperty label="ItemType = EBSR" value="EBSR" property="--ITEMTYPE--"/>
        <poolproperty label="Answer Key = C" value="C" property="Answer Key"/>
        <poolproperty label="Answer Key (Part II) = C" value="C" property="Answer Key (Part II)"/>
        <poolproperty label="ASL = Y" value="Y" property="ASL"/>
        <poolproperty label="Braille = BRF" value="BRF" property="Braille"/>
        <poolproperty label="Depth of Knowledge = 3" value="3" property="Depth of Knowledge"/>
        <poolproperty label="Grade = 7" value="7" property="Grade"/>
        <poolproperty label="Scoring Engine = Automatic with Key(s)" value="Automatic with Key(s)" property="Scoring Engine"/>
        <itemscoredimension measurementmodel="IRT3PLn" weight="1.0" scorepoints="1">
          <itemscoreparameter value="0.61977" measurementparameter="a"/>
          <itemscoreparameter value="0.19079" measurementparameter="b"/>
          <itemscoreparameter value="0.0" measurementparameter="c"/>
        </itemscoredimension>
      </testitem>
      <testitem itemtype="SA" filename="item-200-58584.xml">
        <identifier version="4" uniqueid="200-58584"/>
        <bpref>(SBAC)SBAC-ICA-IRP-ELA-FIXED-7-COMBINED-2020-2021</bpref>
        <bpref>SBAC-2-W</bpref>
        <bpref>SBAC-2-W|6-7</bpref>
        <bpref>SBAC-2-W|6-7|7.W.1a</bpref>
        <poolproperty label="English" value="ENU" property="Language"/>
        <poolproperty label="Braille" value="ENU-Braille" property="Language"/>
        <poolproperty label="ItemType = SA" value="SA" property="--ITEMTYPE--"/>
        <poolproperty label="Answer Key = SA" value="SA" property="Answer Key"/>
        <poolproperty label="ASL = N" value="N" property="ASL"/>
        <poolproperty label="Braille = BRF" value="BRF" property="Braille"/>
        <poolproperty label="Depth of Knowledge = 3" value="3" property="Depth of Knowledge"/>
        <poolproperty label="Grade = 7" value="7" property="Grade"/>
        <poolproperty label="Scoring Engine = HandScored" value="HandScored" property="Scoring Engine"/>
        <itemscoredimension measurementmodel="IRTGPC" weight="1.0" scorepoints="2">
          <itemscoreparameter value="0.63861" measurementparameter="a"/>
          <itemscoreparameter value="0.43174" measurementparameter="b0"/>
          <itemscoreparameter value="3.16512" measurementparameter="b1"/>
        </itemscoredimension>
      </testitem>
      <testitem itemtype="MC" filename="item-200-55391.xml">
        <identifier version="4" uniqueid="200-55391"/>
        <bpref>(SBAC)SBAC-ICA-IRP-ELA-PT-7-SEG1-PT1-COMBINED-2020-2021</bpref>
        <bpref>SBAC-4-CR</bpref>
        <bpref>SBAC-4-CR|3-7</bpref>
        <bpref>SBAC-4-CR|3-7|7.W.8</bpref>
        <passageref>200-171857</passageref>
        <poolproperty label="English" value="ENU" property="Language"/>
        <poolproperty label="Braille" value="ENU-Braille" property="Language"/>
        <poolproperty label="ItemType = MC" value="MC" property="--ITEMTYPE--"/>
        <poolproperty label="Answer Key = A" value="A" property="Answer Key"/>
        <poolproperty label="ASL = N" value="N" property="ASL"/>
        <poolproperty label="Braille = BRF" value="BRF" property="Braille"/>
        <poolproperty label="Depth of Knowledge = 3" value="3" property="Depth of Knowledge"/>
        <poolproperty label="Grade = 7" value="7" property="Grade"/>
        <poolproperty label="Scoring Engine = Automatic with Key" value="Automatic with Key" property="Scoring Engine"/>
        <itemscoredimension measurementmodel="IRT3PLn" weight="1.0" scorepoints="1">
          <itemscoreparameter value="0.59364" measurementparameter="a"/>
          <itemscoreparameter value="0.54401" measurementparameter="b"/>
          <itemscoreparameter value="0.0" measurementparameter="c"/>
        </itemscoredimension>
      </testitem>
      <testitem itemtype="SA" filename="item-200-61210.xml">
        <identifier version="4" uniqueid="200-61210"/>
        <bpref>(SBAC)SBAC-ICA-IRP-ELA-PT-7-SEG2-PT2-COMBINED-2020-2021</bpref>
        <bpref>SBAC-4-CR</bpref>
        <bpref>SBAC-4-CR|4-7</bpref>
        <bpref>SBAC-4-CR|4-7|7.W.8</bpref>
        <passageref>200-171857</passageref>
        <poolproperty label="English" value="ENU" property="Language"/>
        <poolproperty label="Braille" value="ENU-Braille" property="Language"/>
        <poolproperty label="ItemType = SA" value="SA" property="--ITEMTYPE--"/>
        <poolproperty label="Answer Key = SA" value="SA" property="Answer Key"/>
        <poolproperty label="ASL = N" value="N" property="ASL"/>
        <poolproperty label="Braille = BRF" value="BRF" property="Braille"/>
        <poolproperty label="Depth of Knowledge = 3" value="3" property="Depth of Knowledge"/>
        <poolproperty label="Grade = 7" value="7" property="Grade"/>
        <poolproperty label="Scoring Engine = HandScored" value="HandScored" property="Scoring Engine"/>
        <itemscoredimension measurementmodel="IRTGPC" weight="1.0" scorepoints="2">
          <itemscoreparameter value="0.76435" measurementparameter="a"/>
          <itemscoreparameter value="0.43464" measurementparameter="b0"/>
          <itemscoreparameter value="1.76102" measurementparameter="b1"/>
        </itemscoredimension>
      </testitem>
      <testitem itemtype="WER" filename="item-200-55393.xml">
        <identifier version="4" uniqueid="200-55393"/>
        <bpref>(SBAC)SBAC-ICA-IRP-ELA-PT-7-SEG2-PT2-COMBINED-2020-2021</bpref>
        <bpref>SBAC-2-W</bpref>
        <bpref>SBAC-2-W|2-7</bpref>
        <bpref>SBAC-2-W|2-7|7.W.3a</bpref>
        <passageref>200-171857</passageref>
        <poolproperty label="English" value="ENU" property="Language"/>
        <poolproperty label="Braille" value="ENU-Braille" property="Language"/>
        <poolproperty label="ItemType = WER" value="WER" property="--ITEMTYPE--"/>
        <poolproperty label="Answer Key = WER" value="WER" property="Answer Key"/>
        <poolproperty label="ASL = N" value="N" property="ASL"/>
        <poolproperty label="Braille = BRF" value="BRF" property="Braille"/>
        <poolproperty label="Depth of Knowledge = 4" value="4" property="Depth of Knowledge"/>
        <poolproperty label="Grade = 7" value="7" property="Grade"/>
        <poolproperty label="Scoring Engine = HandScored" value="HandScored" property="Scoring Engine"/>
        <itemscoredimension measurementmodel="IRTGPC" weight="1.0" dimension="C" scorepoints="2">
          <itemscoreparameter value="0.9452" measurementparameter="a"/>
          <itemscoreparameter value="-0.21148" measurementparameter="b0"/>
          <itemscoreparameter value="0.54702" measurementparameter="b1"/>
        </itemscoredimension>
        <itemscoredimension measurementmodel="IRTGPC" weight="1.0" dimension="D" scorepoints="4">
          <itemscoreparameter value="0.61023" measurementparameter="a"/>
          <itemscoreparameter value="-0.68479" measurementparameter="b0"/>
          <itemscoreparameter value="-0.1517" measurementparameter="b1"/>
          <itemscoreparameter value="1.25336" measurementparameter="b2"/>
          <itemscoreparameter value="3.15217" measurementparameter="b3"/>
        </itemscoredimension>
      </testitem>
    </itempool>
    <testform length="20">
      <identifier version="4" name="(SBAC)SBAC-ICA-IRP-COMBINED-ELA-7-2020-2021:Default-ENU-Braille" uniqueid="(SBAC)SBAC-ICA-IRP-COMBINED-ELA-7-2020-2021:Default-ENU-Braille"/>
      <property label="Braille" name="Language" value="ENU-Braille"/>
      <formpartition>
        <identifier version="4" name="Grade 7 ELA - IRP Comprehensive Assessment (ICA)::BRL COMBINED" uniqueid="200-1881481792"/>
        <itemgroup formposition="1" maxresponses="0" maxitems="ALL">
          <identifier version="4" name="200-1881481792:I-200-182934" uniqueid="200-1881481792:I-200-182934"/>
          <groupitem blockid="A" groupposition="1" isfieldtest="false" responserequired="true" formposition="1" adminrequired="true" itemid="200-182934" isactive="true"/>
        </itemgroup>
        <itemgroup formposition="2" maxresponses="0" maxitems="ALL">
          <identifier version="4" name="200-1881481792:I-200-182936" uniqueid="200-1881481792:I-200-182936"/>
          <groupitem blockid="A" groupposition="1" isfieldtest="false" responserequired="true" formposition="2" adminrequired="true" itemid="200-182936" isactive="true"/>
        </itemgroup>
        <itemgroup formposition="3" maxresponses="0" maxitems="ALL">
          <identifier version="4" name="200-1881481792:I-200-182944" uniqueid="200-1881481792:I-200-182944"/>
          <groupitem blockid="A" groupposition="1" isfieldtest="false" responserequired="true" formposition="3" adminrequired="true" itemid="200-182944" isactive="true"/>
        </itemgroup>
        <itemgroup formposition="4" maxresponses="0" maxitems="ALL">
          <identifier version="4" name="200-1881481792:I-200-182961" uniqueid="200-1881481792:I-200-182961"/>
          <groupitem blockid="A" groupposition="1" isfieldtest="false" responserequired="true" formposition="4" adminrequired="true" itemid="200-182961" isactive="true"/>
        </itemgroup>
        <itemgroup formposition="5" maxresponses="0" maxitems="ALL">
          <identifier version="4" name="200-1881481792:I-200-182966" uniqueid="200-1881481792:I-200-182966"/>
          <groupitem blockid="A" groupposition="1" isfieldtest="false" responserequired="true" formposition="5" adminrequired="true" itemid="200-182966" isactive="true"/>
        </itemgroup>
        <itemgroup formposition="6" maxresponses="ALL" maxitems="ALL">
          <identifier version="4" name="200-1881481792:G-200-193785-0" uniqueid="200-1881481792:G-200-193785-0"/>
          <passageref>200-193785</passageref>
          <groupitem blockid="A" groupposition="1" isfieldtest="false" responserequired="true" formposition="6" adminrequired="true" itemid="200-182981" isactive="true"/>
          <groupitem blockid="A" groupposition="2" isfieldtest="false" responserequired="true" formposition="7" adminrequired="true" itemid="200-182982" isactive="true"/>
          <groupitem blockid="A" groupposition="3" isfieldtest="false" responserequired="true" formposition="8" adminrequired="true" itemid="200-182983" isactive="true"/>
        </itemgroup>
        <itemgroup formposition="7" maxresponses="0" maxitems="ALL">
          <identifier version="4" name="200-1881481792:I-200-183038" uniqueid="200-1881481792:I-200-183038"/>
          <groupitem blockid="A" groupposition="1" isfieldtest="false" responserequired="true" formposition="9" adminrequired="true" itemid="200-183038" isactive="true"/>
        </itemgroup>
        <itemgroup formposition="8" maxresponses="ALL" maxitems="ALL">
          <identifier version="4" name="200-1881481792:G-200-193782-0" uniqueid="200-1881481792:G-200-193782-0"/>
          <passageref>200-193782</passageref>
          <groupitem blockid="A" groupposition="1" isfieldtest="false" responserequired="true" formposition="10" adminrequired="true" itemid="200-182971" isactive="true"/>
          <groupitem blockid="A" groupposition="2" isfieldtest="false" responserequired="true" formposition="11" adminrequired="true" itemid="200-183040" isactive="true"/>
        </itemgroup>
        <itemgroup formposition="9" maxresponses="ALL" maxitems="ALL">
          <identifier version="4" name="200-1881481792:G-200-193797-0" uniqueid="200-1881481792:G-200-193797-0"/>
          <passageref>200-193797</passageref>
          <groupitem blockid="A" groupposition="1" isfieldtest="false" responserequired="true" formposition="12" adminrequired="true" itemid="200-183171" isactive="true"/>
          <groupitem blockid="A" groupposition="2" isfieldtest="false" responserequired="true" formposition="13" adminrequired="true" itemid="200-183173" isactive="true"/>
          <groupitem blockid="A" groupposition="3" isfieldtest="false" responserequired="true" formposition="14" adminrequired="true" itemid="200-183175" isactive="true"/>
        </itemgroup>
        <itemgroup formposition="10" maxresponses="ALL" maxitems="ALL">
          <identifier version="4" name="200-1881481792:G-200-170720-0" uniqueid="200-1881481792:G-200-170720-0"/>
          <passageref>200-170720</passageref>
          <groupitem blockid="A" groupposition="1" isfieldtest="false" responserequired="true" formposition="15" adminrequired="true" itemid="200-27947" isactive="true"/>
          <groupitem blockid="A" groupposition="2" isfieldtest="false" responserequired="true" formposition="16" adminrequired="true" itemid="200-27965" isactive="true"/>
        </itemgroup>
        <itemgroup formposition="11" maxresponses="0" maxitems="ALL">
          <identifier version="4" name="200-1881481792:I-200-58584" uniqueid="200-1881481792:I-200-58584"/>
          <groupitem blockid="A" groupposition="1" isfieldtest="false" responserequired="true" formposition="17" adminrequired="true" itemid="200-58584" isactive="true"/>
        </itemgroup>
      </formpartition>
      <formpartition>
        <identifier version="4" name="Grade 7 ELA - Performance Task - IRP - PT1 (ICA)::BRL COMBINED" uniqueid="200-1828792380"/>
        <itemgroup formposition="1" maxresponses="0" maxitems="ALL">
          <identifier version="4" name="200-1828792380:G-200-171857-1" uniqueid="200-1828792380:G-200-171857-1"/>
          <passageref>200-171857</passageref>
          <groupitem blockid="A" groupposition="1" isfieldtest="false" responserequired="true" formposition="1" adminrequired="true" itemid="200-55391" isactive="true"/>
        </itemgroup>
      </formpartition>
      <formpartition>
        <identifier version="4" name="Grade 7 ELA - Performance Task - IRP - PT2 (ICA)::BRL COMBINED" uniqueid="200-1699709661"/>
        <itemgroup formposition="1" maxresponses="ALL" maxitems="ALL">
          <identifier version="4" name="200-1699709661:G-200-171857-2" uniqueid="200-1699709661:G-200-171857-2"/>
          <passageref>200-171857</passageref>
          <groupitem blockid="A" groupposition="1" isfieldtest="false" responserequired="true" formposition="1" adminrequired="true" itemid="200-61210" isactive="true"/>
          <groupitem blockid="A" groupposition="2" isfieldtest="false" responserequired="true" formposition="2" adminrequired="true" itemid="200-55393" isactive="true"/>
        </itemgroup>
      </formpartition>
    </testform>
    <testform length="20">
      <identifier version="4" name="(SBAC)SBAC-ICA-IRP-COMBINED-ELA-7-2020-2021:Default-ENU" uniqueid="(SBAC)SBAC-ICA-IRP-COMBINED-ELA-7-2020-2021:Default-ENU"/>
      <property label="English" name="Language" value="ENU"/>
      <formpartition>
        <identifier version="4" name="Grade 7 ELA - IRP Comprehensive Assessment (ICA)::ENU COMBINED" uniqueid="200-1881484560"/>
        <itemgroup formposition="1" maxresponses="0" maxitems="ALL">
          <identifier version="4" name="200-1881484560:I-200-182934" uniqueid="200-1881484560:I-200-182934"/>
          <groupitem blockid="A" groupposition="1" isfieldtest="false" responserequired="true" formposition="1" adminrequired="true" itemid="200-182934" isactive="true"/>
        </itemgroup>
        <itemgroup formposition="2" maxresponses="0" maxitems="ALL">
          <identifier version="4" name="200-1881484560:I-200-182936" uniqueid="200-1881484560:I-200-182936"/>
          <groupitem blockid="A" groupposition="1" isfieldtest="false" responserequired="true" formposition="2" adminrequired="true" itemid="200-182936" isactive="true"/>
        </itemgroup>
        <itemgroup formposition="3" maxresponses="0" maxitems="ALL">
          <identifier version="4" name="200-1881484560:I-200-182944" uniqueid="200-1881484560:I-200-182944"/>
          <groupitem blockid="A" groupposition="1" isfieldtest="false" responserequired="true" formposition="3" adminrequired="true" itemid="200-182944" isactive="true"/>
        </itemgroup>
        <itemgroup formposition="4" maxresponses="0" maxitems="ALL">
          <identifier version="4" name="200-1881484560:I-200-182961" uniqueid="200-1881484560:I-200-182961"/>
          <groupitem blockid="A" groupposition="1" isfieldtest="false" responserequired="true" formposition="4" adminrequired="true" itemid="200-182961" isactive="true"/>
        </itemgroup>
        <itemgroup formposition="5" maxresponses="0" maxitems="ALL">
          <identifier version="4" name="200-1881484560:I-200-182966" uniqueid="200-1881484560:I-200-182966"/>
          <groupitem blockid="A" groupposition="1" isfieldtest="false" responserequired="true" formposition="5" adminrequired="true" itemid="200-182966" isactive="true"/>
        </itemgroup>
        <itemgroup formposition="6" maxresponses="ALL" maxitems="ALL">
          <identifier version="4" name="200-1881484560:G-200-193785-0" uniqueid="200-1881484560:G-200-193785-0"/>
          <passageref>200-193785</passageref>
          <groupitem blockid="A" groupposition="1" isfieldtest="false" responserequired="true" formposition="6" adminrequired="true" itemid="200-182981" isactive="true"/>
          <groupitem blockid="A" groupposition="2" isfieldtest="false" responserequired="true" formposition="7" adminrequired="true" itemid="200-182982" isactive="true"/>
          <groupitem blockid="A" groupposition="3" isfieldtest="false" responserequired="true" formposition="8" adminrequired="true" itemid="200-182983" isactive="true"/>
        </itemgroup>
        <itemgroup formposition="7" maxresponses="0" maxitems="ALL">
          <identifier version="4" name="200-1881484560:I-200-183038" uniqueid="200-1881484560:I-200-183038"/>
          <groupitem blockid="A" groupposition="1" isfieldtest="false" responserequired="true" formposition="9" adminrequired="true" itemid="200-183038" isactive="true"/>
        </itemgroup>
        <itemgroup formposition="8" maxresponses="ALL" maxitems="ALL">
          <identifier version="4" name="200-1881484560:G-200-193782-0" uniqueid="200-1881484560:G-200-193782-0"/>
          <passageref>200-193782</passageref>
          <groupitem blockid="A" groupposition="1" isfieldtest="false" responserequired="true" formposition="10" adminrequired="true" itemid="200-182971" isactive="true"/>
          <groupitem blockid="A" groupposition="2" isfieldtest="false" responserequired="true" formposition="11" adminrequired="true" itemid="200-183040" isactive="true"/>
        </itemgroup>
        <itemgroup formposition="9" maxresponses="ALL" maxitems="ALL">
          <identifier version="4" name="200-1881484560:G-200-193797-0" uniqueid="200-1881484560:G-200-193797-0"/>
          <passageref>200-193797</passageref>
          <groupitem blockid="A" groupposition="1" isfieldtest="false" responserequired="true" formposition="12" adminrequired="true" itemid="200-183171" isactive="true"/>
          <groupitem blockid="A" groupposition="2" isfieldtest="false" responserequired="true" formposition="13" adminrequired="true" itemid="200-183173" isactive="true"/>
          <groupitem blockid="A" groupposition="3" isfieldtest="false" responserequired="true" formposition="14" adminrequired="true" itemid="200-183175" isactive="true"/>
        </itemgroup>
        <itemgroup formposition="10" maxresponses="ALL" maxitems="ALL">
          <identifier version="4" name="200-1881484560:G-200-170720-0" uniqueid="200-1881484560:G-200-170720-0"/>
          <passageref>200-170720</passageref>
          <groupitem blockid="A" groupposition="1" isfieldtest="false" responserequired="true" formposition="15" adminrequired="true" itemid="200-27947" isactive="true"/>
          <groupitem blockid="A" groupposition="2" isfieldtest="false" responserequired="true" formposition="16" adminrequired="true" itemid="200-27965" isactive="true"/>
        </itemgroup>
        <itemgroup formposition="11" maxresponses="0" maxitems="ALL">
          <identifier version="4" name="200-1881484560:I-200-58584" uniqueid="200-1881484560:I-200-58584"/>
          <groupitem blockid="A" groupposition="1" isfieldtest="false" responserequired="true" formposition="17" adminrequired="true" itemid="200-58584" isactive="true"/>
        </itemgroup>
      </formpartition>
      <formpartition>
        <identifier version="4" name="Grade 7 ELA - Performance Task - IRP - PT1 (ICA)::ENU COMBINED" uniqueid="200-1828789612"/>
        <itemgroup formposition="1" maxresponses="0" maxitems="ALL">
          <identifier version="4" name="200-1828789612:G-200-171857-1" uniqueid="200-1828789612:G-200-171857-1"/>
          <passageref>200-171857</passageref>
          <groupitem blockid="A" groupposition="1" isfieldtest="false" responserequired="true" formposition="1" adminrequired="true" itemid="200-55391" isactive="true"/>
        </itemgroup>
      </formpartition>
      <formpartition>
        <identifier version="4" name="Grade 7 ELA - Performance Task - IRP - PT2 (ICA)::ENU COMBINED" uniqueid="200-1699706893"/>
        <itemgroup formposition="1" maxresponses="ALL" maxitems="ALL">
          <identifier version="4" name="200-1699706893:G-200-171857-2" uniqueid="200-1699706893:G-200-171857-2"/>
          <passageref>200-171857</passageref>
          <groupitem blockid="A" groupposition="1" isfieldtest="false" responserequired="true" formposition="1" adminrequired="true" itemid="200-61210" isactive="true"/>
          <groupitem blockid="A" groupposition="2" isfieldtest="false" responserequired="true" formposition="2" adminrequired="true" itemid="200-55393" isactive="true"/>
        </itemgroup>
      </formpartition>
    </testform>
    <performancelevels>
      <performancelevel bpelementid="(SBAC)SBAC-ICA-IRP-COMBINED-ELA-7-2020-2021" scaledhi="2479.0" scaledlo="2258.0" plevel="1"/>
      <performancelevel bpelementid="(SBAC)SBAC-ICA-IRP-COMBINED-ELA-7-2020-2021" scaledhi="2552.0" scaledlo="2479.0" plevel="2"/>
      <performancelevel bpelementid="(SBAC)SBAC-ICA-IRP-COMBINED-ELA-7-2020-2021" scaledhi="2649.0" scaledlo="2552.0" plevel="3"/>
      <performancelevel bpelementid="(SBAC)SBAC-ICA-IRP-COMBINED-ELA-7-2020-2021" scaledhi="2745.0" scaledlo="2649.0" plevel="4"/>
    </performancelevels>
    <scoringrules>
      <computationrule bpelementid="SOCK_R" computationorder="52">
        <identifier version="1" label="ScaleScore" name="ScaleScore" uniqueid="910dc81c-9b9a-45f2-bda5-26dc404eb05b"/>
      </computationrule>
      <computationrule bpelementid="SOCK_R" computationorder="82">
        <identifier version="1" label="PerformanceLevel" name="SEBasedPLWithRounding" uniqueid="e4f160cd-f080-4f56-aff5-2b72e415b7dc"/>
        <computationruleparameter position="1" parametertype="double">
          <identifier version="1" name="seMultiple" uniqueid="fdbbfcf3-3188-4a8a-be49-59d4619d2683"/>
          <computationruleparametervalue value="1.5"/>
        </computationruleparameter>
        <computationruleparameter position="2" parametertype="int">
          <identifier version="1" name="proficientPerformanceLevel" uniqueid="13fe2220-dfe1-4aa2-8dad-5606a050e236"/>
          <computationruleparametervalue value="3"/>
        </computationruleparameter>
        <computationruleparameter position="3" parametertype="double">
          <identifier version="1" name="LOT" uniqueid="955e91b7-5040-4048-a00a-9e36fe4486b2"/>
          <computationruleparametervalue value="-2.9114"/>
        </computationruleparameter>
        <computationruleparameter position="4" parametertype="double">
          <identifier version="1" name="HOT" uniqueid="155f0fc0-5bce-4af5-aa6f-a0f2f1e748c2"/>
          <computationruleparametervalue value="2.7547"/>
        </computationruleparameter>
      </computationrule>
      <computationrule bpelementid="SOCK_R" computationorder="142">
        <identifier version="1" label="RawScore" name="MultiStrandRawScore" uniqueid="af08bf6d-40ba-4b04-b022-f3ccfc1c1bfb"/>
        <computationruleparameter position="1" parametertype="string">
          <identifier version="1" name="subscales" uniqueid="b91de33f-6f38-4551-a94b-9e2042a889db"/>
          <property name="indextype" value="int"/>
          <computationruleparametervalue index="1" value="1-IT"/>
          <computationruleparametervalue index="2" value="1-LT"/>
        </computationruleparameter>
      </computationrule>
      <computationrule bpelementid="SOCK_R" computationorder="42">
        <identifier version="1" label="ThetaScore" name="SBACMultiStrandTheta" uniqueid="fd9f992c-78e9-421a-b6c7-12ffadcb47d7"/>
        <computationruleparameter position="1" parametertype="double">
          <identifier version="1" name="LOT" uniqueid="3ce639e0-7438-494f-b33f-f2e9fddf75f6"/>
          <computationruleparametervalue value="-2.9114"/>
        </computationruleparameter>
        <computationruleparameter position="2" parametertype="double">
          <identifier version="1" name="HOT" uniqueid="917d4571-3f28-472f-9589-a7914a18fe51"/>
          <computationruleparametervalue value="2.7547"/>
        </computationruleparameter>
        <computationruleparameter position="3" parametertype="double">
          <identifier version="1" name="seLimit" uniqueid="d9ad227a-da77-4f4e-8552-630848f2f09a"/>
          <computationruleparametervalue value="2.5"/>
        </computationruleparameter>
        <computationruleparameter position="4" parametertype="string">
          <identifier version="1" name="strands" uniqueid="1a90e8a6-3df3-498c-8723-08080b24017e"/>
          <property name="indextype" value="int"/>
          <computationruleparametervalue index="1" value="1-IT"/>
          <computationruleparametervalue index="2" value="1-LT"/>
        </computationruleparameter>
      </computationrule>
      <computationrule bpelementid="SOCK_R" computationorder="122">
        <identifier version="1" label="ItemCount" name="MultipleStrandItemCount" uniqueid="d1851327-0c14-4e4d-83c5-ea8a2a51b6ed"/>
        <computationruleparameter position="1" parametertype="string">
          <identifier version="1" name="subscales" uniqueid="d83863ed-696c-4d5a-8260-20328203bc88"/>
          <property name="indextype" value="int"/>
          <computationruleparametervalue index="1" value="1-IT"/>
          <computationruleparametervalue index="2" value="1-LT"/>
        </computationruleparameter>
      </computationrule>
      <computationrule bpelementid="SOCK_R" computationorder="132">
        <identifier version="1" label="ItemCountScored" name="MultipleStrandItemCountScored" uniqueid="6e005789-0704-4626-b2f4-f969948a8fdd"/>
        <computationruleparameter position="1" parametertype="string">
          <identifier version="1" name="subscales" uniqueid="c36de6a2-cdd3-44ba-9b16-26a3dea2e7d2"/>
          <property name="indextype" value="int"/>
          <computationruleparametervalue index="1" value="1-IT"/>
          <computationruleparametervalue index="2" value="1-LT"/>
        </computationruleparameter>
      </computationrule>
      <computationrule bpelementid="SOCK_LS" computationorder="53">
        <identifier version="1" label="ScaleScore" name="ScaleScore" uniqueid="cfc75f96-21ba-4f02-b0de-faaaa0924e35"/>
      </computationrule>
      <computationrule bpelementid="SOCK_LS" computationorder="83">
        <identifier version="1" label="PerformanceLevel" name="SEBasedPLWithRounding" uniqueid="0fd72067-a2d6-4959-b382-fd1976080554"/>
        <computationruleparameter position="1" parametertype="double">
          <identifier version="1" name="seMultiple" uniqueid="1668d00a-0d5b-4833-b603-629ed238b65f"/>
          <computationruleparametervalue value="1.5"/>
        </computationruleparameter>
        <computationruleparameter position="2" parametertype="int">
          <identifier version="1" name="proficientPerformanceLevel" uniqueid="7bc167f8-4a17-4425-b278-6cbdf0252ab5"/>
          <computationruleparametervalue value="3"/>
        </computationruleparameter>
        <computationruleparameter position="3" parametertype="double">
          <identifier version="1" name="LOT" uniqueid="0a79fcb7-83c5-4f53-8696-dc4640d0500f"/>
          <computationruleparametervalue value="-2.9114"/>
        </computationruleparameter>
        <computationruleparameter position="4" parametertype="double">
          <identifier version="1" name="HOT" uniqueid="702fc14d-9922-4e04-b372-141525c74f88"/>
          <computationruleparametervalue value="2.7547"/>
        </computationruleparameter>
      </computationrule>
      <computationrule bpelementid="SOCK_LS" computationorder="143">
        <identifier version="1" label="RawScore" name="MultiStrandRawScore" uniqueid="3d48e88c-0bef-4280-9eee-b26f381bf015"/>
        <computationruleparameter position="1" parametertype="string">
          <identifier version="1" name="subscales" uniqueid="e37c2e92-3cf6-4d58-a30f-2ab95e0ceed7"/>
          <property name="indextype" value="int"/>
          <computationruleparametervalue index="1" value="3-L"/>
          <computationruleparametervalue index="2" value="3-S"/>
        </computationruleparameter>
      </computationrule>
      <computationrule bpelementid="SOCK_LS" computationorder="43">
        <identifier version="1" label="ThetaScore" name="SBACMultiStrandTheta" uniqueid="d2a6d362-92cc-4470-9568-484e2f1fb19d"/>
        <computationruleparameter position="1" parametertype="double">
          <identifier version="1" name="LOT" uniqueid="fe7f2d65-4afa-451a-9a93-b64b5a4072cb"/>
          <computationruleparametervalue value="-2.9114"/>
        </computationruleparameter>
        <computationruleparameter position="2" parametertype="double">
          <identifier version="1" name="HOT" uniqueid="7214449d-6d1e-4606-b966-f106a3a14f90"/>
          <computationruleparametervalue value="2.7547"/>
        </computationruleparameter>
        <computationruleparameter position="3" parametertype="double">
          <identifier version="1" name="seLimit" uniqueid="b7c36c05-81d2-4e79-9793-63887a9dfb64"/>
          <computationruleparametervalue value="2.5"/>
        </computationruleparameter>
        <computationruleparameter position="4" parametertype="string">
          <identifier version="1" name="strands" uniqueid="d06601e1-1572-4d21-ad31-c18900ba3c03"/>
          <property name="indextype" value="int"/>
          <computationruleparametervalue index="1" value="3-L"/>
          <computationruleparametervalue index="2" value="3-S"/>
        </computationruleparameter>
      </computationrule>
      <computationrule bpelementid="SOCK_LS" computationorder="123">
        <identifier version="1" label="ItemCount" name="MultipleStrandItemCount" uniqueid="ff920d3c-0f68-4715-a7bd-3fa50039b793"/>
        <computationruleparameter position="1" parametertype="string">
          <identifier version="1" name="subscales" uniqueid="3f55b6b0-1f48-4df4-b5e1-676d03595200"/>
          <property name="indextype" value="int"/>
          <computationruleparametervalue index="1" value="3-L"/>
          <computationruleparametervalue index="2" value="3-S"/>
        </computationruleparameter>
      </computationrule>
      <computationrule bpelementid="SOCK_LS" computationorder="133">
        <identifier version="1" label="ItemCountScored" name="MultipleStrandItemCountScored" uniqueid="c7573e9c-3a7f-4074-9268-05bc1de3a595"/>
        <computationruleparameter position="1" parametertype="string">
          <identifier version="1" name="subscales" uniqueid="6277a14f-172e-4196-942b-be07eb4b4173"/>
          <property name="indextype" value="int"/>
          <computationruleparametervalue index="1" value="3-L"/>
          <computationruleparametervalue index="2" value="3-S"/>
        </computationruleparameter>
      </computationrule>
      <computationrule bpelementid="(SBAC)SBAC-ICA-IRP-COMBINED-ELA-7-2020-2021" computationorder="10">
        <identifier version="1" label="Attempted" name="SBACAttemptedness" uniqueid="e6984817-e02c-4c6b-a192-d99bd449ce60"/>
        <computationruleparameter position="1" parametertype="int">
          <identifier version="1" name="testPart" uniqueid="32db00f1-82c5-4ab6-8388-e428914f9701"/>
          <property name="indextype" value="string"/>
          <computationruleparametervalue index="SBAC-ICA-IRP-ELA-FIXED-7" value="1"/>
          <computationruleparametervalue index="SBAC-ICA-IRP-ELA-PT-7-SEG1-PT1" value="2"/>
          <computationruleparametervalue index="SBAC-ICA-IRP-ELA-PT-7-SEG2-PT2" value="2"/>
        </computationruleparameter>
      </computationrule>
      <computationrule bpelementid="(SBAC)SBAC-ICA-IRP-COMBINED-ELA-7-2020-2021" computationorder="20">
        <identifier version="1" label="ThetaScore" name="SBACTheta" uniqueid="02321cc6-af23-440c-a881-46902d38c9ec"/>
        <computationruleparameter position="1" parametertype="double">
          <identifier version="1" name="LOT" uniqueid="d59e60d4-ccac-4363-9785-383858b0491a"/>
          <computationruleparametervalue value="-2.9114"/>
        </computationruleparameter>
        <computationruleparameter position="2" parametertype="double">
          <identifier version="1" name="HOT" uniqueid="675a0911-4c52-4dff-8e48-21534398a0a8"/>
          <computationruleparametervalue value="2.7547"/>
        </computationruleparameter>
        <computationruleparameter position="3" parametertype="double">
          <identifier version="1" name="seLimit" uniqueid="76696b43-75a2-4987-b099-17808e530608"/>
          <computationruleparametervalue value="2.5"/>
        </computationruleparameter>
      </computationrule>
      <computationrule bpelementid="(SBAC)SBAC-ICA-IRP-COMBINED-ELA-7-2020-2021" computationorder="30">
        <identifier version="1" label="ScaleScore" name="ScaleScore" uniqueid="cd166e8d-0803-4ee1-aead-0594d1c56502"/>
      </computationrule>
      <computationrule bpelementid="(SBAC)SBAC-ICA-IRP-COMBINED-ELA-7-2020-2021" computationorder="35">
        <identifier version="1" label="PerformanceLevel" name="TestPerformanceLevel" uniqueid="31197d27-a4e6-4913-af12-08bae9eb495d"/>
      </computationrule>
      <computationrule bpelementid="(SBAC)SBAC-ICA-IRP-COMBINED-ELA-7-2020-2021" computationorder="90">
        <identifier version="1" label="ItemCount" name="ItemCount" uniqueid="1e607f54-6849-44d4-ae6c-7d8ed36cdf60"/>
      </computationrule>
      <computationrule bpelementid="(SBAC)SBAC-ICA-IRP-COMBINED-ELA-7-2020-2021" computationorder="100">
        <identifier version="1" label="ItemCountScored" name="ItemCountScored" uniqueid="6623418a-27a2-4781-8b68-20cc66f7ccff"/>
      </computationrule>
      <computationrule bpelementid="(SBAC)SBAC-ICA-IRP-COMBINED-ELA-7-2020-2021" computationorder="110">
        <identifier version="1" label="RawScore" name="RawScore" uniqueid="e59681e0-2cf0-4d5e-9049-0a013f3d4216"/>
      </computationrule>
      <computationrule bpelementid="(SBAC)SBAC-ICA-IRP-COMBINED-ELA-7-2020-2021" computationorder="300">
        <identifier version="1" label="AccommodationCodes" name="SBACAccommodationUseCodes" uniqueid="3a373733-bcdd-4b21-887b-d80de0d799b7"/>
        <computationruleparameter position="1" parametertype="string">
          <identifier version="1" name="accomNoCodes" uniqueid="52c6b444-2185-4b19-bd5a-cec2fa350d67"/>
          <property name="indextype" value="string"/>
          <computationruleparametervalue index="Print Size" value="TDS_PS_L0"/>
        </computationruleparameter>
      </computationrule>
      <computationrule bpelementid="SBAC-4-CR" computationorder="41">
        <identifier version="1" label="ThetaScore" name="SBACTheta" uniqueid="c05b4d31-54f8-4455-8758-af420e45aad3"/>
        <computationruleparameter position="1" parametertype="double">
          <identifier version="1" name="LOT" uniqueid="d6e034aa-918e-4780-ad07-4f7b52f6bab6"/>
          <computationruleparametervalue value="-2.9114"/>
        </computationruleparameter>
        <computationruleparameter position="2" parametertype="double">
          <identifier version="1" name="HOT" uniqueid="5e833b67-59ef-4cad-83ca-109dc45011bf"/>
          <computationruleparametervalue value="2.7547"/>
        </computationruleparameter>
        <computationruleparameter position="3" parametertype="double">
          <identifier version="1" name="seLimit" uniqueid="b903803f-b78c-4c70-a1a3-7aa23cc126ca"/>
          <computationruleparametervalue value="2.5"/>
        </computationruleparameter>
      </computationrule>
      <computationrule bpelementid="SBAC-4-CR" computationorder="51">
        <identifier version="1" label="ScaleScore" name="ScaleScore" uniqueid="a4cd66ee-1e05-47ad-baff-3bc75dce5ace"/>
      </computationrule>
      <computationrule bpelementid="SBAC-4-CR" computationorder="81">
        <identifier version="1" label="PerformanceLevel" name="SEBasedPLWithRounding" uniqueid="6c6baea6-6b01-4515-bf53-ce948b95612d"/>
        <computationruleparameter position="1" parametertype="double">
          <identifier version="1" name="seMultiple" uniqueid="14a7cdfd-36dc-405d-909a-b9b92a2967d1"/>
          <computationruleparametervalue value="1.5"/>
        </computationruleparameter>
        <computationruleparameter position="2" parametertype="int">
          <identifier version="1" name="proficientPerformanceLevel" uniqueid="fbdbf28a-ffcc-49b5-a139-3be0be737ce8"/>
          <computationruleparametervalue value="3"/>
        </computationruleparameter>
        <computationruleparameter position="3" parametertype="double">
          <identifier version="1" name="LOT" uniqueid="24c6558b-1f98-45f5-a312-076f8cdeaef7"/>
          <computationruleparametervalue value="-2.9114"/>
        </computationruleparameter>
        <computationruleparameter position="4" parametertype="double">
          <identifier version="1" name="HOT" uniqueid="9e54a961-95f5-4dff-820f-27bab3bbfc7c"/>
          <computationruleparametervalue value="2.7547"/>
        </computationruleparameter>
      </computationrule>
      <computationrule bpelementid="SBAC-4-CR" computationorder="121">
        <identifier version="1" label="ItemCount" name="ItemCount" uniqueid="52656f4f-8269-4c7c-8435-e9acb825f3e2"/>
      </computationrule>
      <computationrule bpelementid="SBAC-4-CR" computationorder="131">
        <identifier version="1" label="ItemCountScored" name="ItemCountScored" uniqueid="0137121d-66ec-464b-9a63-874d0b46c731"/>
      </computationrule>
      <computationrule bpelementid="SBAC-4-CR" computationorder="141">
        <identifier version="1" label="RawScore" name="RawScore" uniqueid="6f483d1d-3b98-4ea4-ae52-7094ba61fab7"/>
      </computationrule>
      <computationrule bpelementid="SBAC-2-W" computationorder="40">
        <identifier version="1" label="ThetaScore" name="SBACTheta" uniqueid="d7f630aa-c107-43b9-b77e-9a1435108382"/>
        <computationruleparameter position="1" parametertype="double">
          <identifier version="1" name="LOT" uniqueid="dca9ee42-78f3-469e-8313-65a04a33f8bb"/>
          <computationruleparametervalue value="-2.9114"/>
        </computationruleparameter>
        <computationruleparameter position="2" parametertype="double">
          <identifier version="1" name="HOT" uniqueid="f8bc0ad4-db24-40ce-8dd1-5cdc598f6217"/>
          <computationruleparametervalue value="2.7547"/>
        </computationruleparameter>
        <computationruleparameter position="3" parametertype="double">
          <identifier version="1" name="seLimit" uniqueid="9aa0a240-14f9-428e-b2bb-f75ebacff001"/>
          <computationruleparametervalue value="2.5"/>
        </computationruleparameter>
      </computationrule>
      <computationrule bpelementid="SBAC-2-W" computationorder="50">
        <identifier version="1" label="ScaleScore" name="ScaleScore" uniqueid="3362153e-35b7-452f-bee3-d742311afed9"/>
      </computationrule>
      <computationrule bpelementid="SBAC-2-W" computationorder="80">
        <identifier version="1" label="PerformanceLevel" name="SEBasedPLWithRounding" uniqueid="a2b45eda-96de-4964-9427-da4177c3967b"/>
        <computationruleparameter position="1" parametertype="double">
          <identifier version="1" name="seMultiple" uniqueid="a34decdd-8f99-49db-b3c4-25153a47b6ad"/>
          <computationruleparametervalue value="1.5"/>
        </computationruleparameter>
        <computationruleparameter position="2" parametertype="int">
          <identifier version="1" name="proficientPerformanceLevel" uniqueid="ee0fa8c7-26b3-467e-9214-57868ad3bf3c"/>
          <computationruleparametervalue value="3"/>
        </computationruleparameter>
        <computationruleparameter position="3" parametertype="double">
          <identifier version="1" name="LOT" uniqueid="421e77df-a048-4150-845a-92c029f7dc65"/>
          <computationruleparametervalue value="-2.9114"/>
        </computationruleparameter>
        <computationruleparameter position="4" parametertype="double">
          <identifier version="1" name="HOT" uniqueid="778d8985-d3a3-4842-9de5-e81fdb1a9b7a"/>
          <computationruleparametervalue value="2.7547"/>
        </computationruleparameter>
      </computationrule>
      <computationrule bpelementid="SBAC-2-W" computationorder="120">
        <identifier version="1" label="ItemCount" name="ItemCount" uniqueid="4dde6905-082e-44fc-ad25-70edf71830ee"/>
      </computationrule>
      <computationrule bpelementid="SBAC-2-W" computationorder="130">
        <identifier version="1" label="ItemCountScored" name="ItemCountScored" uniqueid="e9e17ebb-d21a-4320-99f5-d353f3b3da38"/>
      </computationrule>
      <computationrule bpelementid="SBAC-2-W" computationorder="140">
        <identifier version="1" label="RawScore" name="RawScore" uniqueid="6ddf76ab-91a5-420c-947f-8e862cd63d2b"/>
      </computationrule>
    </scoringrules>
  </scoring>
</testspecification>
