<testspecification version="1" purpose="scoring" publishdate="Mar 27 2020 12:14AM" publisher="SBAC">
  <identifier version="4" label="SBAC-ICA-IRP-COMBINED-MATH-4" name="SBAC-ICA-IRP-COMBINED-MATH-4" uniqueid="(SBAC)SBAC-ICA-IRP-COMBINED-MATH-4-2020-2021"/>
  <property label="MATH" name="subject" value="MATH"/>
  <property label="interim" name="type" value="interim"/>
  <property label="4" name="grade" value="4"/>
  <property label="4" name="grade" value="4"/>
  <scoring>
    <testblueprint>
      <bpelement maxftitems="0" opitemcount="19" elementtype="test" minopitems="0" maxopitems="19" ftitemcount="0" minftitems="0">
        <identifier version="4" name="SBAC-ICA-IRP-COMBINED-MATH-4" uniqueid="(SBAC)SBAC-ICA-IRP-COMBINED-MATH-4-2020-2021"/>
      </bpelement>
      <bpelement maxftitems="0" opitemcount="13" elementtype="segment" minopitems="0" maxopitems="13" ftitemcount="0" minftitems="0">
        <identifier version="4" name="SBAC-ICA-IRP-MATH-FIXED-4-COMBINED" uniqueid="(SBAC)SBAC-ICA-IRP-MATH-FIXED-4-COMBINED-2020-2021"/>
      </bpelement>
      <bpelement maxftitems="0" opitemcount="6" elementtype="segment" minopitems="0" maxopitems="6" ftitemcount="0" minftitems="0">
        <identifier version="4" name="SBAC-ICA-IRP-MATH-PT-4-COMBINED" uniqueid="(SBAC)SBAC-ICA-IRP-MATH-PT-4-COMBINED-2020-2021"/>
      </bpelement>
      <bpelement maxftitems="0" opitemcount="2" elementtype="contentlevel" minopitems="0" maxopitems="2" parentid="SBAC-1|P|TS02" ftitemcount="0" minftitems="0">
        <identifier version="4" name="1|P|TS02|G-4" uniqueid="SBAC-1|P|TS02|G-4"/>
      </bpelement>
      <bpelement maxftitems="0" opitemcount="2" elementtype="contentlevel" minopitems="0" maxopitems="2" parentid="SBAC-4|OA" ftitemcount="0" minftitems="0">
        <identifier version="4" name="4|OA|NA" uniqueid="SBAC-4|OA|NA"/>
      </bpelement>
      <bpelement maxftitems="0" opitemcount="2" elementtype="contentlevel" minopitems="0" maxopitems="2" parentid="SBAC-4" ftitemcount="0" minftitems="0">
        <identifier version="4" name="4|OA" uniqueid="SBAC-4|OA"/>
      </bpelement>
      <bpelement maxftitems="0" opitemcount="2" elementtype="contentlevel" minopitems="0" maxopitems="2" parentid="SBAC-2" ftitemcount="0" minftitems="0">
        <identifier version="4" name="2|OA" uniqueid="SBAC-2|OA"/>
      </bpelement>
      <bpelement maxftitems="0" opitemcount="2" elementtype="contentlevel" minopitems="0" maxopitems="2" parentid="SBAC-1|P" ftitemcount="0" minftitems="0">
        <identifier version="4" name="1|P|TS02" uniqueid="SBAC-1|P|TS02"/>
      </bpelement>
      <bpelement maxftitems="0" opitemcount="5" elementtype="contentlevel" minopitems="0" maxopitems="5" parentid="SBAC-1" ftitemcount="0" minftitems="0">
        <identifier version="4" name="1|P" uniqueid="SBAC-1|P"/>
      </bpelement>
      <bpelement maxftitems="0" opitemcount="1" elementtype="contentlevel" minopitems="0" maxopitems="1" parentid="SBAC-1|P" ftitemcount="0" minftitems="0">
        <identifier version="4" name="1|P|TS03" uniqueid="SBAC-1|P|TS03"/>
      </bpelement>
      <bpelement maxftitems="0" opitemcount="1" elementtype="contentlevel" minopitems="0" maxopitems="1" parentid="SBAC-4" ftitemcount="0" minftitems="0">
        <identifier version="4" name="4|MD" uniqueid="SBAC-4|MD"/>
      </bpelement>
      <bpelement maxftitems="0" opitemcount="1" elementtype="contentlevel" minopitems="0" maxopitems="1" parentid="SBAC-4|MD|NA" ftitemcount="0" minftitems="0">
        <identifier version="4" name="4|MD|NA|D-4" uniqueid="SBAC-4|MD|NA|D-4"/>
      </bpelement>
      <bpelement maxftitems="0" opitemcount="1" elementtype="contentlevel" minopitems="0" maxopitems="1" parentid="SBAC-2|NBT|NA" ftitemcount="0" minftitems="0">
        <identifier version="4" name="2|NBT|NA|A-4" uniqueid="SBAC-2|NBT|NA|A-4"/>
      </bpelement>
      <bpelement maxftitems="0" opitemcount="1" elementtype="contentlevel" minopitems="0" maxopitems="1" parentid="SBAC-4|MD" ftitemcount="0" minftitems="0">
        <identifier version="4" name="4|MD|NA" uniqueid="SBAC-4|MD|NA"/>
      </bpelement>
      <bpelement maxftitems="0" opitemcount="2" elementtype="contentlevel" minopitems="0" maxopitems="2" parentid="SBAC-2|OA|NA" ftitemcount="0" minftitems="0">
        <identifier version="4" name="2|OA|NA|A-4" uniqueid="SBAC-2|OA|NA|A-4"/>
      </bpelement>
      <bpelement maxftitems="0" opitemcount="2" elementtype="contentlevel" minopitems="0" maxopitems="2" parentid="SBAC-1|P" ftitemcount="0" minftitems="0">
        <identifier version="4" name="1|P|TS01" uniqueid="SBAC-1|P|TS01"/>
      </bpelement>
      <bpelement maxftitems="0" opitemcount="1" elementtype="contentlevel" minopitems="0" maxopitems="1" parentid="SBAC-2|NF|NA" ftitemcount="0" minftitems="0">
        <identifier version="4" name="2|NF|NA|A-4" uniqueid="SBAC-2|NF|NA|A-4"/>
      </bpelement>
      <bpelement maxftitems="0" opitemcount="1" elementtype="contentlevel" minopitems="0" maxopitems="1" parentid="SBAC-3|NF" ftitemcount="0" minftitems="0">
        <identifier version="4" name="3|NF|NA" uniqueid="SBAC-3|NF|NA"/>
      </bpelement>
      <bpelement maxftitems="0" opitemcount="1" elementtype="contentlevel" minopitems="0" maxopitems="1" parentid="SBAC-2|NF|NA" ftitemcount="0" minftitems="0">
        <identifier version="4" name="2|NF|NA|C-4" uniqueid="SBAC-2|NF|NA|C-4"/>
      </bpelement>
      <bpelement maxftitems="0" opitemcount="1" elementtype="contentlevel" minopitems="0" maxopitems="1" parentid="SBAC-1|P|TS03" ftitemcount="0" minftitems="0">
        <identifier version="4" name="1|P|TS03|D-4" uniqueid="SBAC-1|P|TS03|D-4"/>
      </bpelement>
      <bpelement maxftitems="0" opitemcount="2" elementtype="contentlevel" minopitems="0" maxopitems="2" parentid="SBAC-2|NF" ftitemcount="0" minftitems="0">
        <identifier version="4" name="2|NF|NA" uniqueid="SBAC-2|NF|NA"/>
      </bpelement>
      <bpelement maxftitems="0" opitemcount="2" elementtype="contentlevel" minopitems="0" maxopitems="2" parentid="SBAC-3|OA|NA" ftitemcount="0" minftitems="0">
        <identifier version="4" name="3|OA|NA|B-4" uniqueid="SBAC-3|OA|NA|B-4"/>
      </bpelement>
      <bpelement maxftitems="0" opitemcount="1" elementtype="contentlevel" minopitems="0" maxopitems="1" parentid="SBAC-3|OA|NA" ftitemcount="0" minftitems="0">
        <identifier version="4" name="3|OA|NA|A-4" uniqueid="SBAC-3|OA|NA|A-4"/>
      </bpelement>
      <bpelement maxftitems="0" opitemcount="1" elementtype="contentlevel" minopitems="0" maxopitems="1" parentid="SBAC-4" ftitemcount="0" minftitems="0">
        <identifier version="4" name="4|NF" uniqueid="SBAC-4|NF"/>
      </bpelement>
      <bpelement maxftitems="0" opitemcount="2" elementtype="contentlevel" minopitems="0" maxopitems="2" parentid="SBAC-2|OA" ftitemcount="0" minftitems="0">
        <identifier version="4" name="2|OA|NA" uniqueid="SBAC-2|OA|NA"/>
      </bpelement>
      <bpelement maxftitems="0" opitemcount="2" elementtype="contentlevel" minopitems="0" maxopitems="2" parentid="SBAC-2" ftitemcount="0" minftitems="0">
        <identifier version="4" name="2|NF" uniqueid="SBAC-2|NF"/>
      </bpelement>
      <bpelement maxftitems="0" opitemcount="1" elementtype="contentlevel" minopitems="0" maxopitems="1" parentid="SBAC-3|OA|NA" ftitemcount="0" minftitems="0">
        <identifier version="4" name="3|OA|NA|E-4" uniqueid="SBAC-3|OA|NA|E-4"/>
      </bpelement>
      <bpelement maxftitems="0" opitemcount="4" elementtype="contentlevel" minopitems="0" maxopitems="4" parentid="SBAC-3" ftitemcount="0" minftitems="0">
        <identifier version="4" name="3|OA" uniqueid="SBAC-3|OA"/>
      </bpelement>
      <bpelement maxftitems="0" opitemcount="1" elementtype="contentlevel" minopitems="0" maxopitems="1" parentid="SBAC-3|NF|NA" ftitemcount="0" minftitems="0">
        <identifier version="4" name="3|NF|NA|F-4" uniqueid="SBAC-3|NF|NA|F-4"/>
      </bpelement>
      <bpelement maxftitems="0" opitemcount="1" elementtype="contentlevel" minopitems="0" maxopitems="1" parentid="SBAC-4|NF" ftitemcount="0" minftitems="0">
        <identifier version="4" name="4|NF|NA" uniqueid="SBAC-4|NF|NA"/>
      </bpelement>
      <bpelement maxftitems="0" opitemcount="1" elementtype="contentlevel" minopitems="0" maxopitems="1" parentid="SBAC-2" ftitemcount="0" minftitems="0">
        <identifier version="4" name="2|NBT" uniqueid="SBAC-2|NBT"/>
      </bpelement>
      <bpelement maxftitems="0" opitemcount="5" elementtype="strand" minopitems="0" maxopitems="5" ftitemcount="0" minftitems="0">
        <identifier version="4" name="1" uniqueid="SBAC-1"/>
      </bpelement>
      <bpelement maxftitems="0" opitemcount="5" elementtype="strand" minopitems="0" maxopitems="5" ftitemcount="0" minftitems="0">
        <identifier version="4" name="2" uniqueid="SBAC-2"/>
      </bpelement>
      <bpelement maxftitems="0" opitemcount="5" elementtype="strand" minopitems="0" maxopitems="5" ftitemcount="0" minftitems="0">
        <identifier version="4" name="3" uniqueid="SBAC-3"/>
      </bpelement>
      <bpelement maxftitems="0" opitemcount="1" elementtype="contentlevel" minopitems="0" maxopitems="1" parentid="SBAC-1|P|TS01" ftitemcount="0" minftitems="0">
        <identifier version="4" name="1|P|TS01|F-4" uniqueid="SBAC-1|P|TS01|F-4"/>
      </bpelement>
      <bpelement maxftitems="0" opitemcount="4" elementtype="strand" minopitems="0" maxopitems="4" ftitemcount="0" minftitems="0">
        <identifier version="4" name="4" uniqueid="SBAC-4"/>
      </bpelement>
      <bpelement maxftitems="0" opitemcount="1" elementtype="contentlevel" minopitems="0" maxopitems="1" parentid="SBAC-3" ftitemcount="0" minftitems="0">
        <identifier version="4" name="3|NF" uniqueid="SBAC-3|NF"/>
      </bpelement>
      <bpelement maxftitems="0" opitemcount="1" elementtype="contentlevel" minopitems="0" maxopitems="1" parentid="SBAC-4|OA|NA" ftitemcount="0" minftitems="0">
        <identifier version="4" name="4|OA|NA|E-4" uniqueid="SBAC-4|OA|NA|E-4"/>
      </bpelement>
      <bpelement maxftitems="0" opitemcount="1" elementtype="contentlevel" minopitems="0" maxopitems="1" parentid="SBAC-2|NBT" ftitemcount="0" minftitems="0">
        <identifier version="4" name="2|NBT|NA" uniqueid="SBAC-2|NBT|NA"/>
      </bpelement>
      <bpelement maxftitems="0" opitemcount="4" elementtype="contentlevel" minopitems="0" maxopitems="4" parentid="SBAC-3|OA" ftitemcount="0" minftitems="0">
        <identifier version="4" name="3|OA|NA" uniqueid="SBAC-3|OA|NA"/>
      </bpelement>
      <bpelement maxftitems="0" opitemcount="1" elementtype="contentlevel" minopitems="0" maxopitems="1" parentid="SBAC-4|OA|NA" ftitemcount="0" minftitems="0">
        <identifier version="4" name="4|OA|NA|A-4" uniqueid="SBAC-4|OA|NA|A-4"/>
      </bpelement>
      <bpelement maxftitems="0" opitemcount="1" elementtype="contentlevel" minopitems="0" maxopitems="1" parentid="SBAC-1|P|TS01" ftitemcount="0" minftitems="0">
        <identifier version="4" name="1|P|TS01|A-4" uniqueid="SBAC-1|P|TS01|A-4"/>
      </bpelement>
      <bpelement maxftitems="0" opitemcount="1" elementtype="contentlevel" minopitems="0" maxopitems="1" parentid="SBAC-4|NF|NA" ftitemcount="0" minftitems="0">
        <identifier version="4" name="4|NF|NA|F-4" uniqueid="SBAC-4|NF|NA|F-4"/>
      </bpelement>
    </testblueprint>
    <itempool>
      <passage filename="stim-200-172081.xml">
        <identifier version="4" uniqueid="200-172081"/>
      </passage>
      <testitem itemtype="EQ" filename="item-200-183216.xml">
        <identifier version="4" uniqueid="200-183216"/>
        <bpref>(SBAC)SBAC-ICA-IRP-MATH-FIXED-4-COMBINED-2020-2021</bpref>
        <bpref>SBAC-4</bpref>
        <bpref>SBAC-4|MD</bpref>
        <bpref>SBAC-4|MD|NA</bpref>
        <bpref>SBAC-4|MD|NA|D-4</bpref>
        <poolproperty label="English" value="ENU" property="Language"/>
        <poolproperty label="Braille" value="ENU-Braille" property="Language"/>
        <poolproperty label="Spanish" value="ESN" property="Language"/>
        <poolproperty label="ItemType = EQ" value="EQ" property="--ITEMTYPE--"/>
        <poolproperty label="Answer Key = EQ" value="EQ" property="Answer Key"/>
        <poolproperty label="ASL = Y" value="Y" property="ASL"/>
        <poolproperty label="Braille = PRN" value="PRN" property="Braille"/>
        <poolproperty label="Depth of Knowledge = 2" value="2" property="Depth of Knowledge"/>
        <poolproperty label="Grade = 4" value="4" property="Grade"/>
        <poolproperty label="Scoring Engine = Automatic with Machine Rubric" value="Automatic with Machine Rubric" property="Scoring Engine"/>
        <itemscoredimension measurementmodel="IRT3PLn" weight="1.0" scorepoints="1">
          <itemscoreparameter value="1.22559" measurementparameter="a"/>
          <itemscoreparameter value="1.17648" measurementparameter="b"/>
          <itemscoreparameter value="0.0" measurementparameter="c"/>
        </itemscoredimension>
      </testitem>
      <testitem itemtype="EQ" filename="item-200-183389.xml">
        <identifier version="4" uniqueid="200-183389"/>
        <bpref>(SBAC)SBAC-ICA-IRP-MATH-FIXED-4-COMBINED-2020-2021</bpref>
        <bpref>SBAC-2</bpref>
        <bpref>SBAC-2|NF</bpref>
        <bpref>SBAC-2|NF|NA</bpref>
        <bpref>SBAC-2|NF|NA|A-4</bpref>
        <poolproperty label="English" value="ENU" property="Language"/>
        <poolproperty label="Braille" value="ENU-Braille" property="Language"/>
        <poolproperty label="Spanish" value="ESN" property="Language"/>
        <poolproperty label="ItemType = EQ" value="EQ" property="--ITEMTYPE--"/>
        <poolproperty label="Answer Key = EQ" value="EQ" property="Answer Key"/>
        <poolproperty label="ASL = Y" value="Y" property="ASL"/>
        <poolproperty label="Braille = BRF" value="BRF" property="Braille"/>
        <poolproperty label="Depth of Knowledge = 2" value="2" property="Depth of Knowledge"/>
        <poolproperty label="Grade = 4" value="4" property="Grade"/>
        <poolproperty label="Scoring Engine = Automatic with Machine Rubric" value="Automatic with Machine Rubric" property="Scoring Engine"/>
        <itemscoredimension measurementmodel="IRT3PLn" weight="1.0" scorepoints="1">
          <itemscoreparameter value="0.9596" measurementparameter="a"/>
          <itemscoreparameter value="0.2066" measurementparameter="b"/>
          <itemscoreparameter value="0.0" measurementparameter="c"/>
        </itemscoredimension>
      </testitem>
      <testitem itemtype="EQ" filename="item-200-183413.xml">
        <identifier version="4" uniqueid="200-183413"/>
        <bpref>(SBAC)SBAC-ICA-IRP-MATH-FIXED-4-COMBINED-2020-2021</bpref>
        <bpref>SBAC-2</bpref>
        <bpref>SBAC-2|NBT</bpref>
        <bpref>SBAC-2|NBT|NA</bpref>
        <bpref>SBAC-2|NBT|NA|A-4</bpref>
        <poolproperty label="English" value="ENU" property="Language"/>
        <poolproperty label="Braille" value="ENU-Braille" property="Language"/>
        <poolproperty label="Spanish" value="ESN" property="Language"/>
        <poolproperty label="ItemType = EQ" value="EQ" property="--ITEMTYPE--"/>
        <poolproperty label="Answer Key = EQ" value="EQ" property="Answer Key"/>
        <poolproperty label="ASL = Y" value="Y" property="ASL"/>
        <poolproperty label="Braille = BRF" value="BRF" property="Braille"/>
        <poolproperty label="Depth of Knowledge = 2" value="2" property="Depth of Knowledge"/>
        <poolproperty label="Grade = 4" value="4" property="Grade"/>
        <poolproperty label="Scoring Engine = Automatic with Machine Rubric" value="Automatic with Machine Rubric" property="Scoring Engine"/>
        <itemscoredimension measurementmodel="IRTGPC" weight="1.0" scorepoints="2">
          <itemscoreparameter value="0.7543" measurementparameter="a"/>
          <itemscoreparameter value="1.4088" measurementparameter="b0"/>
          <itemscoreparameter value="-0.8522" measurementparameter="b1"/>
        </itemscoredimension>
      </testitem>
      <testitem itemtype="GI" filename="item-200-183419.xml">
        <identifier version="4" uniqueid="200-183419"/>
        <bpref>(SBAC)SBAC-ICA-IRP-MATH-FIXED-4-COMBINED-2020-2021</bpref>
        <bpref>SBAC-1</bpref>
        <bpref>SBAC-1|P</bpref>
        <bpref>SBAC-1|P|TS01</bpref>
        <bpref>SBAC-1|P|TS01|F-4</bpref>
        <poolproperty label="English" value="ENU" property="Language"/>
        <poolproperty label="Spanish" value="ESN" property="Language"/>
        <poolproperty label="ItemType = GI" value="GI" property="--ITEMTYPE--"/>
        <poolproperty label="Answer Key = GI" value="GI" property="Answer Key"/>
        <poolproperty label="ASL = Y" value="Y" property="ASL"/>
        <poolproperty label="Depth of Knowledge = 2" value="2" property="Depth of Knowledge"/>
        <poolproperty label="Grade = 4" value="4" property="Grade"/>
        <poolproperty label="Scoring Engine = Automatic with Machine Rubric" value="Automatic with Machine Rubric" property="Scoring Engine"/>
        <itemscoredimension measurementmodel="IRT3PLn" weight="1.0" scorepoints="1">
          <itemscoreparameter value="1.5494" measurementparameter="a"/>
          <itemscoreparameter value="-0.0668" measurementparameter="b"/>
          <itemscoreparameter value="0.0" measurementparameter="c"/>
        </itemscoredimension>
      </testitem>
      <testitem itemtype="EQ" filename="item-200-183421.xml">
        <identifier version="4" uniqueid="200-183421"/>
        <bpref>(SBAC)SBAC-ICA-IRP-MATH-FIXED-4-COMBINED-2020-2021</bpref>
        <bpref>SBAC-1</bpref>
        <bpref>SBAC-1|P</bpref>
        <bpref>SBAC-1|P|TS02</bpref>
        <bpref>SBAC-1|P|TS02|G-4</bpref>
        <poolproperty label="English" value="ENU" property="Language"/>
        <poolproperty label="Braille" value="ENU-Braille" property="Language"/>
        <poolproperty label="Spanish" value="ESN" property="Language"/>
        <poolproperty label="ItemType = EQ" value="EQ" property="--ITEMTYPE--"/>
        <poolproperty label="Answer Key = EQ" value="EQ" property="Answer Key"/>
        <poolproperty label="ASL = Y" value="Y" property="ASL"/>
        <poolproperty label="Braille = BRF" value="BRF" property="Braille"/>
        <poolproperty label="Depth of Knowledge = 2" value="2" property="Depth of Knowledge"/>
        <poolproperty label="Grade = 4" value="4" property="Grade"/>
        <poolproperty label="Scoring Engine = Automatic with Machine Rubric" value="Automatic with Machine Rubric" property="Scoring Engine"/>
        <itemscoredimension measurementmodel="IRT3PLn" weight="1.0" scorepoints="1">
          <itemscoreparameter value="1.4138" measurementparameter="a"/>
          <itemscoreparameter value="0.5945" measurementparameter="b"/>
          <itemscoreparameter value="0.0" measurementparameter="c"/>
        </itemscoredimension>
      </testitem>
      <testitem itemtype="GI" filename="item-200-183443.xml">
        <identifier version="4" uniqueid="200-183443"/>
        <bpref>(SBAC)SBAC-ICA-IRP-MATH-FIXED-4-COMBINED-2020-2021</bpref>
        <bpref>SBAC-3</bpref>
        <bpref>SBAC-3|OA</bpref>
        <bpref>SBAC-3|OA|NA</bpref>
        <bpref>SBAC-3|OA|NA|A-4</bpref>
        <poolproperty label="English" value="ENU" property="Language"/>
        <poolproperty label="Spanish" value="ESN" property="Language"/>
        <poolproperty label="ItemType = GI" value="GI" property="--ITEMTYPE--"/>
        <poolproperty label="Answer Key = GI" value="GI" property="Answer Key"/>
        <poolproperty label="ASL = Y" value="Y" property="ASL"/>
        <poolproperty label="Depth of Knowledge = 2" value="2" property="Depth of Knowledge"/>
        <poolproperty label="Grade = 4" value="4" property="Grade"/>
        <poolproperty label="Scoring Engine = Automatic with Machine Rubric" value="Automatic with Machine Rubric" property="Scoring Engine"/>
        <itemscoredimension measurementmodel="IRT3PLn" weight="1.0" scorepoints="1">
          <itemscoreparameter value="1.0939" measurementparameter="a"/>
          <itemscoreparameter value="-0.9012" measurementparameter="b"/>
          <itemscoreparameter value="0.0" measurementparameter="c"/>
        </itemscoredimension>
      </testitem>
      <testitem itemtype="EQ" filename="item-200-183451.xml">
        <identifier version="4" uniqueid="200-183451"/>
        <bpref>(SBAC)SBAC-ICA-IRP-MATH-FIXED-4-COMBINED-2020-2021</bpref>
        <bpref>SBAC-4</bpref>
        <bpref>SBAC-4|NF</bpref>
        <bpref>SBAC-4|NF|NA</bpref>
        <bpref>SBAC-4|NF|NA|F-4</bpref>
        <poolproperty label="English" value="ENU" property="Language"/>
        <poolproperty label="Braille" value="ENU-Braille" property="Language"/>
        <poolproperty label="Spanish" value="ESN" property="Language"/>
        <poolproperty label="ItemType = EQ" value="EQ" property="--ITEMTYPE--"/>
        <poolproperty label="Answer Key = EQ" value="EQ" property="Answer Key"/>
        <poolproperty label="ASL = Y" value="Y" property="ASL"/>
        <poolproperty label="Braille = BRF" value="BRF" property="Braille"/>
        <poolproperty label="Depth of Knowledge = 2" value="2" property="Depth of Knowledge"/>
        <poolproperty label="Grade = 4" value="4" property="Grade"/>
        <poolproperty label="Scoring Engine = Automatic with Machine Rubric" value="Automatic with Machine Rubric" property="Scoring Engine"/>
        <itemscoredimension measurementmodel="IRT3PLn" weight="1.0" scorepoints="1">
          <itemscoreparameter value="0.9959" measurementparameter="a"/>
          <itemscoreparameter value="1.021" measurementparameter="b"/>
          <itemscoreparameter value="0.0" measurementparameter="c"/>
        </itemscoredimension>
      </testitem>
      <testitem itemtype="EQ" filename="item-200-183467.xml">
        <identifier version="4" uniqueid="200-183467"/>
        <bpref>(SBAC)SBAC-ICA-IRP-MATH-FIXED-4-COMBINED-2020-2021</bpref>
        <bpref>SBAC-1</bpref>
        <bpref>SBAC-1|P</bpref>
        <bpref>SBAC-1|P|TS01</bpref>
        <bpref>SBAC-1|P|TS01|A-4</bpref>
        <poolproperty label="English" value="ENU" property="Language"/>
        <poolproperty label="Braille" value="ENU-Braille" property="Language"/>
        <poolproperty label="Spanish" value="ESN" property="Language"/>
        <poolproperty label="ItemType = EQ" value="EQ" property="--ITEMTYPE--"/>
        <poolproperty label="Answer Key = EQ" value="EQ" property="Answer Key"/>
        <poolproperty label="ASL = Y" value="Y" property="ASL"/>
        <poolproperty label="Braille = BRF" value="BRF" property="Braille"/>
        <poolproperty label="Depth of Knowledge = 1" value="1" property="Depth of Knowledge"/>
        <poolproperty label="Grade = 4" value="4" property="Grade"/>
        <poolproperty label="Scoring Engine = Automatic with Machine Rubric" value="Automatic with Machine Rubric" property="Scoring Engine"/>
        <itemscoredimension measurementmodel="IRT3PLn" weight="1.0" scorepoints="1">
          <itemscoreparameter value="1.7951" measurementparameter="a"/>
          <itemscoreparameter value="-1.5534" measurementparameter="b"/>
          <itemscoreparameter value="0.0" measurementparameter="c"/>
        </itemscoredimension>
      </testitem>
      <testitem itemtype="MC" filename="item-200-183525.xml">
        <identifier version="4" uniqueid="200-183525"/>
        <bpref>(SBAC)SBAC-ICA-IRP-MATH-FIXED-4-COMBINED-2020-2021</bpref>
        <bpref>SBAC-4</bpref>
        <bpref>SBAC-4|OA</bpref>
        <bpref>SBAC-4|OA|NA</bpref>
        <bpref>SBAC-4|OA|NA|E-4</bpref>
        <poolproperty label="English" value="ENU" property="Language"/>
        <poolproperty label="Braille" value="ENU-Braille" property="Language"/>
        <poolproperty label="Spanish" value="ESN" property="Language"/>
        <poolproperty label="ItemType = MC" value="MC" property="--ITEMTYPE--"/>
        <poolproperty label="Answer Key = D" value="D" property="Answer Key"/>
        <poolproperty label="ASL = Y" value="Y" property="ASL"/>
        <poolproperty label="Braille = BRF" value="BRF" property="Braille"/>
        <poolproperty label="Depth of Knowledge = 2" value="2" property="Depth of Knowledge"/>
        <poolproperty label="Grade = 4" value="4" property="Grade"/>
        <poolproperty label="Scoring Engine = Automatic with Key" value="Automatic with Key" property="Scoring Engine"/>
        <itemscoredimension measurementmodel="IRT3PLn" weight="1.0" scorepoints="1">
          <itemscoreparameter value="1.0239" measurementparameter="a"/>
          <itemscoreparameter value="-1.7343" measurementparameter="b"/>
          <itemscoreparameter value="0.0" measurementparameter="c"/>
        </itemscoredimension>
      </testitem>
      <testitem itemtype="MI" filename="item-200-183529.xml">
        <identifier version="4" uniqueid="200-183529"/>
        <bpref>(SBAC)SBAC-ICA-IRP-MATH-FIXED-4-COMBINED-2020-2021</bpref>
        <bpref>SBAC-1</bpref>
        <bpref>SBAC-1|P</bpref>
        <bpref>SBAC-1|P|TS03</bpref>
        <bpref>SBAC-1|P|TS03|D-4</bpref>
        <poolproperty label="English" value="ENU" property="Language"/>
        <poolproperty label="Braille" value="ENU-Braille" property="Language"/>
        <poolproperty label="Spanish" value="ESN" property="Language"/>
        <poolproperty label="ItemType = MI" value="MI" property="--ITEMTYPE--"/>
        <poolproperty label="Answer Key = MI" value="MI" property="Answer Key"/>
        <poolproperty label="ASL = Y" value="Y" property="ASL"/>
        <poolproperty label="Braille = BRF" value="BRF" property="Braille"/>
        <poolproperty label="Depth of Knowledge = 2" value="2" property="Depth of Knowledge"/>
        <poolproperty label="Grade = 4" value="4" property="Grade"/>
        <poolproperty label="Scoring Engine = Automatic with Machine Rubric" value="Automatic with Machine Rubric" property="Scoring Engine"/>
        <itemscoredimension measurementmodel="IRT3PLn" weight="1.0" scorepoints="1">
          <itemscoreparameter value="0.3779" measurementparameter="a"/>
          <itemscoreparameter value="-0.3138" measurementparameter="b"/>
          <itemscoreparameter value="0.0" measurementparameter="c"/>
        </itemscoredimension>
      </testitem>
      <testitem itemtype="MI" filename="item-200-183531.xml">
        <identifier version="4" uniqueid="200-183531"/>
        <bpref>(SBAC)SBAC-ICA-IRP-MATH-FIXED-4-COMBINED-2020-2021</bpref>
        <bpref>SBAC-1</bpref>
        <bpref>SBAC-1|P</bpref>
        <bpref>SBAC-1|P|TS02</bpref>
        <bpref>SBAC-1|P|TS02|G-4</bpref>
        <poolproperty label="English" value="ENU" property="Language"/>
        <poolproperty label="Braille" value="ENU-Braille" property="Language"/>
        <poolproperty label="Spanish" value="ESN" property="Language"/>
        <poolproperty label="ItemType = MI" value="MI" property="--ITEMTYPE--"/>
        <poolproperty label="Answer Key = MI" value="MI" property="Answer Key"/>
        <poolproperty label="ASL = Y" value="Y" property="ASL"/>
        <poolproperty label="Braille = BRF" value="BRF" property="Braille"/>
        <poolproperty label="Depth of Knowledge = 2" value="2" property="Depth of Knowledge"/>
        <poolproperty label="Grade = 4" value="4" property="Grade"/>
        <poolproperty label="Scoring Engine = Automatic with Machine Rubric" value="Automatic with Machine Rubric" property="Scoring Engine"/>
        <itemscoredimension measurementmodel="IRT3PLn" weight="1.0" scorepoints="1">
          <itemscoreparameter value="0.5299" measurementparameter="a"/>
          <itemscoreparameter value="-0.0087" measurementparameter="b"/>
          <itemscoreparameter value="0.0" measurementparameter="c"/>
        </itemscoredimension>
      </testitem>
      <testitem itemtype="MC" filename="item-200-183571.xml">
        <identifier version="4" uniqueid="200-183571"/>
        <bpref>(SBAC)SBAC-ICA-IRP-MATH-FIXED-4-COMBINED-2020-2021</bpref>
        <bpref>SBAC-2</bpref>
        <bpref>SBAC-2|NF</bpref>
        <bpref>SBAC-2|NF|NA</bpref>
        <bpref>SBAC-2|NF|NA|C-4</bpref>
        <poolproperty label="English" value="ENU" property="Language"/>
        <poolproperty label="Braille" value="ENU-Braille" property="Language"/>
        <poolproperty label="Spanish" value="ESN" property="Language"/>
        <poolproperty label="ItemType = MC" value="MC" property="--ITEMTYPE--"/>
        <poolproperty label="Answer Key = C" value="C" property="Answer Key"/>
        <poolproperty label="ASL = Y" value="Y" property="ASL"/>
        <poolproperty label="Braille = BRF" value="BRF" property="Braille"/>
        <poolproperty label="Depth of Knowledge = 2" value="2" property="Depth of Knowledge"/>
        <poolproperty label="Grade = 4" value="4" property="Grade"/>
        <poolproperty label="Scoring Engine = Automatic with Key" value="Automatic with Key" property="Scoring Engine"/>
        <itemscoredimension measurementmodel="IRT3PLn" weight="1.0" scorepoints="1">
          <itemscoreparameter value="0.5717" measurementparameter="a"/>
          <itemscoreparameter value="-0.0033" measurementparameter="b"/>
          <itemscoreparameter value="0.0" measurementparameter="c"/>
        </itemscoredimension>
      </testitem>
      <testitem itemtype="MS" filename="item-200-183637.xml">
        <identifier version="4" uniqueid="200-183637"/>
        <bpref>(SBAC)SBAC-ICA-IRP-MATH-FIXED-4-COMBINED-2020-2021</bpref>
        <bpref>SBAC-3</bpref>
        <bpref>SBAC-3|NF</bpref>
        <bpref>SBAC-3|NF|NA</bpref>
        <bpref>SBAC-3|NF|NA|F-4</bpref>
        <poolproperty label="English" value="ENU" property="Language"/>
        <poolproperty label="Braille" value="ENU-Braille" property="Language"/>
        <poolproperty label="Spanish" value="ESN" property="Language"/>
        <poolproperty label="ItemType = MS" value="MS" property="--ITEMTYPE--"/>
        <poolproperty label="Answer Key = A,C" value="A,C" property="Answer Key"/>
        <poolproperty label="ASL = Y" value="Y" property="ASL"/>
        <poolproperty label="Braille = PRN" value="PRN" property="Braille"/>
        <poolproperty label="Depth of Knowledge = 2" value="2" property="Depth of Knowledge"/>
        <poolproperty label="Grade = 4" value="4" property="Grade"/>
        <poolproperty label="Scoring Engine = Automatic with Key(s)" value="Automatic with Key(s)" property="Scoring Engine"/>
        <itemscoredimension measurementmodel="IRT3PLn" weight="1.0" scorepoints="1">
          <itemscoreparameter value="1.051" measurementparameter="a"/>
          <itemscoreparameter value="-0.3244" measurementparameter="b"/>
          <itemscoreparameter value="0.0" measurementparameter="c"/>
        </itemscoredimension>
      </testitem>
      <testitem itemtype="EQ" filename="item-200-77953.xml">
        <identifier version="4" uniqueid="200-77953"/>
        <bpref>(SBAC)SBAC-ICA-IRP-MATH-PT-4-COMBINED-2020-2021</bpref>
        <bpref>SBAC-2</bpref>
        <bpref>SBAC-2|OA</bpref>
        <bpref>SBAC-2|OA|NA</bpref>
        <bpref>SBAC-2|OA|NA|A-4</bpref>
        <passageref>200-172081</passageref>
        <poolproperty label="English" value="ENU" property="Language"/>
        <poolproperty label="Braille" value="ENU-Braille" property="Language"/>
        <poolproperty label="Spanish" value="ESN" property="Language"/>
        <poolproperty label="ItemType = EQ" value="EQ" property="--ITEMTYPE--"/>
        <poolproperty label="Answer Key = EQ" value="EQ" property="Answer Key"/>
        <poolproperty label="ASL = Y" value="Y" property="ASL"/>
        <poolproperty label="Braille = BRF" value="BRF" property="Braille"/>
        <poolproperty label="Depth of Knowledge = 2" value="2" property="Depth of Knowledge"/>
        <poolproperty label="Grade = 4" value="4" property="Grade"/>
        <poolproperty label="Scoring Engine = Automatic with Machine Rubric" value="Automatic with Machine Rubric" property="Scoring Engine"/>
        <itemscoredimension measurementmodel="IRT3PLn" weight="1.0" scorepoints="1">
          <itemscoreparameter value="0.8984" measurementparameter="a"/>
          <itemscoreparameter value="-1.4468" measurementparameter="b"/>
          <itemscoreparameter value="0.0" measurementparameter="c"/>
        </itemscoredimension>
      </testitem>
      <testitem itemtype="EQ" filename="item-200-77954.xml">
        <identifier version="4" uniqueid="200-77954"/>
        <bpref>(SBAC)SBAC-ICA-IRP-MATH-PT-4-COMBINED-2020-2021</bpref>
        <bpref>SBAC-2</bpref>
        <bpref>SBAC-2|OA</bpref>
        <bpref>SBAC-2|OA|NA</bpref>
        <bpref>SBAC-2|OA|NA|A-4</bpref>
        <passageref>200-172081</passageref>
        <poolproperty label="English" value="ENU" property="Language"/>
        <poolproperty label="Braille" value="ENU-Braille" property="Language"/>
        <poolproperty label="Spanish" value="ESN" property="Language"/>
        <poolproperty label="ItemType = EQ" value="EQ" property="--ITEMTYPE--"/>
        <poolproperty label="Answer Key = EQ" value="EQ" property="Answer Key"/>
        <poolproperty label="ASL = Y" value="Y" property="ASL"/>
        <poolproperty label="Braille = BRF" value="BRF" property="Braille"/>
        <poolproperty label="Depth of Knowledge = 2" value="2" property="Depth of Knowledge"/>
        <poolproperty label="Grade = 4" value="4" property="Grade"/>
        <poolproperty label="Scoring Engine = Automatic with Machine Rubric" value="Automatic with Machine Rubric" property="Scoring Engine"/>
        <itemscoredimension measurementmodel="IRT3PLn" weight="1.0" scorepoints="1">
          <itemscoreparameter value="0.9138" measurementparameter="a"/>
          <itemscoreparameter value="-1.6668" measurementparameter="b"/>
          <itemscoreparameter value="0.0" measurementparameter="c"/>
        </itemscoredimension>
      </testitem>
      <testitem itemtype="SA" filename="item-200-77959.xml">
        <identifier version="4" uniqueid="200-77959"/>
        <bpref>(SBAC)SBAC-ICA-IRP-MATH-PT-4-COMBINED-2020-2021</bpref>
        <bpref>SBAC-3</bpref>
        <bpref>SBAC-3|OA</bpref>
        <bpref>SBAC-3|OA|NA</bpref>
        <bpref>SBAC-3|OA|NA|E-4</bpref>
        <passageref>200-172081</passageref>
        <poolproperty label="English" value="ENU" property="Language"/>
        <poolproperty label="Braille" value="ENU-Braille" property="Language"/>
        <poolproperty label="Spanish" value="ESN" property="Language"/>
        <poolproperty label="ItemType = SA" value="SA" property="--ITEMTYPE--"/>
        <poolproperty label="Answer Key = SA" value="SA" property="Answer Key"/>
        <poolproperty label="ASL = Y" value="Y" property="ASL"/>
        <poolproperty label="Braille = BRF" value="BRF" property="Braille"/>
        <poolproperty label="Depth of Knowledge = 3" value="3" property="Depth of Knowledge"/>
        <poolproperty label="Grade = 4" value="4" property="Grade"/>
        <poolproperty label="Scoring Engine = HandScored" value="HandScored" property="Scoring Engine"/>
        <itemscoredimension measurementmodel="IRT3PLn" weight="1.0" scorepoints="1">
          <itemscoreparameter value="1.0709" measurementparameter="a"/>
          <itemscoreparameter value="0.3808" measurementparameter="b"/>
          <itemscoreparameter value="0.0" measurementparameter="c"/>
        </itemscoredimension>
      </testitem>
      <testitem itemtype="SA" filename="item-200-77963.xml">
        <identifier version="4" uniqueid="200-77963"/>
        <bpref>(SBAC)SBAC-ICA-IRP-MATH-PT-4-COMBINED-2020-2021</bpref>
        <bpref>SBAC-3</bpref>
        <bpref>SBAC-3|OA</bpref>
        <bpref>SBAC-3|OA|NA</bpref>
        <bpref>SBAC-3|OA|NA|B-4</bpref>
        <passageref>200-172081</passageref>
        <poolproperty label="English" value="ENU" property="Language"/>
        <poolproperty label="Braille" value="ENU-Braille" property="Language"/>
        <poolproperty label="Spanish" value="ESN" property="Language"/>
        <poolproperty label="ItemType = SA" value="SA" property="--ITEMTYPE--"/>
        <poolproperty label="Answer Key = SA" value="SA" property="Answer Key"/>
        <poolproperty label="ASL = Y" value="Y" property="ASL"/>
        <poolproperty label="Braille = BRF" value="BRF" property="Braille"/>
        <poolproperty label="Depth of Knowledge = 3" value="3" property="Depth of Knowledge"/>
        <poolproperty label="Grade = 4" value="4" property="Grade"/>
        <poolproperty label="Scoring Engine = HandScored" value="HandScored" property="Scoring Engine"/>
        <itemscoredimension measurementmodel="IRTGPC" weight="1.0" scorepoints="2">
          <itemscoreparameter value="0.632" measurementparameter="a"/>
          <itemscoreparameter value="1.6623" measurementparameter="b0"/>
          <itemscoreparameter value="-0.0149" measurementparameter="b1"/>
        </itemscoredimension>
      </testitem>
      <testitem itemtype="TI" filename="item-200-77981.xml">
        <identifier version="4" uniqueid="200-77981"/>
        <bpref>(SBAC)SBAC-ICA-IRP-MATH-PT-4-COMBINED-2020-2021</bpref>
        <bpref>SBAC-4</bpref>
        <bpref>SBAC-4|OA</bpref>
        <bpref>SBAC-4|OA|NA</bpref>
        <bpref>SBAC-4|OA|NA|A-4</bpref>
        <passageref>200-172081</passageref>
        <poolproperty label="English" value="ENU" property="Language"/>
        <poolproperty label="Braille" value="ENU-Braille" property="Language"/>
        <poolproperty label="Spanish" value="ESN" property="Language"/>
        <poolproperty label="ItemType = TI" value="TI" property="--ITEMTYPE--"/>
        <poolproperty label="Answer Key = TI" value="TI" property="Answer Key"/>
        <poolproperty label="ASL = Y" value="Y" property="ASL"/>
        <poolproperty label="Braille = BRF" value="BRF" property="Braille"/>
        <poolproperty label="Depth of Knowledge = 2" value="2" property="Depth of Knowledge"/>
        <poolproperty label="Grade = 4" value="4" property="Grade"/>
        <poolproperty label="Scoring Engine = Automatic with Machine Rubric" value="Automatic with Machine Rubric" property="Scoring Engine"/>
        <itemscoredimension measurementmodel="IRTGPC" weight="1.0" scorepoints="2">
          <itemscoreparameter value="0.7056" measurementparameter="a"/>
          <itemscoreparameter value="0.0092" measurementparameter="b0"/>
          <itemscoreparameter value="-0.778" measurementparameter="b1"/>
        </itemscoredimension>
      </testitem>
      <testitem itemtype="SA" filename="item-200-77982.xml">
        <identifier version="4" uniqueid="200-77982"/>
        <bpref>(SBAC)SBAC-ICA-IRP-MATH-PT-4-COMBINED-2020-2021</bpref>
        <bpref>SBAC-3</bpref>
        <bpref>SBAC-3|OA</bpref>
        <bpref>SBAC-3|OA|NA</bpref>
        <bpref>SBAC-3|OA|NA|B-4</bpref>
        <passageref>200-172081</passageref>
        <poolproperty label="English" value="ENU" property="Language"/>
        <poolproperty label="Braille" value="ENU-Braille" property="Language"/>
        <poolproperty label="Spanish" value="ESN" property="Language"/>
        <poolproperty label="ItemType = SA" value="SA" property="--ITEMTYPE--"/>
        <poolproperty label="Answer Key = SA" value="SA" property="Answer Key"/>
        <poolproperty label="ASL = Y" value="Y" property="ASL"/>
        <poolproperty label="Braille = BRF" value="BRF" property="Braille"/>
        <poolproperty label="Depth of Knowledge = 3" value="3" property="Depth of Knowledge"/>
        <poolproperty label="Grade = 4" value="4" property="Grade"/>
        <poolproperty label="Scoring Engine = HandScored" value="HandScored" property="Scoring Engine"/>
        <itemscoredimension measurementmodel="IRTGPC" weight="1.0" scorepoints="2">
          <itemscoreparameter value="0.6816" measurementparameter="a"/>
          <itemscoreparameter value="-0.1433" measurementparameter="b0"/>
          <itemscoreparameter value="0.7231" measurementparameter="b1"/>
        </itemscoredimension>
      </testitem>
    </itempool>
    <testform length="17">
      <identifier version="4" name="(SBAC)SBAC-ICA-IRP-COMBINED-MATH-4-2020-2021:Default-ENU-Braille" uniqueid="(SBAC)SBAC-ICA-IRP-COMBINED-MATH-4-2020-2021:Default-ENU-Braille"/>
      <property label="Braille" name="Language" value="ENU-Braille"/>
      <formpartition>
        <identifier version="4" name="Grade 4 MATH - IRP Comprehensive Assessment (ICA)::BRL COMBINED" uniqueid="200-1191399275"/>
        <itemgroup formposition="1" maxresponses="0" maxitems="ALL">
          <identifier version="4" name="200-1191399275:I-200-183216" uniqueid="200-1191399275:I-200-183216"/>
          <groupitem blockid="A" groupposition="1" isfieldtest="false" responserequired="true" formposition="1" adminrequired="true" itemid="200-183216" isactive="true"/>
        </itemgroup>
        <itemgroup formposition="2" maxresponses="0" maxitems="ALL">
          <identifier version="4" name="200-1191399275:I-200-183389" uniqueid="200-1191399275:I-200-183389"/>
          <groupitem blockid="A" groupposition="1" isfieldtest="false" responserequired="true" formposition="2" adminrequired="true" itemid="200-183389" isactive="true"/>
        </itemgroup>
        <itemgroup formposition="3" maxresponses="0" maxitems="ALL">
          <identifier version="4" name="200-1191399275:I-200-183413" uniqueid="200-1191399275:I-200-183413"/>
          <groupitem blockid="A" groupposition="1" isfieldtest="false" responserequired="true" formposition="3" adminrequired="true" itemid="200-183413" isactive="true"/>
        </itemgroup>
        <itemgroup formposition="4" maxresponses="0" maxitems="ALL">
          <identifier version="4" name="200-1191399275:I-200-183421" uniqueid="200-1191399275:I-200-183421"/>
          <groupitem blockid="A" groupposition="1" isfieldtest="false" responserequired="true" formposition="4" adminrequired="true" itemid="200-183421" isactive="true"/>
        </itemgroup>
        <itemgroup formposition="5" maxresponses="0" maxitems="ALL">
          <identifier version="4" name="200-1191399275:I-200-183451" uniqueid="200-1191399275:I-200-183451"/>
          <groupitem blockid="A" groupposition="1" isfieldtest="false" responserequired="true" formposition="5" adminrequired="true" itemid="200-183451" isactive="true"/>
        </itemgroup>
        <itemgroup formposition="6" maxresponses="0" maxitems="ALL">
          <identifier version="4" name="200-1191399275:I-200-183467" uniqueid="200-1191399275:I-200-183467"/>
          <groupitem blockid="A" groupposition="1" isfieldtest="false" responserequired="true" formposition="6" adminrequired="true" itemid="200-183467" isactive="true"/>
        </itemgroup>
        <itemgroup formposition="7" maxresponses="0" maxitems="ALL">
          <identifier version="4" name="200-1191399275:I-200-183525" uniqueid="200-1191399275:I-200-183525"/>
          <groupitem blockid="A" groupposition="1" isfieldtest="false" responserequired="true" formposition="7" adminrequired="true" itemid="200-183525" isactive="true"/>
        </itemgroup>
        <itemgroup formposition="8" maxresponses="0" maxitems="ALL">
          <identifier version="4" name="200-1191399275:I-200-183529" uniqueid="200-1191399275:I-200-183529"/>
          <groupitem blockid="A" groupposition="1" isfieldtest="false" responserequired="true" formposition="8" adminrequired="true" itemid="200-183529" isactive="true"/>
        </itemgroup>
        <itemgroup formposition="9" maxresponses="0" maxitems="ALL">
          <identifier version="4" name="200-1191399275:I-200-183531" uniqueid="200-1191399275:I-200-183531"/>
          <groupitem blockid="A" groupposition="1" isfieldtest="false" responserequired="true" formposition="9" adminrequired="true" itemid="200-183531" isactive="true"/>
        </itemgroup>
        <itemgroup formposition="10" maxresponses="0" maxitems="ALL">
          <identifier version="4" name="200-1191399275:I-200-183571" uniqueid="200-1191399275:I-200-183571"/>
          <groupitem blockid="A" groupposition="1" isfieldtest="false" responserequired="true" formposition="10" adminrequired="true" itemid="200-183571" isactive="true"/>
        </itemgroup>
        <itemgroup formposition="11" maxresponses="0" maxitems="ALL">
          <identifier version="4" name="200-1191399275:I-200-183637" uniqueid="200-1191399275:I-200-183637"/>
          <groupitem blockid="A" groupposition="1" isfieldtest="false" responserequired="true" formposition="11" adminrequired="true" itemid="200-183637" isactive="true"/>
        </itemgroup>
      </formpartition>
      <formpartition>
        <identifier version="4" name="Grade 4 MATH - Performance Task - IRP (ICA)::BRL COMBINED" uniqueid="200-1873575731"/>
        <itemgroup formposition="1" maxresponses="ALL" maxitems="ALL">
          <identifier version="4" name="200-1873575731:G-200-172081-0" uniqueid="200-1873575731:G-200-172081-0"/>
          <passageref>200-172081</passageref>
          <groupitem blockid="A" groupposition="1" isfieldtest="false" responserequired="true" formposition="1" adminrequired="true" itemid="200-77953" isactive="true"/>
          <groupitem blockid="A" groupposition="2" isfieldtest="false" responserequired="true" formposition="2" adminrequired="true" itemid="200-77954" isactive="true"/>
          <groupitem blockid="A" groupposition="3" isfieldtest="false" responserequired="true" formposition="3" adminrequired="true" itemid="200-77959" isactive="true"/>
          <groupitem blockid="A" groupposition="4" isfieldtest="false" responserequired="true" formposition="4" adminrequired="true" itemid="200-77963" isactive="true"/>
          <groupitem blockid="A" groupposition="5" isfieldtest="false" responserequired="true" formposition="5" adminrequired="true" itemid="200-77981" isactive="true"/>
          <groupitem blockid="A" groupposition="6" isfieldtest="false" responserequired="true" formposition="6" adminrequired="true" itemid="200-77982" isactive="true"/>
        </itemgroup>
      </formpartition>
    </testform>
    <testform length="19">
      <identifier version="4" name="(SBAC)SBAC-ICA-IRP-COMBINED-MATH-4-2020-2021:Default-ENU" uniqueid="(SBAC)SBAC-ICA-IRP-COMBINED-MATH-4-2020-2021:Default-ENU"/>
      <property label="English" name="Language" value="ENU"/>
      <formpartition>
        <identifier version="4" name="Grade 4 MATH - IRP Comprehensive Assessment (ICA)::ENU COMBINED" uniqueid="200-1191396507"/>
        <itemgroup formposition="1" maxresponses="0" maxitems="ALL">
          <identifier version="4" name="200-1191396507:I-200-183216" uniqueid="200-1191396507:I-200-183216"/>
          <groupitem blockid="A" groupposition="1" isfieldtest="false" responserequired="true" formposition="1" adminrequired="true" itemid="200-183216" isactive="true"/>
        </itemgroup>
        <itemgroup formposition="2" maxresponses="0" maxitems="ALL">
          <identifier version="4" name="200-1191396507:I-200-183389" uniqueid="200-1191396507:I-200-183389"/>
          <groupitem blockid="A" groupposition="1" isfieldtest="false" responserequired="true" formposition="2" adminrequired="true" itemid="200-183389" isactive="true"/>
        </itemgroup>
        <itemgroup formposition="3" maxresponses="0" maxitems="ALL">
          <identifier version="4" name="200-1191396507:I-200-183413" uniqueid="200-1191396507:I-200-183413"/>
          <groupitem blockid="A" groupposition="1" isfieldtest="false" responserequired="true" formposition="3" adminrequired="true" itemid="200-183413" isactive="true"/>
        </itemgroup>
        <itemgroup formposition="4" maxresponses="0" maxitems="ALL">
          <identifier version="4" name="200-1191396507:I-200-183419" uniqueid="200-1191396507:I-200-183419"/>
          <groupitem blockid="A" groupposition="1" isfieldtest="false" responserequired="true" formposition="4" adminrequired="true" itemid="200-183419" isactive="true"/>
        </itemgroup>
        <itemgroup formposition="5" maxresponses="0" maxitems="ALL">
          <identifier version="4" name="200-1191396507:I-200-183421" uniqueid="200-1191396507:I-200-183421"/>
          <groupitem blockid="A" groupposition="1" isfieldtest="false" responserequired="true" formposition="5" adminrequired="true" itemid="200-183421" isactive="true"/>
        </itemgroup>
        <itemgroup formposition="6" maxresponses="0" maxitems="ALL">
          <identifier version="4" name="200-1191396507:I-200-183443" uniqueid="200-1191396507:I-200-183443"/>
          <groupitem blockid="A" groupposition="1" isfieldtest="false" responserequired="true" formposition="6" adminrequired="true" itemid="200-183443" isactive="true"/>
        </itemgroup>
        <itemgroup formposition="7" maxresponses="0" maxitems="ALL">
          <identifier version="4" name="200-1191396507:I-200-183451" uniqueid="200-1191396507:I-200-183451"/>
          <groupitem blockid="A" groupposition="1" isfieldtest="false" responserequired="true" formposition="7" adminrequired="true" itemid="200-183451" isactive="true"/>
        </itemgroup>
        <itemgroup formposition="8" maxresponses="0" maxitems="ALL">
          <identifier version="4" name="200-1191396507:I-200-183467" uniqueid="200-1191396507:I-200-183467"/>
          <groupitem blockid="A" groupposition="1" isfieldtest="false" responserequired="true" formposition="8" adminrequired="true" itemid="200-183467" isactive="true"/>
        </itemgroup>
        <itemgroup formposition="9" maxresponses="0" maxitems="ALL">
          <identifier version="4" name="200-1191396507:I-200-183525" uniqueid="200-1191396507:I-200-183525"/>
          <groupitem blockid="A" groupposition="1" isfieldtest="false" responserequired="true" formposition="9" adminrequired="true" itemid="200-183525" isactive="true"/>
        </itemgroup>
        <itemgroup formposition="10" maxresponses="0" maxitems="ALL">
          <identifier version="4" name="200-1191396507:I-200-183529" uniqueid="200-1191396507:I-200-183529"/>
          <groupitem blockid="A" groupposition="1" isfieldtest="false" responserequired="true" formposition="10" adminrequired="true" itemid="200-183529" isactive="true"/>
        </itemgroup>
        <itemgroup formposition="11" maxresponses="0" maxitems="ALL">
          <identifier version="4" name="200-1191396507:I-200-183531" uniqueid="200-1191396507:I-200-183531"/>
          <groupitem blockid="A" groupposition="1" isfieldtest="false" responserequired="true" formposition="11" adminrequired="true" itemid="200-183531" isactive="true"/>
        </itemgroup>
        <itemgroup formposition="12" maxresponses="0" maxitems="ALL">
          <identifier version="4" name="200-1191396507:I-200-183571" uniqueid="200-1191396507:I-200-183571"/>
          <groupitem blockid="A" groupposition="1" isfieldtest="false" responserequired="true" formposition="12" adminrequired="true" itemid="200-183571" isactive="true"/>
        </itemgroup>
        <itemgroup formposition="13" maxresponses="0" maxitems="ALL">
          <identifier version="4" name="200-1191396507:I-200-183637" uniqueid="200-1191396507:I-200-183637"/>
          <groupitem blockid="A" groupposition="1" isfieldtest="false" responserequired="true" formposition="13" adminrequired="true" itemid="200-183637" isactive="true"/>
        </itemgroup>
      </formpartition>
      <formpartition>
        <identifier version="4" name="Grade 4 MATH - Performance Task - IRP (ICA)::ENU COMBINED" uniqueid="200-1873578499"/>
        <itemgroup formposition="1" maxresponses="ALL" maxitems="ALL">
          <identifier version="4" name="200-1873578499:G-200-172081-0" uniqueid="200-1873578499:G-200-172081-0"/>
          <passageref>200-172081</passageref>
          <groupitem blockid="A" groupposition="1" isfieldtest="false" responserequired="true" formposition="1" adminrequired="true" itemid="200-77953" isactive="true"/>
          <groupitem blockid="A" groupposition="2" isfieldtest="false" responserequired="true" formposition="2" adminrequired="true" itemid="200-77954" isactive="true"/>
          <groupitem blockid="A" groupposition="3" isfieldtest="false" responserequired="true" formposition="3" adminrequired="true" itemid="200-77959" isactive="true"/>
          <groupitem blockid="A" groupposition="4" isfieldtest="false" responserequired="true" formposition="4" adminrequired="true" itemid="200-77963" isactive="true"/>
          <groupitem blockid="A" groupposition="5" isfieldtest="false" responserequired="true" formposition="5" adminrequired="true" itemid="200-77981" isactive="true"/>
          <groupitem blockid="A" groupposition="6" isfieldtest="false" responserequired="true" formposition="6" adminrequired="true" itemid="200-77982" isactive="true"/>
        </itemgroup>
      </formpartition>
    </testform>
    <testform length="19">
      <identifier version="4" name="(SBAC)SBAC-ICA-IRP-COMBINED-MATH-4-2020-2021:Default-ESN" uniqueid="(SBAC)SBAC-ICA-IRP-COMBINED-MATH-4-2020-2021:Default-ESN"/>
      <property label="Spanish" name="Language" value="ESN"/>
      <formpartition>
        <identifier version="4" name="Grade 4 MATH - IRP Comprehensive Assessment (ICA)::SPA COMBINED" uniqueid="200-1191383011"/>
        <itemgroup formposition="1" maxresponses="0" maxitems="ALL">
          <identifier version="4" name="200-1191383011:I-200-183216" uniqueid="200-1191383011:I-200-183216"/>
          <groupitem blockid="A" groupposition="1" isfieldtest="false" responserequired="true" formposition="1" adminrequired="true" itemid="200-183216" isactive="true"/>
        </itemgroup>
        <itemgroup formposition="2" maxresponses="0" maxitems="ALL">
          <identifier version="4" name="200-1191383011:I-200-183389" uniqueid="200-1191383011:I-200-183389"/>
          <groupitem blockid="A" groupposition="1" isfieldtest="false" responserequired="true" formposition="2" adminrequired="true" itemid="200-183389" isactive="true"/>
        </itemgroup>
        <itemgroup formposition="3" maxresponses="0" maxitems="ALL">
          <identifier version="4" name="200-1191383011:I-200-183413" uniqueid="200-1191383011:I-200-183413"/>
          <groupitem blockid="A" groupposition="1" isfieldtest="false" responserequired="true" formposition="3" adminrequired="true" itemid="200-183413" isactive="true"/>
        </itemgroup>
        <itemgroup formposition="4" maxresponses="0" maxitems="ALL">
          <identifier version="4" name="200-1191383011:I-200-183419" uniqueid="200-1191383011:I-200-183419"/>
          <groupitem blockid="A" groupposition="1" isfieldtest="false" responserequired="true" formposition="4" adminrequired="true" itemid="200-183419" isactive="true"/>
        </itemgroup>
        <itemgroup formposition="5" maxresponses="0" maxitems="ALL">
          <identifier version="4" name="200-1191383011:I-200-183421" uniqueid="200-1191383011:I-200-183421"/>
          <groupitem blockid="A" groupposition="1" isfieldtest="false" responserequired="true" formposition="5" adminrequired="true" itemid="200-183421" isactive="true"/>
        </itemgroup>
        <itemgroup formposition="6" maxresponses="0" maxitems="ALL">
          <identifier version="4" name="200-1191383011:I-200-183443" uniqueid="200-1191383011:I-200-183443"/>
          <groupitem blockid="A" groupposition="1" isfieldtest="false" responserequired="true" formposition="6" adminrequired="true" itemid="200-183443" isactive="true"/>
        </itemgroup>
        <itemgroup formposition="7" maxresponses="0" maxitems="ALL">
          <identifier version="4" name="200-1191383011:I-200-183451" uniqueid="200-1191383011:I-200-183451"/>
          <groupitem blockid="A" groupposition="1" isfieldtest="false" responserequired="true" formposition="7" adminrequired="true" itemid="200-183451" isactive="true"/>
        </itemgroup>
        <itemgroup formposition="8" maxresponses="0" maxitems="ALL">
          <identifier version="4" name="200-1191383011:I-200-183467" uniqueid="200-1191383011:I-200-183467"/>
          <groupitem blockid="A" groupposition="1" isfieldtest="false" responserequired="true" formposition="8" adminrequired="true" itemid="200-183467" isactive="true"/>
        </itemgroup>
        <itemgroup formposition="9" maxresponses="0" maxitems="ALL">
          <identifier version="4" name="200-1191383011:I-200-183525" uniqueid="200-1191383011:I-200-183525"/>
          <groupitem blockid="A" groupposition="1" isfieldtest="false" responserequired="true" formposition="9" adminrequired="true" itemid="200-183525" isactive="true"/>
        </itemgroup>
        <itemgroup formposition="10" maxresponses="0" maxitems="ALL">
          <identifier version="4" name="200-1191383011:I-200-183529" uniqueid="200-1191383011:I-200-183529"/>
          <groupitem blockid="A" groupposition="1" isfieldtest="false" responserequired="true" formposition="10" adminrequired="true" itemid="200-183529" isactive="true"/>
        </itemgroup>
        <itemgroup formposition="11" maxresponses="0" maxitems="ALL">
          <identifier version="4" name="200-1191383011:I-200-183531" uniqueid="200-1191383011:I-200-183531"/>
          <groupitem blockid="A" groupposition="1" isfieldtest="false" responserequired="true" formposition="11" adminrequired="true" itemid="200-183531" isactive="true"/>
        </itemgroup>
        <itemgroup formposition="12" maxresponses="0" maxitems="ALL">
          <identifier version="4" name="200-1191383011:I-200-183571" uniqueid="200-1191383011:I-200-183571"/>
          <groupitem blockid="A" groupposition="1" isfieldtest="false" responserequired="true" formposition="12" adminrequired="true" itemid="200-183571" isactive="true"/>
        </itemgroup>
        <itemgroup formposition="13" maxresponses="0" maxitems="ALL">
          <identifier version="4" name="200-1191383011:I-200-183637" uniqueid="200-1191383011:I-200-183637"/>
          <groupitem blockid="A" groupposition="1" isfieldtest="false" responserequired="true" formposition="13" adminrequired="true" itemid="200-183637" isactive="true"/>
        </itemgroup>
      </formpartition>
      <formpartition>
        <identifier version="4" name="Grade 4 MATH - Performance Task - IRP (ICA)::SPA COMBINED" uniqueid="200-1873591995"/>
        <itemgroup formposition="1" maxresponses="ALL" maxitems="ALL">
          <identifier version="4" name="200-1873591995:G-200-172081-0" uniqueid="200-1873591995:G-200-172081-0"/>
          <passageref>200-172081</passageref>
          <groupitem blockid="A" groupposition="1" isfieldtest="false" responserequired="true" formposition="1" adminrequired="true" itemid="200-77953" isactive="true"/>
          <groupitem blockid="A" groupposition="2" isfieldtest="false" responserequired="true" formposition="2" adminrequired="true" itemid="200-77954" isactive="true"/>
          <groupitem blockid="A" groupposition="3" isfieldtest="false" responserequired="true" formposition="3" adminrequired="true" itemid="200-77959" isactive="true"/>
          <groupitem blockid="A" groupposition="4" isfieldtest="false" responserequired="true" formposition="4" adminrequired="true" itemid="200-77963" isactive="true"/>
          <groupitem blockid="A" groupposition="5" isfieldtest="false" responserequired="true" formposition="5" adminrequired="true" itemid="200-77981" isactive="true"/>
          <groupitem blockid="A" groupposition="6" isfieldtest="false" responserequired="true" formposition="6" adminrequired="true" itemid="200-77982" isactive="true"/>
        </itemgroup>
      </formpartition>
    </testform>
    <performancelevels>
      <performancelevel bpelementid="(SBAC)SBAC-ICA-IRP-COMBINED-MATH-4-2020-2021" scaledhi="2411.0" scaledlo="2204.0" plevel="1"/>
      <performancelevel bpelementid="(SBAC)SBAC-ICA-IRP-COMBINED-MATH-4-2020-2021" scaledhi="2485.0" scaledlo="2411.0" plevel="2"/>
      <performancelevel bpelementid="(SBAC)SBAC-ICA-IRP-COMBINED-MATH-4-2020-2021" scaledhi="2549.0" scaledlo="2485.0" plevel="3"/>
      <performancelevel bpelementid="(SBAC)SBAC-ICA-IRP-COMBINED-MATH-4-2020-2021" scaledhi="2659.0" scaledlo="2549.0" plevel="4"/>
    </performancelevels>
    <scoringrules>
      <computationrule bpelementid="SOCK_2" computationorder="71">
        <identifier version="1" label="ScaleScore" name="ScaleScore" uniqueid="28aa26c1-0945-47a7-a9f7-47a9202f972b"/>
      </computationrule>
      <computationrule bpelementid="SOCK_2" computationorder="85">
        <identifier version="1" label="PerformanceLevel" name="SEBasedPLWithRounding" uniqueid="2f90e252-cf50-4081-8222-b5fef7d4a0fc"/>
        <computationruleparameter position="1" parametertype="double">
          <identifier version="1" name="seMultiple" uniqueid="aadb1156-c2e7-42a6-b75f-0266bea5bcf8"/>
          <computationruleparametervalue value="1.5"/>
        </computationruleparameter>
        <computationruleparameter position="2" parametertype="int">
          <identifier version="1" name="proficientPerformanceLevel" uniqueid="83c89dd1-afd1-4b92-a2c1-8d7ffc849e50"/>
          <computationruleparametervalue value="3"/>
        </computationruleparameter>
        <computationruleparameter position="3" parametertype="double">
          <identifier version="1" name="LOT" uniqueid="4ba7cfaf-1966-4d6d-bba6-28c3e41c79e7"/>
          <computationruleparametervalue value="-3.9204"/>
        </computationruleparameter>
        <computationruleparameter position="4" parametertype="double">
          <identifier version="1" name="HOT" uniqueid="05d7bc06-6ad0-467e-a26f-f804fd1263c9"/>
          <computationruleparametervalue value="1.8191"/>
        </computationruleparameter>
      </computationrule>
      <computationrule bpelementid="SOCK_2" computationorder="141">
        <identifier version="1" label="RawScore" name="MultiStrandRawScore" uniqueid="7175a656-f3b2-4fee-a204-9bfcb1e15c75"/>
        <computationruleparameter position="1" parametertype="string">
          <identifier version="1" name="strands" uniqueid="2fa5caac-3812-4c97-a156-fd99a5e34fb2"/>
          <property name="indextype" value="int"/>
          <computationruleparametervalue index="1" value="2"/>
          <computationruleparametervalue index="2" value="4"/>
        </computationruleparameter>
      </computationrule>
      <computationrule bpelementid="SOCK_2" computationorder="61">
        <identifier version="1" label="ThetaScore" name="SBACMultiStrandTheta" uniqueid="a3ffe31b-a70b-4105-a80e-47b87425ce44"/>
        <computationruleparameter position="1" parametertype="double">
          <identifier version="1" name="LOT" uniqueid="5d5c7621-7c21-4448-ae0c-255818ca7e0a"/>
          <computationruleparametervalue value="-3.9204"/>
        </computationruleparameter>
        <computationruleparameter position="2" parametertype="double">
          <identifier version="1" name="HOT" uniqueid="a099b417-0fde-4eed-ba5c-79b1f603415e"/>
          <computationruleparametervalue value="1.8191"/>
        </computationruleparameter>
        <computationruleparameter position="3" parametertype="double">
          <identifier version="1" name="seLimit" uniqueid="c3b4eb5e-2b82-4c89-bc29-7e7e9629b757"/>
          <computationruleparametervalue value="2.5"/>
        </computationruleparameter>
        <computationruleparameter position="4" parametertype="string">
          <identifier version="1" name="strands" uniqueid="2e78eec9-b082-4003-9d22-25f43bc1a2ba"/>
          <property name="indextype" value="int"/>
          <computationruleparametervalue index="1" value="2"/>
          <computationruleparametervalue index="2" value="4"/>
        </computationruleparameter>
      </computationrule>
      <computationrule bpelementid="SOCK_2" computationorder="121">
        <identifier version="1" label="ItemCount" name="MultipleStrandItemCount" uniqueid="a50e71e1-caba-4ee0-af21-d93c0982e7a8"/>
        <computationruleparameter position="1" parametertype="string">
          <identifier version="1" name="strands" uniqueid="0f18590c-bc3d-417f-90c4-0c9af90b7288"/>
          <property name="indextype" value="int"/>
          <computationruleparametervalue index="1" value="2"/>
          <computationruleparametervalue index="2" value="4"/>
        </computationruleparameter>
      </computationrule>
      <computationrule bpelementid="SOCK_2" computationorder="131">
        <identifier version="1" label="ItemCountScored" name="MultipleStrandItemCountScored" uniqueid="1e687edc-b667-44bc-a923-36f5f3d01e16"/>
        <computationruleparameter position="1" parametertype="string">
          <identifier version="1" name="strands" uniqueid="57f620a8-b72c-45af-ad99-6676eba01dc3"/>
          <property name="indextype" value="int"/>
          <computationruleparametervalue index="1" value="2"/>
          <computationruleparametervalue index="2" value="4"/>
        </computationruleparameter>
      </computationrule>
      <computationrule bpelementid="(SBAC)SBAC-ICA-IRP-COMBINED-MATH-4-2020-2021" computationorder="10">
        <identifier version="1" label="Attempted" name="SBACAttemptedness" uniqueid="b9bba4b4-7fcf-4ec0-8318-ccfcb1b31d47"/>
        <computationruleparameter position="1" parametertype="int">
          <identifier version="1" name="testPart" uniqueid="a2af5c61-1a35-4dc1-a02e-58bb3602e955"/>
          <property name="indextype" value="string"/>
          <computationruleparametervalue index="SBAC-ICA-IRP-MATH-FIXED-4" value="1"/>
          <computationruleparametervalue index="SBAC-ICA-IRP-MATH-PT-4" value="2"/>
        </computationruleparameter>
      </computationrule>
      <computationrule bpelementid="(SBAC)SBAC-ICA-IRP-COMBINED-MATH-4-2020-2021" computationorder="20">
        <identifier version="1" label="ThetaScore" name="SBACTheta" uniqueid="a11e0a1b-570e-4e85-b7aa-4845b877d93c"/>
        <computationruleparameter position="1" parametertype="double">
          <identifier version="1" name="LOT" uniqueid="2144b090-e8b8-4923-a1ea-724b8a379daa"/>
          <computationruleparametervalue value="-3.9204"/>
        </computationruleparameter>
        <computationruleparameter position="2" parametertype="double">
          <identifier version="1" name="HOT" uniqueid="28fe6056-4b94-4ee8-a2d1-baa8113b0730"/>
          <computationruleparametervalue value="1.8191"/>
        </computationruleparameter>
        <computationruleparameter position="3" parametertype="double">
          <identifier version="1" name="seLimit" uniqueid="1d79d8e2-6ce3-4337-a04f-4df737061eac"/>
          <computationruleparametervalue value="2.5"/>
        </computationruleparameter>
      </computationrule>
      <computationrule bpelementid="(SBAC)SBAC-ICA-IRP-COMBINED-MATH-4-2020-2021" computationorder="30">
        <identifier version="1" label="ScaleScore" name="ScaleScore" uniqueid="44596027-c1ce-4354-b63d-a3e20f726425"/>
      </computationrule>
      <computationrule bpelementid="(SBAC)SBAC-ICA-IRP-COMBINED-MATH-4-2020-2021" computationorder="35">
        <identifier version="1" label="PerformanceLevel" name="TestPerformanceLevel" uniqueid="ffa12757-46e0-4ebd-87a0-ca9bd0430378"/>
      </computationrule>
      <computationrule bpelementid="(SBAC)SBAC-ICA-IRP-COMBINED-MATH-4-2020-2021" computationorder="90">
        <identifier version="1" label="ItemCount" name="ItemCount" uniqueid="845447d9-94d3-4bfa-80dc-853c15e3acee"/>
      </computationrule>
      <computationrule bpelementid="(SBAC)SBAC-ICA-IRP-COMBINED-MATH-4-2020-2021" computationorder="100">
        <identifier version="1" label="ItemCountScored" name="ItemCountScored" uniqueid="aebd188a-5003-4697-b2a2-daa530e1bab7"/>
      </computationrule>
      <computationrule bpelementid="(SBAC)SBAC-ICA-IRP-COMBINED-MATH-4-2020-2021" computationorder="110">
        <identifier version="1" label="RawScore" name="RawScore" uniqueid="907f4754-5263-4e49-8927-1658d1b6b86d"/>
      </computationrule>
      <computationrule bpelementid="(SBAC)SBAC-ICA-IRP-COMBINED-MATH-4-2020-2021" computationorder="300">
        <identifier version="1" label="AccommodationCodes" name="SBACAccommodationUseCodes" uniqueid="90fa38aa-4193-4bf5-b79d-54277369ea67"/>
        <computationruleparameter position="1" parametertype="string">
          <identifier version="1" name="accomNoCodes" uniqueid="ab0da356-0c9d-42e1-89ec-c8d0393da54e"/>
          <property name="indextype" value="string"/>
          <computationruleparametervalue index="Print Size" value="TDS_PS_L0"/>
        </computationruleparameter>
      </computationrule>
      <computationrule bpelementid="SBAC-1" computationorder="60">
        <identifier version="1" label="ThetaScore" name="SBACTheta" uniqueid="6f7094b1-5b82-4ef4-904f-10fa053a06c2"/>
        <computationruleparameter position="1" parametertype="double">
          <identifier version="1" name="LOT" uniqueid="2d1b26ae-72dc-4609-ab60-8ffb8857c8d0"/>
          <computationruleparametervalue value="-3.9204"/>
        </computationruleparameter>
        <computationruleparameter position="2" parametertype="double">
          <identifier version="1" name="HOT" uniqueid="0750fefe-007d-4318-87ca-2b235312cb2d"/>
          <computationruleparametervalue value="1.8191"/>
        </computationruleparameter>
        <computationruleparameter position="3" parametertype="double">
          <identifier version="1" name="seLimit" uniqueid="14f49c82-8779-4a82-bdd0-2d3ca853e5ae"/>
          <computationruleparametervalue value="2.5"/>
        </computationruleparameter>
      </computationrule>
      <computationrule bpelementid="SBAC-1" computationorder="70">
        <identifier version="1" label="ScaleScore" name="ScaleScore" uniqueid="2639b156-6667-4f1f-96c4-54f7e878b65a"/>
      </computationrule>
      <computationrule bpelementid="SBAC-1" computationorder="84">
        <identifier version="1" label="PerformanceLevel" name="SEBasedPLWithRounding" uniqueid="01153cfd-c6c7-47a9-8061-8adff82ab287"/>
        <computationruleparameter position="1" parametertype="double">
          <identifier version="1" name="seMultiple" uniqueid="fbc2dd72-e684-4df3-b226-e7c3a80d60cd"/>
          <computationruleparametervalue value="1.5"/>
        </computationruleparameter>
        <computationruleparameter position="2" parametertype="int">
          <identifier version="1" name="proficientPerformanceLevel" uniqueid="dd82ae3b-4366-4dee-aa5f-f9fb7428c893"/>
          <computationruleparametervalue value="3"/>
        </computationruleparameter>
        <computationruleparameter position="3" parametertype="double">
          <identifier version="1" name="LOT" uniqueid="59c71ec4-eb0e-4132-84be-dad1b1c841e8"/>
          <computationruleparametervalue value="-3.9204"/>
        </computationruleparameter>
        <computationruleparameter position="4" parametertype="double">
          <identifier version="1" name="HOT" uniqueid="7522672f-24cc-4060-970b-e00626304de1"/>
          <computationruleparametervalue value="1.8191"/>
        </computationruleparameter>
      </computationrule>
      <computationrule bpelementid="SBAC-1" computationorder="120">
        <identifier version="1" label="ItemCount" name="ItemCount" uniqueid="cd14e079-1428-48e3-918e-41a721e06373"/>
      </computationrule>
      <computationrule bpelementid="SBAC-1" computationorder="130">
        <identifier version="1" label="ItemCountScored" name="ItemCountScored" uniqueid="5f719d11-5392-41f4-8700-10c890ede84c"/>
      </computationrule>
      <computationrule bpelementid="SBAC-1" computationorder="140">
        <identifier version="1" label="RawScore" name="RawScore" uniqueid="6c3f5cc6-dfc8-458e-8e19-4433cb6b2102"/>
      </computationrule>
      <computationrule bpelementid="SBAC-3" computationorder="62">
        <identifier version="1" label="ThetaScore" name="SBACTheta" uniqueid="a8e94870-6edb-484c-b8c8-5e6978bc8d9f"/>
        <computationruleparameter position="1" parametertype="double">
          <identifier version="1" name="LOT" uniqueid="c504ac34-9f0a-45e4-9c9f-442dc16ba992"/>
          <computationruleparametervalue value="-3.9204"/>
        </computationruleparameter>
        <computationruleparameter position="2" parametertype="double">
          <identifier version="1" name="HOT" uniqueid="648bcec6-680b-479d-b64f-62f3ea640c71"/>
          <computationruleparametervalue value="1.8191"/>
        </computationruleparameter>
        <computationruleparameter position="3" parametertype="double">
          <identifier version="1" name="seLimit" uniqueid="45b8db9f-561c-47b2-8ab7-e42910e50cf9"/>
          <computationruleparametervalue value="2.5"/>
        </computationruleparameter>
      </computationrule>
      <computationrule bpelementid="SBAC-3" computationorder="72">
        <identifier version="1" label="ScaleScore" name="ScaleScore" uniqueid="1e49fcee-ba43-4962-848c-69ffe7190f06"/>
      </computationrule>
      <computationrule bpelementid="SBAC-3" computationorder="86">
        <identifier version="1" label="PerformanceLevel" name="SEBasedPLWithRounding" uniqueid="79ab73b3-538d-4d2e-804f-afcc2686e6f0"/>
        <computationruleparameter position="1" parametertype="double">
          <identifier version="1" name="seMultiple" uniqueid="f8a9b9cd-928c-4027-aa2a-72277f0b3da8"/>
          <computationruleparametervalue value="1.5"/>
        </computationruleparameter>
        <computationruleparameter position="2" parametertype="int">
          <identifier version="1" name="proficientPerformanceLevel" uniqueid="48c78180-e459-47b4-bfd8-1173a863d111"/>
          <computationruleparametervalue value="3"/>
        </computationruleparameter>
        <computationruleparameter position="3" parametertype="double">
          <identifier version="1" name="LOT" uniqueid="3285f5af-c389-4092-8f23-cfc069d33198"/>
          <computationruleparametervalue value="-3.9204"/>
        </computationruleparameter>
        <computationruleparameter position="4" parametertype="double">
          <identifier version="1" name="HOT" uniqueid="6ec4887f-d9df-4803-9bca-982fc4c39aac"/>
          <computationruleparametervalue value="1.8191"/>
        </computationruleparameter>
      </computationrule>
      <computationrule bpelementid="SBAC-3" computationorder="122">
        <identifier version="1" label="ItemCount" name="ItemCount" uniqueid="4448c8fa-a228-4245-a9f1-ceee5278d16b"/>
      </computationrule>
      <computationrule bpelementid="SBAC-3" computationorder="132">
        <identifier version="1" label="ItemCountScored" name="ItemCountScored" uniqueid="bd63c637-4c37-4fe8-a7d0-18b956279f9c"/>
      </computationrule>
      <computationrule bpelementid="SBAC-3" computationorder="142">
        <identifier version="1" label="RawScore" name="RawScore" uniqueid="b4ff7e3f-a381-4480-a417-fb0295ef4d63"/>
      </computationrule>
    </scoringrules>
  </scoring>
</testspecification>
