<testspecification version="1" purpose="scoring" publishdate="Mar 27 2020 12:15AM" publisher="SBAC">
  <identifier version="5" label="SBAC-ICA-IRP-COMBINED-MATH-7" name="SBAC-ICA-IRP-COMBINED-MATH-7" uniqueid="(SBAC)SBAC-ICA-IRP-COMBINED-MATH-7-2020-2021"/>
  <property label="MATH" name="subject" value="MATH"/>
  <property label="interim" name="type" value="interim"/>
  <property label="7" name="grade" value="7"/>
  <property label="7" name="grade" value="7"/>
  <scoring>
    <testblueprint>
      <bpelement maxftitems="0" opitemcount="22" elementtype="test" minopitems="0" maxopitems="22" ftitemcount="0" minftitems="0">
        <identifier version="5" name="SBAC-ICA-IRP-COMBINED-MATH-7" uniqueid="(SBAC)SBAC-ICA-IRP-COMBINED-MATH-7-2020-2021"/>
      </bpelement>
      <bpelement maxftitems="0" opitemcount="3" elementtype="segment" minopitems="0" maxopitems="3" ftitemcount="0" minftitems="0">
        <identifier version="5" name="SBAC-ICA-IRP-MATH-FIXED-7-SEG1-NoCalc-COMBINED" uniqueid="(SBAC)SBAC-ICA-IRP-MATH-FIXED-7-SEG1-NoCalc-COMBINED-2020-2021"/>
      </bpelement>
      <bpelement maxftitems="0" opitemcount="14" elementtype="segment" minopitems="0" maxopitems="14" ftitemcount="0" minftitems="0">
        <identifier version="5" name="SBAC-ICA-IRP-MATH-FIXED-7-SEG2-Calc-COMBINED" uniqueid="(SBAC)SBAC-ICA-IRP-MATH-FIXED-7-SEG2-Calc-COMBINED-2020-2021"/>
      </bpelement>
      <bpelement maxftitems="0" opitemcount="5" elementtype="segment" minopitems="0" maxopitems="5" ftitemcount="0" minftitems="0">
        <identifier version="5" name="SBAC-ICA-IRP-MATH-PT-7-COMBINED" uniqueid="(SBAC)SBAC-ICA-IRP-MATH-PT-7-COMBINED-2020-2021"/>
      </bpelement>
      <bpelement maxftitems="0" opitemcount="1" elementtype="contentlevel" minopitems="0" maxopitems="1" parentid="SBAC-3|RP|NA" ftitemcount="0" minftitems="0">
        <identifier version="5" name="3|RP|NA|A-7" uniqueid="SBAC-3|RP|NA|A-7"/>
      </bpelement>
      <bpelement maxftitems="0" opitemcount="1" elementtype="contentlevel" minopitems="0" maxopitems="1" parentid="SBAC-3|RP|NA" ftitemcount="0" minftitems="0">
        <identifier version="5" name="3|RP|NA|C-7" uniqueid="SBAC-3|RP|NA|C-7"/>
      </bpelement>
      <bpelement maxftitems="0" opitemcount="1" elementtype="contentlevel" minopitems="0" maxopitems="1" parentid="SBAC-1|P|TS02" ftitemcount="0" minftitems="0">
        <identifier version="5" name="1|P|TS02|C-7" uniqueid="SBAC-1|P|TS02|C-7"/>
      </bpelement>
      <bpelement maxftitems="0" opitemcount="3" elementtype="contentlevel" minopitems="0" maxopitems="3" parentid="SBAC-1|P" ftitemcount="0" minftitems="0">
        <identifier version="5" name="1|P|TS02" uniqueid="SBAC-1|P|TS02"/>
      </bpelement>
      <bpelement maxftitems="0" opitemcount="1" elementtype="contentlevel" minopitems="0" maxopitems="1" parentid="SBAC-3|SP" ftitemcount="0" minftitems="0">
        <identifier version="5" name="3|SP|NA" uniqueid="SBAC-3|SP|NA"/>
      </bpelement>
      <bpelement maxftitems="0" opitemcount="1" elementtype="contentlevel" minopitems="0" maxopitems="1" parentid="SBAC-3|EE|NA" ftitemcount="0" minftitems="0">
        <identifier version="5" name="3|EE|NA|E-7" uniqueid="SBAC-3|EE|NA|E-7"/>
      </bpelement>
      <bpelement maxftitems="0" opitemcount="2" elementtype="contentlevel" minopitems="0" maxopitems="2" parentid="SBAC-3|RP" ftitemcount="0" minftitems="0">
        <identifier version="5" name="3|RP|NA" uniqueid="SBAC-3|RP|NA"/>
      </bpelement>
      <bpelement maxftitems="0" opitemcount="2" elementtype="contentlevel" minopitems="0" maxopitems="2" parentid="SBAC-1|P" ftitemcount="0" minftitems="0">
        <identifier version="5" name="1|P|TS01" uniqueid="SBAC-1|P|TS01"/>
      </bpelement>
      <bpelement maxftitems="0" opitemcount="1" elementtype="contentlevel" minopitems="0" maxopitems="1" parentid="SBAC-4|EE" ftitemcount="0" minftitems="0">
        <identifier version="5" name="4|EE|NA" uniqueid="SBAC-4|EE|NA"/>
      </bpelement>
      <bpelement maxftitems="0" opitemcount="2" elementtype="contentlevel" minopitems="0" maxopitems="2" parentid="SBAC-4|G|NA" ftitemcount="0" minftitems="0">
        <identifier version="5" name="4|G|NA|A-7" uniqueid="SBAC-4|G|NA|A-7"/>
      </bpelement>
      <bpelement maxftitems="0" opitemcount="1" elementtype="contentlevel" minopitems="0" maxopitems="1" parentid="SBAC-3" ftitemcount="0" minftitems="0">
        <identifier version="5" name="3|EE" uniqueid="SBAC-3|EE"/>
      </bpelement>
      <bpelement maxftitems="0" opitemcount="1" elementtype="contentlevel" minopitems="0" maxopitems="1" parentid="SBAC-3|NS|NA" ftitemcount="0" minftitems="0">
        <identifier version="5" name="3|NS|NA|A-7" uniqueid="SBAC-3|NS|NA|A-7"/>
      </bpelement>
      <bpelement maxftitems="0" opitemcount="2" elementtype="contentlevel" minopitems="0" maxopitems="2" parentid="SBAC-2|G|NA" ftitemcount="0" minftitems="0">
        <identifier version="5" name="2|G|NA|A-7" uniqueid="SBAC-2|G|NA|A-7"/>
      </bpelement>
      <bpelement maxftitems="0" opitemcount="1" elementtype="contentlevel" minopitems="0" maxopitems="1" parentid="SBAC-4" ftitemcount="0" minftitems="0">
        <identifier version="5" name="4|RP" uniqueid="SBAC-4|RP"/>
      </bpelement>
      <bpelement maxftitems="0" opitemcount="1" elementtype="contentlevel" minopitems="0" maxopitems="1" parentid="SBAC-2|SP" ftitemcount="0" minftitems="0">
        <identifier version="5" name="2|SP|NA" uniqueid="SBAC-2|SP|NA"/>
      </bpelement>
      <bpelement maxftitems="0" opitemcount="1" elementtype="contentlevel" minopitems="0" maxopitems="1" parentid="SBAC-2|SP|NA" ftitemcount="0" minftitems="0">
        <identifier version="5" name="2|SP|NA|A-7" uniqueid="SBAC-2|SP|NA|A-7"/>
      </bpelement>
      <bpelement maxftitems="0" opitemcount="2" elementtype="contentlevel" minopitems="0" maxopitems="2" parentid="SBAC-3|NS" ftitemcount="0" minftitems="0">
        <identifier version="5" name="3|NS|NA" uniqueid="SBAC-3|NS|NA"/>
      </bpelement>
      <bpelement maxftitems="0" opitemcount="6" elementtype="strand" minopitems="0" maxopitems="6" ftitemcount="0" minftitems="0">
        <identifier version="5" name="1" uniqueid="SBAC-1"/>
      </bpelement>
      <bpelement maxftitems="0" opitemcount="5" elementtype="strand" minopitems="0" maxopitems="5" ftitemcount="0" minftitems="0">
        <identifier version="5" name="2" uniqueid="SBAC-2"/>
      </bpelement>
      <bpelement maxftitems="0" opitemcount="1" elementtype="contentlevel" minopitems="0" maxopitems="1" parentid="SBAC-2" ftitemcount="0" minftitems="0">
        <identifier version="5" name="2|EE" uniqueid="SBAC-2|EE"/>
      </bpelement>
      <bpelement maxftitems="0" opitemcount="1" elementtype="contentlevel" minopitems="0" maxopitems="1" parentid="SBAC-4|G|NA" ftitemcount="0" minftitems="0">
        <identifier version="5" name="4|G|NA|D-7" uniqueid="SBAC-4|G|NA|D-7"/>
      </bpelement>
      <bpelement maxftitems="0" opitemcount="6" elementtype="strand" minopitems="0" maxopitems="6" ftitemcount="0" minftitems="0">
        <identifier version="5" name="3" uniqueid="SBAC-3"/>
      </bpelement>
      <bpelement maxftitems="0" opitemcount="5" elementtype="strand" minopitems="0" maxopitems="5" ftitemcount="0" minftitems="0">
        <identifier version="5" name="4" uniqueid="SBAC-4"/>
      </bpelement>
      <bpelement maxftitems="0" opitemcount="1" elementtype="contentlevel" minopitems="0" maxopitems="1" parentid="SBAC-1|P|TS01" ftitemcount="0" minftitems="0">
        <identifier version="5" name="1|P|TS01|D-7" uniqueid="SBAC-1|P|TS01|D-7"/>
      </bpelement>
      <bpelement maxftitems="0" opitemcount="2" elementtype="contentlevel" minopitems="0" maxopitems="2" parentid="SBAC-3" ftitemcount="0" minftitems="0">
        <identifier version="5" name="3|NS" uniqueid="SBAC-3|NS"/>
      </bpelement>
      <bpelement maxftitems="0" opitemcount="1" elementtype="contentlevel" minopitems="0" maxopitems="1" parentid="SBAC-2|EE|NA" ftitemcount="0" minftitems="0">
        <identifier version="5" name="2|EE|NA|C-7" uniqueid="SBAC-2|EE|NA|C-7"/>
      </bpelement>
      <bpelement maxftitems="0" opitemcount="1" elementtype="contentlevel" minopitems="0" maxopitems="1" parentid="SBAC-2|EE" ftitemcount="0" minftitems="0">
        <identifier version="5" name="2|EE|NA" uniqueid="SBAC-2|EE|NA"/>
      </bpelement>
      <bpelement maxftitems="0" opitemcount="2" elementtype="contentlevel" minopitems="0" maxopitems="2" parentid="SBAC-3" ftitemcount="0" minftitems="0">
        <identifier version="5" name="3|RP" uniqueid="SBAC-3|RP"/>
      </bpelement>
      <bpelement maxftitems="0" opitemcount="2" elementtype="contentlevel" minopitems="0" maxopitems="2" parentid="SBAC-1|P|TS02" ftitemcount="0" minftitems="0">
        <identifier version="5" name="1|P|TS02|B-7" uniqueid="SBAC-1|P|TS02|B-7"/>
      </bpelement>
      <bpelement maxftitems="0" opitemcount="1" elementtype="contentlevel" minopitems="0" maxopitems="1" parentid="SBAC-3|SP|NA" ftitemcount="0" minftitems="0">
        <identifier version="5" name="3|SP|NA|A-7" uniqueid="SBAC-3|SP|NA|A-7"/>
      </bpelement>
      <bpelement maxftitems="0" opitemcount="5" elementtype="contentlevel" minopitems="0" maxopitems="5" parentid="SBAC-1" ftitemcount="0" minftitems="0">
        <identifier version="5" name="1|P" uniqueid="SBAC-1|P"/>
      </bpelement>
      <bpelement maxftitems="0" opitemcount="1" elementtype="contentlevel" minopitems="0" maxopitems="1" parentid="SBAC-1" ftitemcount="0" minftitems="0">
        <identifier version="5" name="1|S" uniqueid="SBAC-1|S"/>
      </bpelement>
      <bpelement maxftitems="0" opitemcount="1" elementtype="contentlevel" minopitems="0" maxopitems="1" parentid="SBAC-1|S" ftitemcount="0" minftitems="0">
        <identifier version="5" name="1|S|TS04" uniqueid="SBAC-1|S|TS04"/>
      </bpelement>
      <bpelement maxftitems="0" opitemcount="1" elementtype="contentlevel" minopitems="0" maxopitems="1" parentid="SBAC-2" ftitemcount="0" minftitems="0">
        <identifier version="5" name="2|RP" uniqueid="SBAC-2|RP"/>
      </bpelement>
      <bpelement maxftitems="0" opitemcount="2" elementtype="contentlevel" minopitems="0" maxopitems="2" parentid="SBAC-2|G" ftitemcount="0" minftitems="0">
        <identifier version="5" name="2|G|NA" uniqueid="SBAC-2|G|NA"/>
      </bpelement>
      <bpelement maxftitems="0" opitemcount="1" elementtype="contentlevel" minopitems="0" maxopitems="1" parentid="SBAC-3|NS|NA" ftitemcount="0" minftitems="0">
        <identifier version="5" name="3|NS|NA|F-7" uniqueid="SBAC-3|NS|NA|F-7"/>
      </bpelement>
      <bpelement maxftitems="0" opitemcount="1" elementtype="contentlevel" minopitems="0" maxopitems="1" parentid="SBAC-2|RP" ftitemcount="0" minftitems="0">
        <identifier version="5" name="2|RP|NA" uniqueid="SBAC-2|RP|NA"/>
      </bpelement>
      <bpelement maxftitems="0" opitemcount="1" elementtype="contentlevel" minopitems="0" maxopitems="1" parentid="SBAC-3" ftitemcount="0" minftitems="0">
        <identifier version="5" name="3|SP" uniqueid="SBAC-3|SP"/>
      </bpelement>
      <bpelement maxftitems="0" opitemcount="3" elementtype="contentlevel" minopitems="0" maxopitems="3" parentid="SBAC-4|G" ftitemcount="0" minftitems="0">
        <identifier version="5" name="4|G|NA" uniqueid="SBAC-4|G|NA"/>
      </bpelement>
      <bpelement maxftitems="0" opitemcount="1" elementtype="contentlevel" minopitems="0" maxopitems="1" parentid="SBAC-4|RP|NA" ftitemcount="0" minftitems="0">
        <identifier version="5" name="4|RP|NA|F-7" uniqueid="SBAC-4|RP|NA|F-7"/>
      </bpelement>
      <bpelement maxftitems="0" opitemcount="1" elementtype="contentlevel" minopitems="0" maxopitems="1" parentid="SBAC-3|EE" ftitemcount="0" minftitems="0">
        <identifier version="5" name="3|EE|NA" uniqueid="SBAC-3|EE|NA"/>
      </bpelement>
      <bpelement maxftitems="0" opitemcount="1" elementtype="contentlevel" minopitems="0" maxopitems="1" parentid="SBAC-2|RP|NA" ftitemcount="0" minftitems="0">
        <identifier version="5" name="2|RP|NA|A-7" uniqueid="SBAC-2|RP|NA|A-7"/>
      </bpelement>
      <bpelement maxftitems="0" opitemcount="1" elementtype="contentlevel" minopitems="0" maxopitems="1" parentid="SBAC-4|EE|NA" ftitemcount="0" minftitems="0">
        <identifier version="5" name="4|EE|NA|E-7" uniqueid="SBAC-4|EE|NA|E-7"/>
      </bpelement>
      <bpelement maxftitems="0" opitemcount="1" elementtype="contentlevel" minopitems="0" maxopitems="1" parentid="SBAC-1|S|TS04" ftitemcount="0" minftitems="0">
        <identifier version="5" name="1|S|TS04|I-7" uniqueid="SBAC-1|S|TS04|I-7"/>
      </bpelement>
      <bpelement maxftitems="0" opitemcount="1" elementtype="contentlevel" minopitems="0" maxopitems="1" parentid="SBAC-4|RP" ftitemcount="0" minftitems="0">
        <identifier version="5" name="4|RP|NA" uniqueid="SBAC-4|RP|NA"/>
      </bpelement>
      <bpelement maxftitems="0" opitemcount="1" elementtype="contentlevel" minopitems="0" maxopitems="1" parentid="SBAC-4" ftitemcount="0" minftitems="0">
        <identifier version="5" name="4|EE" uniqueid="SBAC-4|EE"/>
      </bpelement>
      <bpelement maxftitems="0" opitemcount="1" elementtype="contentlevel" minopitems="0" maxopitems="1" parentid="SBAC-1|P|TS01" ftitemcount="0" minftitems="0">
        <identifier version="5" name="1|P|TS01|A-7" uniqueid="SBAC-1|P|TS01|A-7"/>
      </bpelement>
      <bpelement maxftitems="0" opitemcount="2" elementtype="contentlevel" minopitems="0" maxopitems="2" parentid="SBAC-2" ftitemcount="0" minftitems="0">
        <identifier version="5" name="2|G" uniqueid="SBAC-2|G"/>
      </bpelement>
      <bpelement maxftitems="0" opitemcount="1" elementtype="contentlevel" minopitems="0" maxopitems="1" parentid="SBAC-2" ftitemcount="0" minftitems="0">
        <identifier version="5" name="2|SP" uniqueid="SBAC-2|SP"/>
      </bpelement>
      <bpelement maxftitems="0" opitemcount="3" elementtype="contentlevel" minopitems="0" maxopitems="3" parentid="SBAC-4" ftitemcount="0" minftitems="0">
        <identifier version="5" name="4|G" uniqueid="SBAC-4|G"/>
      </bpelement>
    </testblueprint>
    <itempool>
      <passage filename="stim-200-171646.xml">
        <identifier version="5" uniqueid="200-171646"/>
      </passage>
      <testitem itemtype="MS" filename="item-200-183300.xml">
        <identifier version="5" uniqueid="200-183300"/>
        <bpref>(SBAC)SBAC-ICA-IRP-MATH-FIXED-7-SEG1-NoCalc-COMBINED-2020-2021</bpref>
        <bpref>SBAC-1</bpref>
        <bpref>SBAC-1|P</bpref>
        <bpref>SBAC-1|P|TS02</bpref>
        <bpref>SBAC-1|P|TS02|B-7</bpref>
        <poolproperty label="English" value="ENU" property="Language"/>
        <poolproperty label="Braille" value="ENU-Braille" property="Language"/>
        <poolproperty label="Spanish" value="ESN" property="Language"/>
        <poolproperty label="ItemType = MS" value="MS" property="--ITEMTYPE--"/>
        <poolproperty label="Answer Key = D,E" value="D,E" property="Answer Key"/>
        <poolproperty label="ASL = Y" value="Y" property="ASL"/>
        <poolproperty label="Braille = BRF" value="BRF" property="Braille"/>
        <poolproperty label="Depth of Knowledge = 1" value="1" property="Depth of Knowledge"/>
        <poolproperty label="Grade = 7" value="7" property="Grade"/>
        <poolproperty label="Scoring Engine = Automatic with Key(s)" value="Automatic with Key(s)" property="Scoring Engine"/>
        <itemscoredimension measurementmodel="IRT3PLn" weight="1.0" scorepoints="1">
          <itemscoreparameter value="0.8674" measurementparameter="a"/>
          <itemscoreparameter value="2.4111" measurementparameter="b"/>
          <itemscoreparameter value="0.0" measurementparameter="c"/>
        </itemscoredimension>
      </testitem>
      <testitem itemtype="EQ" filename="item-200-183505.xml">
        <identifier version="5" uniqueid="200-183505"/>
        <bpref>(SBAC)SBAC-ICA-IRP-MATH-FIXED-7-SEG1-NoCalc-COMBINED-2020-2021</bpref>
        <bpref>SBAC-1</bpref>
        <bpref>SBAC-1|P</bpref>
        <bpref>SBAC-1|P|TS02</bpref>
        <bpref>SBAC-1|P|TS02|B-7</bpref>
        <poolproperty label="English" value="ENU" property="Language"/>
        <poolproperty label="Braille" value="ENU-Braille" property="Language"/>
        <poolproperty label="Spanish" value="ESN" property="Language"/>
        <poolproperty label="ItemType = EQ" value="EQ" property="--ITEMTYPE--"/>
        <poolproperty label="Answer Key = EQ" value="EQ" property="Answer Key"/>
        <poolproperty label="ASL = Y" value="Y" property="ASL"/>
        <poolproperty label="Braille = PRN" value="PRN" property="Braille"/>
        <poolproperty label="Depth of Knowledge = 1" value="1" property="Depth of Knowledge"/>
        <poolproperty label="Grade = 7" value="7" property="Grade"/>
        <poolproperty label="Scoring Engine = Automatic with Machine Rubric" value="Automatic with Machine Rubric" property="Scoring Engine"/>
        <itemscoredimension measurementmodel="IRT3PLn" weight="1.0" scorepoints="1">
          <itemscoreparameter value="0.6301" measurementparameter="a"/>
          <itemscoreparameter value="1.5213" measurementparameter="b"/>
          <itemscoreparameter value="0.0" measurementparameter="c"/>
        </itemscoredimension>
      </testitem>
      <testitem itemtype="EQ" filename="item-200-12049.xml">
        <identifier version="5" uniqueid="200-12049"/>
        <bpref>(SBAC)SBAC-ICA-IRP-MATH-FIXED-7-SEG1-NoCalc-COMBINED-2020-2021</bpref>
        <bpref>SBAC-1</bpref>
        <bpref>SBAC-1|P</bpref>
        <bpref>SBAC-1|P|TS02</bpref>
        <bpref>SBAC-1|P|TS02|C-7</bpref>
        <poolproperty label="English" value="ENU" property="Language"/>
        <poolproperty label="Braille" value="ENU-Braille" property="Language"/>
        <poolproperty label="Spanish" value="ESN" property="Language"/>
        <poolproperty label="ItemType = EQ" value="EQ" property="--ITEMTYPE--"/>
        <poolproperty label="Answer Key = EQ" value="EQ" property="Answer Key"/>
        <poolproperty label="ASL = Y" value="Y" property="ASL"/>
        <poolproperty label="Braille = BRF" value="BRF" property="Braille"/>
        <poolproperty label="Depth of Knowledge = 1" value="1" property="Depth of Knowledge"/>
        <poolproperty label="Grade = 7" value="7" property="Grade"/>
        <poolproperty label="Scoring Engine = Automatic with Machine Rubric" value="Automatic with Machine Rubric" property="Scoring Engine"/>
        <itemscoredimension measurementmodel="IRT3PLn" weight="1.0" scorepoints="1">
          <itemscoreparameter value="0.54806" measurementparameter="a"/>
          <itemscoreparameter value="1.14685" measurementparameter="b"/>
          <itemscoreparameter value="0.0" measurementparameter="c"/>
        </itemscoredimension>
      </testitem>
      <testitem itemtype="EQ" filename="item-200-183401.xml">
        <identifier version="5" uniqueid="200-183401"/>
        <bpref>(SBAC)SBAC-ICA-IRP-MATH-FIXED-7-SEG2-Calc-COMBINED-2020-2021</bpref>
        <bpref>SBAC-4</bpref>
        <bpref>SBAC-4|RP</bpref>
        <bpref>SBAC-4|RP|NA</bpref>
        <bpref>SBAC-4|RP|NA|F-7</bpref>
        <poolproperty label="English" value="ENU" property="Language"/>
        <poolproperty label="Braille" value="ENU-Braille" property="Language"/>
        <poolproperty label="Spanish" value="ESN" property="Language"/>
        <poolproperty label="ItemType = EQ" value="EQ" property="--ITEMTYPE--"/>
        <poolproperty label="Answer Key = EQ" value="EQ" property="Answer Key"/>
        <poolproperty label="ASL = Y" value="Y" property="ASL"/>
        <poolproperty label="Braille = PRN" value="PRN" property="Braille"/>
        <poolproperty label="Depth of Knowledge = 3" value="3" property="Depth of Knowledge"/>
        <poolproperty label="Grade = 7" value="7" property="Grade"/>
        <poolproperty label="Scoring Engine = Automatic with Machine Rubric" value="Automatic with Machine Rubric" property="Scoring Engine"/>
        <itemscoredimension measurementmodel="IRT3PLn" weight="1.0" scorepoints="1">
          <itemscoreparameter value="1.6927" measurementparameter="a"/>
          <itemscoreparameter value="1.9344" measurementparameter="b"/>
          <itemscoreparameter value="0.0" measurementparameter="c"/>
        </itemscoredimension>
      </testitem>
      <testitem itemtype="EQ" filename="item-200-183461.xml">
        <identifier version="5" uniqueid="200-183461"/>
        <bpref>(SBAC)SBAC-ICA-IRP-MATH-FIXED-7-SEG2-Calc-COMBINED-2020-2021</bpref>
        <bpref>SBAC-2</bpref>
        <bpref>SBAC-2|EE</bpref>
        <bpref>SBAC-2|EE|NA</bpref>
        <bpref>SBAC-2|EE|NA|C-7</bpref>
        <poolproperty label="English" value="ENU" property="Language"/>
        <poolproperty label="Braille" value="ENU-Braille" property="Language"/>
        <poolproperty label="Spanish" value="ESN" property="Language"/>
        <poolproperty label="ItemType = EQ" value="EQ" property="--ITEMTYPE--"/>
        <poolproperty label="Answer Key = EQ" value="EQ" property="Answer Key"/>
        <poolproperty label="ASL = Y" value="Y" property="ASL"/>
        <poolproperty label="Braille = BRF" value="BRF" property="Braille"/>
        <poolproperty label="Depth of Knowledge = 2" value="2" property="Depth of Knowledge"/>
        <poolproperty label="Grade = 7" value="7" property="Grade"/>
        <poolproperty label="Scoring Engine = Automatic with Machine Rubric" value="Automatic with Machine Rubric" property="Scoring Engine"/>
        <itemscoredimension measurementmodel="IRT3PLn" weight="1.0" scorepoints="1">
          <itemscoreparameter value="0.7673" measurementparameter="a"/>
          <itemscoreparameter value="0.0784" measurementparameter="b"/>
          <itemscoreparameter value="0.0" measurementparameter="c"/>
        </itemscoredimension>
      </testitem>
      <testitem itemtype="GI" filename="item-200-183475.xml">
        <identifier version="5" uniqueid="200-183475"/>
        <bpref>(SBAC)SBAC-ICA-IRP-MATH-FIXED-7-SEG2-Calc-COMBINED-2020-2021</bpref>
        <bpref>SBAC-1</bpref>
        <bpref>SBAC-1|P</bpref>
        <bpref>SBAC-1|P|TS01</bpref>
        <bpref>SBAC-1|P|TS01|D-7</bpref>
        <poolproperty label="English" value="ENU" property="Language"/>
        <poolproperty label="Spanish" value="ESN" property="Language"/>
        <poolproperty label="ItemType = GI" value="GI" property="--ITEMTYPE--"/>
        <poolproperty label="Answer Key = GI" value="GI" property="Answer Key"/>
        <poolproperty label="ASL = Y" value="Y" property="ASL"/>
        <poolproperty label="Depth of Knowledge = 2" value="2" property="Depth of Knowledge"/>
        <poolproperty label="Grade = 7" value="7" property="Grade"/>
        <poolproperty label="Scoring Engine = Automatic with Machine Rubric" value="Automatic with Machine Rubric" property="Scoring Engine"/>
        <itemscoredimension measurementmodel="IRT3PLn" weight="1.0" scorepoints="1">
          <itemscoreparameter value="0.5394" measurementparameter="a"/>
          <itemscoreparameter value="2.403" measurementparameter="b"/>
          <itemscoreparameter value="0.0" measurementparameter="c"/>
        </itemscoredimension>
      </testitem>
      <testitem itemtype="EQ" filename="item-200-183491.xml">
        <identifier version="5" uniqueid="200-183491"/>
        <bpref>(SBAC)SBAC-ICA-IRP-MATH-FIXED-7-SEG2-Calc-COMBINED-2020-2021</bpref>
        <bpref>SBAC-4</bpref>
        <bpref>SBAC-4|EE</bpref>
        <bpref>SBAC-4|EE|NA</bpref>
        <bpref>SBAC-4|EE|NA|E-7</bpref>
        <poolproperty label="English" value="ENU" property="Language"/>
        <poolproperty label="Braille" value="ENU-Braille" property="Language"/>
        <poolproperty label="Spanish" value="ESN" property="Language"/>
        <poolproperty label="ItemType = EQ" value="EQ" property="--ITEMTYPE--"/>
        <poolproperty label="Answer Key = EQ" value="EQ" property="Answer Key"/>
        <poolproperty label="ASL = Y" value="Y" property="ASL"/>
        <poolproperty label="Braille = BRF" value="BRF" property="Braille"/>
        <poolproperty label="Depth of Knowledge = 3" value="3" property="Depth of Knowledge"/>
        <poolproperty label="Grade = 7" value="7" property="Grade"/>
        <poolproperty label="Scoring Engine = Automatic with Machine Rubric" value="Automatic with Machine Rubric" property="Scoring Engine"/>
        <itemscoredimension measurementmodel="IRT3PLn" weight="1.0" scorepoints="1">
          <itemscoreparameter value="1.3145" measurementparameter="a"/>
          <itemscoreparameter value="2.1395" measurementparameter="b"/>
          <itemscoreparameter value="0.0" measurementparameter="c"/>
        </itemscoredimension>
      </testitem>
      <testitem itemtype="EQ" filename="item-200-183517.xml">
        <identifier version="5" uniqueid="200-183517"/>
        <bpref>(SBAC)SBAC-ICA-IRP-MATH-FIXED-7-SEG2-Calc-COMBINED-2020-2021</bpref>
        <bpref>SBAC-2</bpref>
        <bpref>SBAC-2|RP</bpref>
        <bpref>SBAC-2|RP|NA</bpref>
        <bpref>SBAC-2|RP|NA|A-7</bpref>
        <poolproperty label="English" value="ENU" property="Language"/>
        <poolproperty label="Braille" value="ENU-Braille" property="Language"/>
        <poolproperty label="Spanish" value="ESN" property="Language"/>
        <poolproperty label="ItemType = EQ" value="EQ" property="--ITEMTYPE--"/>
        <poolproperty label="Answer Key = EQ" value="EQ" property="Answer Key"/>
        <poolproperty label="ASL = Y" value="Y" property="ASL"/>
        <poolproperty label="Braille = BRF" value="BRF" property="Braille"/>
        <poolproperty label="Depth of Knowledge = 2" value="2" property="Depth of Knowledge"/>
        <poolproperty label="Grade = 7" value="7" property="Grade"/>
        <poolproperty label="Scoring Engine = Automatic with Machine Rubric" value="Automatic with Machine Rubric" property="Scoring Engine"/>
        <itemscoredimension measurementmodel="IRT3PLn" weight="1.0" scorepoints="1">
          <itemscoreparameter value="0.9907" measurementparameter="a"/>
          <itemscoreparameter value="2.2501" measurementparameter="b"/>
          <itemscoreparameter value="0.0" measurementparameter="c"/>
        </itemscoredimension>
      </testitem>
      <testitem itemtype="EQ" filename="item-200-183519.xml">
        <identifier version="5" uniqueid="200-183519"/>
        <bpref>(SBAC)SBAC-ICA-IRP-MATH-FIXED-7-SEG2-Calc-COMBINED-2020-2021</bpref>
        <bpref>SBAC-2</bpref>
        <bpref>SBAC-2|G</bpref>
        <bpref>SBAC-2|G|NA</bpref>
        <bpref>SBAC-2|G|NA|A-7</bpref>
        <poolproperty label="English" value="ENU" property="Language"/>
        <poolproperty label="Braille" value="ENU-Braille" property="Language"/>
        <poolproperty label="Spanish" value="ESN" property="Language"/>
        <poolproperty label="ItemType = EQ" value="EQ" property="--ITEMTYPE--"/>
        <poolproperty label="Answer Key = EQ" value="EQ" property="Answer Key"/>
        <poolproperty label="ASL = Y" value="Y" property="ASL"/>
        <poolproperty label="Braille = BRF" value="BRF" property="Braille"/>
        <poolproperty label="Depth of Knowledge = 2" value="2" property="Depth of Knowledge"/>
        <poolproperty label="Grade = 7" value="7" property="Grade"/>
        <poolproperty label="Scoring Engine = Automatic with Machine Rubric" value="Automatic with Machine Rubric" property="Scoring Engine"/>
        <itemscoredimension measurementmodel="IRT3PLn" weight="1.0" scorepoints="1">
          <itemscoreparameter value="1.1572" measurementparameter="a"/>
          <itemscoreparameter value="2.599" measurementparameter="b"/>
          <itemscoreparameter value="0.0" measurementparameter="c"/>
        </itemscoredimension>
      </testitem>
      <testitem itemtype="EQ" filename="item-200-183457.xml">
        <identifier version="5" uniqueid="200-183457"/>
        <bpref>(SBAC)SBAC-ICA-IRP-MATH-FIXED-7-SEG2-Calc-COMBINED-2020-2021</bpref>
        <bpref>SBAC-3</bpref>
        <bpref>SBAC-3|NS</bpref>
        <bpref>SBAC-3|NS|NA</bpref>
        <bpref>SBAC-3|NS|NA|A-7</bpref>
        <poolproperty label="English" value="ENU" property="Language"/>
        <poolproperty label="Braille" value="ENU-Braille" property="Language"/>
        <poolproperty label="Spanish" value="ESN" property="Language"/>
        <poolproperty label="ItemType = EQ" value="EQ" property="--ITEMTYPE--"/>
        <poolproperty label="Answer Key = EQ" value="EQ" property="Answer Key"/>
        <poolproperty label="ASL = Y" value="Y" property="ASL"/>
        <poolproperty label="Braille = BRF" value="BRF" property="Braille"/>
        <poolproperty label="Depth of Knowledge = 2" value="2" property="Depth of Knowledge"/>
        <poolproperty label="Grade = 7" value="7" property="Grade"/>
        <poolproperty label="Scoring Engine = Automatic with Machine Rubric" value="Automatic with Machine Rubric" property="Scoring Engine"/>
        <itemscoredimension measurementmodel="IRT3PLn" weight="1.0" scorepoints="1">
          <itemscoreparameter value="0.5081" measurementparameter="a"/>
          <itemscoreparameter value="2.5754" measurementparameter="b"/>
          <itemscoreparameter value="0.0" measurementparameter="c"/>
        </itemscoredimension>
      </testitem>
      <testitem itemtype="GI" filename="item-200-183561.xml">
        <identifier version="5" uniqueid="200-183561"/>
        <bpref>(SBAC)SBAC-ICA-IRP-MATH-FIXED-7-SEG2-Calc-COMBINED-2020-2021</bpref>
        <bpref>SBAC-3</bpref>
        <bpref>SBAC-3|NS</bpref>
        <bpref>SBAC-3|NS|NA</bpref>
        <bpref>SBAC-3|NS|NA|F-7</bpref>
        <poolproperty label="English" value="ENU" property="Language"/>
        <poolproperty label="Spanish" value="ESN" property="Language"/>
        <poolproperty label="ItemType = GI" value="GI" property="--ITEMTYPE--"/>
        <poolproperty label="Answer Key = GI" value="GI" property="Answer Key"/>
        <poolproperty label="ASL = Y" value="Y" property="ASL"/>
        <poolproperty label="Depth of Knowledge = 2" value="2" property="Depth of Knowledge"/>
        <poolproperty label="Grade = 7" value="7" property="Grade"/>
        <poolproperty label="Scoring Engine = Automatic with Machine Rubric" value="Automatic with Machine Rubric" property="Scoring Engine"/>
        <itemscoredimension measurementmodel="IRT3PLn" weight="1.0" scorepoints="1">
          <itemscoreparameter value="0.9821" measurementparameter="a"/>
          <itemscoreparameter value="1.5629" measurementparameter="b"/>
          <itemscoreparameter value="0.0" measurementparameter="c"/>
        </itemscoredimension>
      </testitem>
      <testitem itemtype="MC" filename="item-200-183563.xml">
        <identifier version="5" uniqueid="200-183563"/>
        <bpref>(SBAC)SBAC-ICA-IRP-MATH-FIXED-7-SEG2-Calc-COMBINED-2020-2021</bpref>
        <bpref>SBAC-3</bpref>
        <bpref>SBAC-3|EE</bpref>
        <bpref>SBAC-3|EE|NA</bpref>
        <bpref>SBAC-3|EE|NA|E-7</bpref>
        <poolproperty label="English" value="ENU" property="Language"/>
        <poolproperty label="Braille" value="ENU-Braille" property="Language"/>
        <poolproperty label="Spanish" value="ESN" property="Language"/>
        <poolproperty label="ItemType = MC" value="MC" property="--ITEMTYPE--"/>
        <poolproperty label="Answer Key = B" value="B" property="Answer Key"/>
        <poolproperty label="ASL = Y" value="Y" property="ASL"/>
        <poolproperty label="Braille = BRF" value="BRF" property="Braille"/>
        <poolproperty label="Depth of Knowledge = 2" value="2" property="Depth of Knowledge"/>
        <poolproperty label="Grade = 7" value="7" property="Grade"/>
        <poolproperty label="Scoring Engine = Automatic with Key" value="Automatic with Key" property="Scoring Engine"/>
        <itemscoredimension measurementmodel="IRT3PLn" weight="1.0" scorepoints="1">
          <itemscoreparameter value="0.065" measurementparameter="a"/>
          <itemscoreparameter value="4.4306" measurementparameter="b"/>
          <itemscoreparameter value="0.0" measurementparameter="c"/>
        </itemscoredimension>
      </testitem>
      <testitem itemtype="MI" filename="item-200-183581.xml">
        <identifier version="5" uniqueid="200-183581"/>
        <bpref>(SBAC)SBAC-ICA-IRP-MATH-FIXED-7-SEG2-Calc-COMBINED-2020-2021</bpref>
        <bpref>SBAC-1</bpref>
        <bpref>SBAC-1|S</bpref>
        <bpref>SBAC-1|S|TS04</bpref>
        <bpref>SBAC-1|S|TS04|I-7</bpref>
        <poolproperty label="English" value="ENU" property="Language"/>
        <poolproperty label="Braille" value="ENU-Braille" property="Language"/>
        <poolproperty label="Spanish" value="ESN" property="Language"/>
        <poolproperty label="ItemType = MI" value="MI" property="--ITEMTYPE--"/>
        <poolproperty label="Answer Key = MI" value="MI" property="Answer Key"/>
        <poolproperty label="ASL = Y" value="Y" property="ASL"/>
        <poolproperty label="Braille = BRF" value="BRF" property="Braille"/>
        <poolproperty label="Depth of Knowledge = 1" value="1" property="Depth of Knowledge"/>
        <poolproperty label="Grade = 7" value="7" property="Grade"/>
        <poolproperty label="Scoring Engine = Automatic with Machine Rubric" value="Automatic with Machine Rubric" property="Scoring Engine"/>
        <itemscoredimension measurementmodel="IRT3PLn" weight="1.0" scorepoints="1">
          <itemscoreparameter value="0.5849" measurementparameter="a"/>
          <itemscoreparameter value="0.0724" measurementparameter="b"/>
          <itemscoreparameter value="0.0" measurementparameter="c"/>
        </itemscoredimension>
      </testitem>
      <testitem itemtype="MS" filename="item-200-183583.xml">
        <identifier version="5" uniqueid="200-183583"/>
        <bpref>(SBAC)SBAC-ICA-IRP-MATH-FIXED-7-SEG2-Calc-COMBINED-2020-2021</bpref>
        <bpref>SBAC-3</bpref>
        <bpref>SBAC-3|RP</bpref>
        <bpref>SBAC-3|RP|NA</bpref>
        <bpref>SBAC-3|RP|NA|A-7</bpref>
        <poolproperty label="English" value="ENU" property="Language"/>
        <poolproperty label="Braille" value="ENU-Braille" property="Language"/>
        <poolproperty label="Spanish" value="ESN" property="Language"/>
        <poolproperty label="ItemType = MS" value="MS" property="--ITEMTYPE--"/>
        <poolproperty label="Answer Key = A,C,E" value="A,C,E" property="Answer Key"/>
        <poolproperty label="ASL = Y" value="Y" property="ASL"/>
        <poolproperty label="Braille = BRF" value="BRF" property="Braille"/>
        <poolproperty label="Depth of Knowledge = 2" value="2" property="Depth of Knowledge"/>
        <poolproperty label="Grade = 7" value="7" property="Grade"/>
        <poolproperty label="Scoring Engine = Automatic with Key(s)" value="Automatic with Key(s)" property="Scoring Engine"/>
        <itemscoredimension measurementmodel="IRT3PLn" weight="1.0" scorepoints="1">
          <itemscoreparameter value="0.777" measurementparameter="a"/>
          <itemscoreparameter value="0.3592" measurementparameter="b"/>
          <itemscoreparameter value="0.0" measurementparameter="c"/>
        </itemscoredimension>
      </testitem>
      <testitem itemtype="EQ" filename="item-200-183591.xml">
        <identifier version="5" uniqueid="200-183591"/>
        <bpref>(SBAC)SBAC-ICA-IRP-MATH-FIXED-7-SEG2-Calc-COMBINED-2020-2021</bpref>
        <bpref>SBAC-4</bpref>
        <bpref>SBAC-4|G</bpref>
        <bpref>SBAC-4|G|NA</bpref>
        <bpref>SBAC-4|G|NA|D-7</bpref>
        <poolproperty label="English" value="ENU" property="Language"/>
        <poolproperty label="Braille" value="ENU-Braille" property="Language"/>
        <poolproperty label="Spanish" value="ESN" property="Language"/>
        <poolproperty label="ItemType = EQ" value="EQ" property="--ITEMTYPE--"/>
        <poolproperty label="Answer Key = EQ" value="EQ" property="Answer Key"/>
        <poolproperty label="ASL = Y" value="Y" property="ASL"/>
        <poolproperty label="Braille = PRN" value="PRN" property="Braille"/>
        <poolproperty label="Depth of Knowledge = 2" value="2" property="Depth of Knowledge"/>
        <poolproperty label="Grade = 7" value="7" property="Grade"/>
        <poolproperty label="Scoring Engine = Automatic with Machine Rubric" value="Automatic with Machine Rubric" property="Scoring Engine"/>
        <itemscoredimension measurementmodel="IRTGPC" weight="1.0" scorepoints="2">
          <itemscoreparameter value="0.8945" measurementparameter="a"/>
          <itemscoreparameter value="1.3793" measurementparameter="b0"/>
          <itemscoreparameter value="2.6237" measurementparameter="b1"/>
        </itemscoredimension>
      </testitem>
      <testitem itemtype="MI" filename="item-200-183611.xml">
        <identifier version="5" uniqueid="200-183611"/>
        <bpref>(SBAC)SBAC-ICA-IRP-MATH-FIXED-7-SEG2-Calc-COMBINED-2020-2021</bpref>
        <bpref>SBAC-1</bpref>
        <bpref>SBAC-1|P</bpref>
        <bpref>SBAC-1|P|TS01</bpref>
        <bpref>SBAC-1|P|TS01|A-7</bpref>
        <poolproperty label="English" value="ENU" property="Language"/>
        <poolproperty label="Braille" value="ENU-Braille" property="Language"/>
        <poolproperty label="Spanish" value="ESN" property="Language"/>
        <poolproperty label="ItemType = MI" value="MI" property="--ITEMTYPE--"/>
        <poolproperty label="Answer Key = MI" value="MI" property="Answer Key"/>
        <poolproperty label="ASL = Y" value="Y" property="ASL"/>
        <poolproperty label="Braille = PRN" value="PRN" property="Braille"/>
        <poolproperty label="Depth of Knowledge = 2" value="2" property="Depth of Knowledge"/>
        <poolproperty label="Grade = 7" value="7" property="Grade"/>
        <poolproperty label="Scoring Engine = Automatic with Machine Rubric" value="Automatic with Machine Rubric" property="Scoring Engine"/>
        <itemscoredimension measurementmodel="IRT3PLn" weight="1.0" scorepoints="1">
          <itemscoreparameter value="0.4652" measurementparameter="a"/>
          <itemscoreparameter value="0.4166" measurementparameter="b"/>
          <itemscoreparameter value="0.0" measurementparameter="c"/>
        </itemscoredimension>
      </testitem>
      <testitem itemtype="MC" filename="item-200-183635.xml">
        <identifier version="5" uniqueid="200-183635"/>
        <bpref>(SBAC)SBAC-ICA-IRP-MATH-FIXED-7-SEG2-Calc-COMBINED-2020-2021</bpref>
        <bpref>SBAC-3</bpref>
        <bpref>SBAC-3|RP</bpref>
        <bpref>SBAC-3|RP|NA</bpref>
        <bpref>SBAC-3|RP|NA|C-7</bpref>
        <poolproperty label="English" value="ENU" property="Language"/>
        <poolproperty label="Braille" value="ENU-Braille" property="Language"/>
        <poolproperty label="Spanish" value="ESN" property="Language"/>
        <poolproperty label="ItemType = MC" value="MC" property="--ITEMTYPE--"/>
        <poolproperty label="Answer Key = B" value="B" property="Answer Key"/>
        <poolproperty label="ASL = Y" value="Y" property="ASL"/>
        <poolproperty label="Braille = BRF" value="BRF" property="Braille"/>
        <poolproperty label="Depth of Knowledge = 2" value="2" property="Depth of Knowledge"/>
        <poolproperty label="Grade = 7" value="7" property="Grade"/>
        <poolproperty label="Scoring Engine = Automatic with Key" value="Automatic with Key" property="Scoring Engine"/>
        <itemscoredimension measurementmodel="IRT3PLn" weight="1.0" scorepoints="1">
          <itemscoreparameter value="0.0598" measurementparameter="a"/>
          <itemscoreparameter value="12.0929" measurementparameter="b"/>
          <itemscoreparameter value="0.0" measurementparameter="c"/>
        </itemscoredimension>
      </testitem>
      <testitem itemtype="EQ" filename="item-200-51235.xml">
        <identifier version="5" uniqueid="200-51235"/>
        <bpref>(SBAC)SBAC-ICA-IRP-MATH-PT-7-COMBINED-2020-2021</bpref>
        <bpref>SBAC-2</bpref>
        <bpref>SBAC-2|SP</bpref>
        <bpref>SBAC-2|SP|NA</bpref>
        <bpref>SBAC-2|SP|NA|A-7</bpref>
        <passageref>200-171646</passageref>
        <poolproperty label="English" value="ENU" property="Language"/>
        <poolproperty label="Braille" value="ENU-Braille" property="Language"/>
        <poolproperty label="Spanish" value="ESN" property="Language"/>
        <poolproperty label="ItemType = EQ" value="EQ" property="--ITEMTYPE--"/>
        <poolproperty label="Answer Key = EQ" value="EQ" property="Answer Key"/>
        <poolproperty label="ASL = Y" value="Y" property="ASL"/>
        <poolproperty label="Braille = BRF" value="BRF" property="Braille"/>
        <poolproperty label="Depth of Knowledge = 2" value="2" property="Depth of Knowledge"/>
        <poolproperty label="Grade = 7" value="7" property="Grade"/>
        <poolproperty label="Scoring Engine = Automatic with Machine Rubric" value="Automatic with Machine Rubric" property="Scoring Engine"/>
        <itemscoredimension measurementmodel="IRT3PLn" weight="1.0" scorepoints="1">
          <itemscoreparameter value="1.0441" measurementparameter="a"/>
          <itemscoreparameter value="1.3169" measurementparameter="b"/>
          <itemscoreparameter value="0.0" measurementparameter="c"/>
        </itemscoredimension>
      </testitem>
      <testitem itemtype="EQ" filename="item-200-51236.xml">
        <identifier version="5" uniqueid="200-51236"/>
        <bpref>(SBAC)SBAC-ICA-IRP-MATH-PT-7-COMBINED-2020-2021</bpref>
        <bpref>SBAC-2</bpref>
        <bpref>SBAC-2|G</bpref>
        <bpref>SBAC-2|G|NA</bpref>
        <bpref>SBAC-2|G|NA|A-7</bpref>
        <passageref>200-171646</passageref>
        <poolproperty label="English" value="ENU" property="Language"/>
        <poolproperty label="Braille" value="ENU-Braille" property="Language"/>
        <poolproperty label="Spanish" value="ESN" property="Language"/>
        <poolproperty label="ItemType = EQ" value="EQ" property="--ITEMTYPE--"/>
        <poolproperty label="Answer Key = EQ" value="EQ" property="Answer Key"/>
        <poolproperty label="ASL = Y" value="Y" property="ASL"/>
        <poolproperty label="Braille = BRF" value="BRF" property="Braille"/>
        <poolproperty label="Depth of Knowledge = 2" value="2" property="Depth of Knowledge"/>
        <poolproperty label="Grade = 7" value="7" property="Grade"/>
        <poolproperty label="Scoring Engine = Automatic with Machine Rubric" value="Automatic with Machine Rubric" property="Scoring Engine"/>
        <itemscoredimension measurementmodel="IRT3PLn" weight="1.0" scorepoints="1">
          <itemscoreparameter value="0.6372" measurementparameter="a"/>
          <itemscoreparameter value="0.0949" measurementparameter="b"/>
          <itemscoreparameter value="0.0" measurementparameter="c"/>
        </itemscoredimension>
      </testitem>
      <testitem itemtype="MC" filename="item-200-51237.xml">
        <identifier version="5" uniqueid="200-51237"/>
        <bpref>(SBAC)SBAC-ICA-IRP-MATH-PT-7-COMBINED-2020-2021</bpref>
        <bpref>SBAC-4</bpref>
        <bpref>SBAC-4|G</bpref>
        <bpref>SBAC-4|G|NA</bpref>
        <bpref>SBAC-4|G|NA|A-7</bpref>
        <passageref>200-171646</passageref>
        <poolproperty label="English" value="ENU" property="Language"/>
        <poolproperty label="Braille" value="ENU-Braille" property="Language"/>
        <poolproperty label="Spanish" value="ESN" property="Language"/>
        <poolproperty label="ItemType = MC" value="MC" property="--ITEMTYPE--"/>
        <poolproperty label="Answer Key = A" value="A" property="Answer Key"/>
        <poolproperty label="ASL = Y" value="Y" property="ASL"/>
        <poolproperty label="Braille = PRN" value="PRN" property="Braille"/>
        <poolproperty label="Depth of Knowledge = 2" value="2" property="Depth of Knowledge"/>
        <poolproperty label="Grade = 7" value="7" property="Grade"/>
        <poolproperty label="Scoring Engine = Automatic with Key" value="Automatic with Key" property="Scoring Engine"/>
        <itemscoredimension measurementmodel="IRT3PLn" weight="1.0" scorepoints="1">
          <itemscoreparameter value="0.2564" measurementparameter="a"/>
          <itemscoreparameter value="1.4588" measurementparameter="b"/>
          <itemscoreparameter value="0.0" measurementparameter="c"/>
        </itemscoredimension>
      </testitem>
      <testitem itemtype="EQ" filename="item-200-51240.xml">
        <identifier version="5" uniqueid="200-51240"/>
        <bpref>(SBAC)SBAC-ICA-IRP-MATH-PT-7-COMBINED-2020-2021</bpref>
        <bpref>SBAC-3</bpref>
        <bpref>SBAC-3|SP</bpref>
        <bpref>SBAC-3|SP|NA</bpref>
        <bpref>SBAC-3|SP|NA|A-7</bpref>
        <passageref>200-171646</passageref>
        <poolproperty label="English" value="ENU" property="Language"/>
        <poolproperty label="Braille" value="ENU-Braille" property="Language"/>
        <poolproperty label="Spanish" value="ESN" property="Language"/>
        <poolproperty label="ItemType = EQ" value="EQ" property="--ITEMTYPE--"/>
        <poolproperty label="Answer Key = EQ" value="EQ" property="Answer Key"/>
        <poolproperty label="ASL = Y" value="Y" property="ASL"/>
        <poolproperty label="Braille = BRF" value="BRF" property="Braille"/>
        <poolproperty label="Depth of Knowledge = 2" value="2" property="Depth of Knowledge"/>
        <poolproperty label="Grade = 7" value="7" property="Grade"/>
        <poolproperty label="Scoring Engine = Automatic with Machine Rubric" value="Automatic with Machine Rubric" property="Scoring Engine"/>
        <itemscoredimension measurementmodel="IRTGPC" weight="1.0" scorepoints="2">
          <itemscoreparameter value="0.4705" measurementparameter="a"/>
          <itemscoreparameter value="2.5484" measurementparameter="b0"/>
          <itemscoreparameter value="-1.7442" measurementparameter="b1"/>
        </itemscoredimension>
      </testitem>
      <testitem itemtype="SA" filename="item-200-51246.xml">
        <identifier version="5" uniqueid="200-51246"/>
        <bpref>(SBAC)SBAC-ICA-IRP-MATH-PT-7-COMBINED-2020-2021</bpref>
        <bpref>SBAC-4</bpref>
        <bpref>SBAC-4|G</bpref>
        <bpref>SBAC-4|G|NA</bpref>
        <bpref>SBAC-4|G|NA|A-7</bpref>
        <passageref>200-171646</passageref>
        <poolproperty label="English" value="ENU" property="Language"/>
        <poolproperty label="Braille" value="ENU-Braille" property="Language"/>
        <poolproperty label="Spanish" value="ESN" property="Language"/>
        <poolproperty label="ItemType = SA" value="SA" property="--ITEMTYPE--"/>
        <poolproperty label="Answer Key = SA" value="SA" property="Answer Key"/>
        <poolproperty label="ASL = Y" value="Y" property="ASL"/>
        <poolproperty label="Braille = BRF" value="BRF" property="Braille"/>
        <poolproperty label="Depth of Knowledge = 3" value="3" property="Depth of Knowledge"/>
        <poolproperty label="Grade = 7" value="7" property="Grade"/>
        <poolproperty label="Scoring Engine = HandScored" value="HandScored" property="Scoring Engine"/>
        <itemscoredimension measurementmodel="IRTGPC" weight="1.0" scorepoints="2">
          <itemscoreparameter value="0.6332" measurementparameter="a"/>
          <itemscoreparameter value="1.9412" measurementparameter="b0"/>
          <itemscoreparameter value="0.7562" measurementparameter="b1"/>
        </itemscoredimension>
      </testitem>
    </itempool>
    <testform length="20">
      <identifier version="5" name="(SBAC)SBAC-ICA-IRP-COMBINED-MATH-7-2020-2021:Default-ENU-Braille" uniqueid="(SBAC)SBAC-ICA-IRP-COMBINED-MATH-7-2020-2021:Default-ENU-Braille"/>
      <property label="Braille" name="Language" value="ENU-Braille"/>
      <formpartition>
        <identifier version="5" name="Grade 7 MATH - IRP Comprehensive Assessment - NoCalc (ICA)::BRL COMBINED" uniqueid="200-620328841"/>
        <itemgroup formposition="1" maxresponses="0" maxitems="ALL">
          <identifier version="5" name="200-620328841:I-200-183300" uniqueid="200-620328841:I-200-183300"/>
          <groupitem blockid="A" groupposition="1" isfieldtest="false" responserequired="true" formposition="1" adminrequired="true" itemid="200-183300" isactive="true"/>
        </itemgroup>
        <itemgroup formposition="2" maxresponses="0" maxitems="ALL">
          <identifier version="5" name="200-620328841:I-200-183505" uniqueid="200-620328841:I-200-183505"/>
          <groupitem blockid="A" groupposition="1" isfieldtest="false" responserequired="true" formposition="2" adminrequired="true" itemid="200-183505" isactive="true"/>
        </itemgroup>
        <itemgroup formposition="3" maxresponses="0" maxitems="ALL">
          <identifier version="5" name="200-620328841:I-200-12049" uniqueid="200-620328841:I-200-12049"/>
          <groupitem blockid="A" groupposition="1" isfieldtest="false" responserequired="true" formposition="3" adminrequired="true" itemid="200-12049" isactive="true"/>
        </itemgroup>
      </formpartition>
      <formpartition>
        <identifier version="5" name="Grade 7 MATH - IRP Comprehensive Assessment - Calc (ICA)::BRL COMBINED" uniqueid="200-1988882122"/>
        <itemgroup formposition="1" maxresponses="0" maxitems="ALL">
          <identifier version="5" name="200-1988882122:I-200-183401" uniqueid="200-1988882122:I-200-183401"/>
          <groupitem blockid="A" groupposition="1" isfieldtest="false" responserequired="true" formposition="1" adminrequired="true" itemid="200-183401" isactive="true"/>
        </itemgroup>
        <itemgroup formposition="2" maxresponses="0" maxitems="ALL">
          <identifier version="5" name="200-1988882122:I-200-183461" uniqueid="200-1988882122:I-200-183461"/>
          <groupitem blockid="A" groupposition="1" isfieldtest="false" responserequired="true" formposition="2" adminrequired="true" itemid="200-183461" isactive="true"/>
        </itemgroup>
        <itemgroup formposition="3" maxresponses="0" maxitems="ALL">
          <identifier version="5" name="200-1988882122:I-200-183491" uniqueid="200-1988882122:I-200-183491"/>
          <groupitem blockid="A" groupposition="1" isfieldtest="false" responserequired="true" formposition="3" adminrequired="true" itemid="200-183491" isactive="true"/>
        </itemgroup>
        <itemgroup formposition="4" maxresponses="0" maxitems="ALL">
          <identifier version="5" name="200-1988882122:I-200-183517" uniqueid="200-1988882122:I-200-183517"/>
          <groupitem blockid="A" groupposition="1" isfieldtest="false" responserequired="true" formposition="4" adminrequired="true" itemid="200-183517" isactive="true"/>
        </itemgroup>
        <itemgroup formposition="5" maxresponses="0" maxitems="ALL">
          <identifier version="5" name="200-1988882122:I-200-183519" uniqueid="200-1988882122:I-200-183519"/>
          <groupitem blockid="A" groupposition="1" isfieldtest="false" responserequired="true" formposition="5" adminrequired="true" itemid="200-183519" isactive="true"/>
        </itemgroup>
        <itemgroup formposition="6" maxresponses="0" maxitems="ALL">
          <identifier version="5" name="200-1988882122:I-200-183457" uniqueid="200-1988882122:I-200-183457"/>
          <groupitem blockid="A" groupposition="1" isfieldtest="false" responserequired="true" formposition="6" adminrequired="true" itemid="200-183457" isactive="true"/>
        </itemgroup>
        <itemgroup formposition="7" maxresponses="0" maxitems="ALL">
          <identifier version="5" name="200-1988882122:I-200-183563" uniqueid="200-1988882122:I-200-183563"/>
          <groupitem blockid="A" groupposition="1" isfieldtest="false" responserequired="true" formposition="7" adminrequired="true" itemid="200-183563" isactive="true"/>
        </itemgroup>
        <itemgroup formposition="8" maxresponses="0" maxitems="ALL">
          <identifier version="5" name="200-1988882122:I-200-183581" uniqueid="200-1988882122:I-200-183581"/>
          <groupitem blockid="A" groupposition="1" isfieldtest="false" responserequired="true" formposition="8" adminrequired="true" itemid="200-183581" isactive="true"/>
        </itemgroup>
        <itemgroup formposition="9" maxresponses="0" maxitems="ALL">
          <identifier version="5" name="200-1988882122:I-200-183583" uniqueid="200-1988882122:I-200-183583"/>
          <groupitem blockid="A" groupposition="1" isfieldtest="false" responserequired="true" formposition="9" adminrequired="true" itemid="200-183583" isactive="true"/>
        </itemgroup>
        <itemgroup formposition="10" maxresponses="0" maxitems="ALL">
          <identifier version="5" name="200-1988882122:I-200-183591" uniqueid="200-1988882122:I-200-183591"/>
          <groupitem blockid="A" groupposition="1" isfieldtest="false" responserequired="true" formposition="10" adminrequired="true" itemid="200-183591" isactive="true"/>
        </itemgroup>
        <itemgroup formposition="11" maxresponses="0" maxitems="ALL">
          <identifier version="5" name="200-1988882122:I-200-183611" uniqueid="200-1988882122:I-200-183611"/>
          <groupitem blockid="A" groupposition="1" isfieldtest="false" responserequired="true" formposition="11" adminrequired="true" itemid="200-183611" isactive="true"/>
        </itemgroup>
        <itemgroup formposition="12" maxresponses="0" maxitems="ALL">
          <identifier version="5" name="200-1988882122:I-200-183635" uniqueid="200-1988882122:I-200-183635"/>
          <groupitem blockid="A" groupposition="1" isfieldtest="false" responserequired="true" formposition="12" adminrequired="true" itemid="200-183635" isactive="true"/>
        </itemgroup>
      </formpartition>
      <formpartition>
        <identifier version="5" name="Grade 7 MATH - Performance Task - IRP (ICA)::BRL COMBINED" uniqueid="200-2049171824"/>
        <itemgroup formposition="1" maxresponses="ALL" maxitems="ALL">
          <identifier version="5" name="200-2049171824:G-200-171646-0" uniqueid="200-2049171824:G-200-171646-0"/>
          <passageref>200-171646</passageref>
          <groupitem blockid="A" groupposition="1" isfieldtest="false" responserequired="true" formposition="1" adminrequired="true" itemid="200-51235" isactive="true"/>
          <groupitem blockid="A" groupposition="2" isfieldtest="false" responserequired="true" formposition="2" adminrequired="true" itemid="200-51236" isactive="true"/>
          <groupitem blockid="A" groupposition="3" isfieldtest="false" responserequired="true" formposition="3" adminrequired="true" itemid="200-51237" isactive="true"/>
          <groupitem blockid="A" groupposition="4" isfieldtest="false" responserequired="true" formposition="4" adminrequired="true" itemid="200-51240" isactive="true"/>
          <groupitem blockid="A" groupposition="5" isfieldtest="false" responserequired="true" formposition="5" adminrequired="true" itemid="200-51246" isactive="true"/>
        </itemgroup>
      </formpartition>
    </testform>
    <testform length="22">
      <identifier version="5" name="(SBAC)SBAC-ICA-IRP-COMBINED-MATH-7-2020-2021:Default-ENU" uniqueid="(SBAC)SBAC-ICA-IRP-COMBINED-MATH-7-2020-2021:Default-ENU"/>
      <property label="English" name="Language" value="ENU"/>
      <formpartition>
        <identifier version="5" name="Grade 7 MATH - IRP Comprehensive Assessment - NoCalc (ICA)::ENU COMBINED" uniqueid="200-620331609"/>
        <itemgroup formposition="1" maxresponses="0" maxitems="ALL">
          <identifier version="5" name="200-620331609:I-200-183300" uniqueid="200-620331609:I-200-183300"/>
          <groupitem blockid="A" groupposition="1" isfieldtest="false" responserequired="true" formposition="1" adminrequired="true" itemid="200-183300" isactive="true"/>
        </itemgroup>
        <itemgroup formposition="2" maxresponses="0" maxitems="ALL">
          <identifier version="5" name="200-620331609:I-200-183505" uniqueid="200-620331609:I-200-183505"/>
          <groupitem blockid="A" groupposition="1" isfieldtest="false" responserequired="true" formposition="2" adminrequired="true" itemid="200-183505" isactive="true"/>
        </itemgroup>
        <itemgroup formposition="3" maxresponses="0" maxitems="ALL">
          <identifier version="5" name="200-620331609:I-200-12049" uniqueid="200-620331609:I-200-12049"/>
          <groupitem blockid="A" groupposition="1" isfieldtest="false" responserequired="true" formposition="3" adminrequired="true" itemid="200-12049" isactive="true"/>
        </itemgroup>
      </formpartition>
      <formpartition>
        <identifier version="5" name="Grade 7 MATH - IRP Comprehensive Assessment - Calc (ICA)::ENU COMBINED" uniqueid="200-1988884890"/>
        <itemgroup formposition="1" maxresponses="0" maxitems="ALL">
          <identifier version="5" name="200-1988884890:I-200-183401" uniqueid="200-1988884890:I-200-183401"/>
          <groupitem blockid="A" groupposition="1" isfieldtest="false" responserequired="true" formposition="1" adminrequired="true" itemid="200-183401" isactive="true"/>
        </itemgroup>
        <itemgroup formposition="2" maxresponses="0" maxitems="ALL">
          <identifier version="5" name="200-1988884890:I-200-183461" uniqueid="200-1988884890:I-200-183461"/>
          <groupitem blockid="A" groupposition="1" isfieldtest="false" responserequired="true" formposition="2" adminrequired="true" itemid="200-183461" isactive="true"/>
        </itemgroup>
        <itemgroup formposition="3" maxresponses="0" maxitems="ALL">
          <identifier version="5" name="200-1988884890:I-200-183475" uniqueid="200-1988884890:I-200-183475"/>
          <groupitem blockid="A" groupposition="1" isfieldtest="false" responserequired="true" formposition="3" adminrequired="true" itemid="200-183475" isactive="true"/>
        </itemgroup>
        <itemgroup formposition="4" maxresponses="0" maxitems="ALL">
          <identifier version="5" name="200-1988884890:I-200-183491" uniqueid="200-1988884890:I-200-183491"/>
          <groupitem blockid="A" groupposition="1" isfieldtest="false" responserequired="true" formposition="4" adminrequired="true" itemid="200-183491" isactive="true"/>
        </itemgroup>
        <itemgroup formposition="5" maxresponses="0" maxitems="ALL">
          <identifier version="5" name="200-1988884890:I-200-183517" uniqueid="200-1988884890:I-200-183517"/>
          <groupitem blockid="A" groupposition="1" isfieldtest="false" responserequired="true" formposition="5" adminrequired="true" itemid="200-183517" isactive="true"/>
        </itemgroup>
        <itemgroup formposition="6" maxresponses="0" maxitems="ALL">
          <identifier version="5" name="200-1988884890:I-200-183519" uniqueid="200-1988884890:I-200-183519"/>
          <groupitem blockid="A" groupposition="1" isfieldtest="false" responserequired="true" formposition="6" adminrequired="true" itemid="200-183519" isactive="true"/>
        </itemgroup>
        <itemgroup formposition="7" maxresponses="0" maxitems="ALL">
          <identifier version="5" name="200-1988884890:I-200-183457" uniqueid="200-1988884890:I-200-183457"/>
          <groupitem blockid="A" groupposition="1" isfieldtest="false" responserequired="true" formposition="7" adminrequired="true" itemid="200-183457" isactive="true"/>
        </itemgroup>
        <itemgroup formposition="8" maxresponses="0" maxitems="ALL">
          <identifier version="5" name="200-1988884890:I-200-183561" uniqueid="200-1988884890:I-200-183561"/>
          <groupitem blockid="A" groupposition="1" isfieldtest="false" responserequired="true" formposition="8" adminrequired="true" itemid="200-183561" isactive="true"/>
        </itemgroup>
        <itemgroup formposition="9" maxresponses="0" maxitems="ALL">
          <identifier version="5" name="200-1988884890:I-200-183563" uniqueid="200-1988884890:I-200-183563"/>
          <groupitem blockid="A" groupposition="1" isfieldtest="false" responserequired="true" formposition="9" adminrequired="true" itemid="200-183563" isactive="true"/>
        </itemgroup>
        <itemgroup formposition="10" maxresponses="0" maxitems="ALL">
          <identifier version="5" name="200-1988884890:I-200-183581" uniqueid="200-1988884890:I-200-183581"/>
          <groupitem blockid="A" groupposition="1" isfieldtest="false" responserequired="true" formposition="10" adminrequired="true" itemid="200-183581" isactive="true"/>
        </itemgroup>
        <itemgroup formposition="11" maxresponses="0" maxitems="ALL">
          <identifier version="5" name="200-1988884890:I-200-183583" uniqueid="200-1988884890:I-200-183583"/>
          <groupitem blockid="A" groupposition="1" isfieldtest="false" responserequired="true" formposition="11" adminrequired="true" itemid="200-183583" isactive="true"/>
        </itemgroup>
        <itemgroup formposition="12" maxresponses="0" maxitems="ALL">
          <identifier version="5" name="200-1988884890:I-200-183591" uniqueid="200-1988884890:I-200-183591"/>
          <groupitem blockid="A" groupposition="1" isfieldtest="false" responserequired="true" formposition="12" adminrequired="true" itemid="200-183591" isactive="true"/>
        </itemgroup>
        <itemgroup formposition="13" maxresponses="0" maxitems="ALL">
          <identifier version="5" name="200-1988884890:I-200-183611" uniqueid="200-1988884890:I-200-183611"/>
          <groupitem blockid="A" groupposition="1" isfieldtest="false" responserequired="true" formposition="13" adminrequired="true" itemid="200-183611" isactive="true"/>
        </itemgroup>
        <itemgroup formposition="14" maxresponses="0" maxitems="ALL">
          <identifier version="5" name="200-1988884890:I-200-183635" uniqueid="200-1988884890:I-200-183635"/>
          <groupitem blockid="A" groupposition="1" isfieldtest="false" responserequired="true" formposition="14" adminrequired="true" itemid="200-183635" isactive="true"/>
        </itemgroup>
      </formpartition>
      <formpartition>
        <identifier version="5" name="Grade 7 MATH - Performance Task - IRP (ICA)::ENU COMBINED" uniqueid="200-2049169056"/>
        <itemgroup formposition="1" maxresponses="ALL" maxitems="ALL">
          <identifier version="5" name="200-2049169056:G-200-171646-0" uniqueid="200-2049169056:G-200-171646-0"/>
          <passageref>200-171646</passageref>
          <groupitem blockid="A" groupposition="1" isfieldtest="false" responserequired="true" formposition="1" adminrequired="true" itemid="200-51235" isactive="true"/>
          <groupitem blockid="A" groupposition="2" isfieldtest="false" responserequired="true" formposition="2" adminrequired="true" itemid="200-51236" isactive="true"/>
          <groupitem blockid="A" groupposition="3" isfieldtest="false" responserequired="true" formposition="3" adminrequired="true" itemid="200-51237" isactive="true"/>
          <groupitem blockid="A" groupposition="4" isfieldtest="false" responserequired="true" formposition="4" adminrequired="true" itemid="200-51240" isactive="true"/>
          <groupitem blockid="A" groupposition="5" isfieldtest="false" responserequired="true" formposition="5" adminrequired="true" itemid="200-51246" isactive="true"/>
        </itemgroup>
      </formpartition>
    </testform>
    <testform length="22">
      <identifier version="5" name="(SBAC)SBAC-ICA-IRP-COMBINED-MATH-7-2020-2021:Default-ESN" uniqueid="(SBAC)SBAC-ICA-IRP-COMBINED-MATH-7-2020-2021:Default-ESN"/>
      <property label="Spanish" name="Language" value="ESN"/>
      <formpartition>
        <identifier version="5" name="Grade 7 MATH - IRP Comprehensive Assessment - NoCalc (ICA)::SPA COMBINED" uniqueid="200-620345105"/>
        <itemgroup formposition="1" maxresponses="0" maxitems="ALL">
          <identifier version="5" name="200-620345105:I-200-183300" uniqueid="200-620345105:I-200-183300"/>
          <groupitem blockid="A" groupposition="1" isfieldtest="false" responserequired="true" formposition="1" adminrequired="true" itemid="200-183300" isactive="true"/>
        </itemgroup>
        <itemgroup formposition="2" maxresponses="0" maxitems="ALL">
          <identifier version="5" name="200-620345105:I-200-183505" uniqueid="200-620345105:I-200-183505"/>
          <groupitem blockid="A" groupposition="1" isfieldtest="false" responserequired="true" formposition="2" adminrequired="true" itemid="200-183505" isactive="true"/>
        </itemgroup>
        <itemgroup formposition="3" maxresponses="0" maxitems="ALL">
          <identifier version="5" name="200-620345105:I-200-12049" uniqueid="200-620345105:I-200-12049"/>
          <groupitem blockid="A" groupposition="1" isfieldtest="false" responserequired="true" formposition="3" adminrequired="true" itemid="200-12049" isactive="true"/>
        </itemgroup>
      </formpartition>
      <formpartition>
        <identifier version="5" name="Grade 7 MATH - IRP Comprehensive Assessment - Calc (ICA)::SPA COMBINED" uniqueid="200-1988898386"/>
        <itemgroup formposition="1" maxresponses="0" maxitems="ALL">
          <identifier version="5" name="200-1988898386:I-200-183401" uniqueid="200-1988898386:I-200-183401"/>
          <groupitem blockid="A" groupposition="1" isfieldtest="false" responserequired="true" formposition="1" adminrequired="true" itemid="200-183401" isactive="true"/>
        </itemgroup>
        <itemgroup formposition="2" maxresponses="0" maxitems="ALL">
          <identifier version="5" name="200-1988898386:I-200-183461" uniqueid="200-1988898386:I-200-183461"/>
          <groupitem blockid="A" groupposition="1" isfieldtest="false" responserequired="true" formposition="2" adminrequired="true" itemid="200-183461" isactive="true"/>
        </itemgroup>
        <itemgroup formposition="3" maxresponses="0" maxitems="ALL">
          <identifier version="5" name="200-1988898386:I-200-183475" uniqueid="200-1988898386:I-200-183475"/>
          <groupitem blockid="A" groupposition="1" isfieldtest="false" responserequired="true" formposition="3" adminrequired="true" itemid="200-183475" isactive="true"/>
        </itemgroup>
        <itemgroup formposition="4" maxresponses="0" maxitems="ALL">
          <identifier version="5" name="200-1988898386:I-200-183491" uniqueid="200-1988898386:I-200-183491"/>
          <groupitem blockid="A" groupposition="1" isfieldtest="false" responserequired="true" formposition="4" adminrequired="true" itemid="200-183491" isactive="true"/>
        </itemgroup>
        <itemgroup formposition="5" maxresponses="0" maxitems="ALL">
          <identifier version="5" name="200-1988898386:I-200-183517" uniqueid="200-1988898386:I-200-183517"/>
          <groupitem blockid="A" groupposition="1" isfieldtest="false" responserequired="true" formposition="5" adminrequired="true" itemid="200-183517" isactive="true"/>
        </itemgroup>
        <itemgroup formposition="6" maxresponses="0" maxitems="ALL">
          <identifier version="5" name="200-1988898386:I-200-183519" uniqueid="200-1988898386:I-200-183519"/>
          <groupitem blockid="A" groupposition="1" isfieldtest="false" responserequired="true" formposition="6" adminrequired="true" itemid="200-183519" isactive="true"/>
        </itemgroup>
        <itemgroup formposition="7" maxresponses="0" maxitems="ALL">
          <identifier version="5" name="200-1988898386:I-200-183457" uniqueid="200-1988898386:I-200-183457"/>
          <groupitem blockid="A" groupposition="1" isfieldtest="false" responserequired="true" formposition="7" adminrequired="true" itemid="200-183457" isactive="true"/>
        </itemgroup>
        <itemgroup formposition="8" maxresponses="0" maxitems="ALL">
          <identifier version="5" name="200-1988898386:I-200-183561" uniqueid="200-1988898386:I-200-183561"/>
          <groupitem blockid="A" groupposition="1" isfieldtest="false" responserequired="true" formposition="8" adminrequired="true" itemid="200-183561" isactive="true"/>
        </itemgroup>
        <itemgroup formposition="9" maxresponses="0" maxitems="ALL">
          <identifier version="5" name="200-1988898386:I-200-183563" uniqueid="200-1988898386:I-200-183563"/>
          <groupitem blockid="A" groupposition="1" isfieldtest="false" responserequired="true" formposition="9" adminrequired="true" itemid="200-183563" isactive="true"/>
        </itemgroup>
        <itemgroup formposition="10" maxresponses="0" maxitems="ALL">
          <identifier version="5" name="200-1988898386:I-200-183581" uniqueid="200-1988898386:I-200-183581"/>
          <groupitem blockid="A" groupposition="1" isfieldtest="false" responserequired="true" formposition="10" adminrequired="true" itemid="200-183581" isactive="true"/>
        </itemgroup>
        <itemgroup formposition="11" maxresponses="0" maxitems="ALL">
          <identifier version="5" name="200-1988898386:I-200-183583" uniqueid="200-1988898386:I-200-183583"/>
          <groupitem blockid="A" groupposition="1" isfieldtest="false" responserequired="true" formposition="11" adminrequired="true" itemid="200-183583" isactive="true"/>
        </itemgroup>
        <itemgroup formposition="12" maxresponses="0" maxitems="ALL">
          <identifier version="5" name="200-1988898386:I-200-183591" uniqueid="200-1988898386:I-200-183591"/>
          <groupitem blockid="A" groupposition="1" isfieldtest="false" responserequired="true" formposition="12" adminrequired="true" itemid="200-183591" isactive="true"/>
        </itemgroup>
        <itemgroup formposition="13" maxresponses="0" maxitems="ALL">
          <identifier version="5" name="200-1988898386:I-200-183611" uniqueid="200-1988898386:I-200-183611"/>
          <groupitem blockid="A" groupposition="1" isfieldtest="false" responserequired="true" formposition="13" adminrequired="true" itemid="200-183611" isactive="true"/>
        </itemgroup>
        <itemgroup formposition="14" maxresponses="0" maxitems="ALL">
          <identifier version="5" name="200-1988898386:I-200-183635" uniqueid="200-1988898386:I-200-183635"/>
          <groupitem blockid="A" groupposition="1" isfieldtest="false" responserequired="true" formposition="14" adminrequired="true" itemid="200-183635" isactive="true"/>
        </itemgroup>
      </formpartition>
      <formpartition>
        <identifier version="5" name="Grade 7 MATH - Performance Task - IRP (ICA)::SPA COMBINED" uniqueid="200-2049155560"/>
        <itemgroup formposition="1" maxresponses="ALL" maxitems="ALL">
          <identifier version="5" name="200-2049155560:G-200-171646-0" uniqueid="200-2049155560:G-200-171646-0"/>
          <passageref>200-171646</passageref>
          <groupitem blockid="A" groupposition="1" isfieldtest="false" responserequired="true" formposition="1" adminrequired="true" itemid="200-51235" isactive="true"/>
          <groupitem blockid="A" groupposition="2" isfieldtest="false" responserequired="true" formposition="2" adminrequired="true" itemid="200-51236" isactive="true"/>
          <groupitem blockid="A" groupposition="3" isfieldtest="false" responserequired="true" formposition="3" adminrequired="true" itemid="200-51237" isactive="true"/>
          <groupitem blockid="A" groupposition="4" isfieldtest="false" responserequired="true" formposition="4" adminrequired="true" itemid="200-51240" isactive="true"/>
          <groupitem blockid="A" groupposition="5" isfieldtest="false" responserequired="true" formposition="5" adminrequired="true" itemid="200-51246" isactive="true"/>
        </itemgroup>
      </formpartition>
    </testform>
    <performancelevels>
      <performancelevel bpelementid="(SBAC)SBAC-ICA-IRP-COMBINED-MATH-7-2020-2021" scaledhi="2484.0" scaledlo="2250.0" plevel="1"/>
      <performancelevel bpelementid="(SBAC)SBAC-ICA-IRP-COMBINED-MATH-7-2020-2021" scaledhi="2567.0" scaledlo="2484.0" plevel="2"/>
      <performancelevel bpelementid="(SBAC)SBAC-ICA-IRP-COMBINED-MATH-7-2020-2021" scaledhi="2635.0" scaledlo="2567.0" plevel="3"/>
      <performancelevel bpelementid="(SBAC)SBAC-ICA-IRP-COMBINED-MATH-7-2020-2021" scaledhi="2778.0" scaledlo="2635.0" plevel="4"/>
    </performancelevels>
    <scoringrules>
      <computationrule bpelementid="SBAC-1" computationorder="60">
        <identifier version="1" label="ThetaScore" name="SBACTheta" uniqueid="0802645f-d011-447f-bc64-70117edf7033"/>
        <computationruleparameter position="1" parametertype="double">
          <identifier version="1" name="LOT" uniqueid="a0a3670c-d43d-410b-a6f7-583adf1c7694"/>
          <computationruleparametervalue value="-3.342"/>
        </computationruleparameter>
        <computationruleparameter position="2" parametertype="double">
          <identifier version="1" name="HOT" uniqueid="28328c22-0036-476b-8a6b-52ca4ce72e01"/>
          <computationruleparametervalue value="3.3238"/>
        </computationruleparameter>
        <computationruleparameter position="3" parametertype="double">
          <identifier version="1" name="seLimit" uniqueid="1270c0b5-9fda-4f34-9fcc-9020a10b54b9"/>
          <computationruleparametervalue value="2.5"/>
        </computationruleparameter>
      </computationrule>
      <computationrule bpelementid="SBAC-1" computationorder="70">
        <identifier version="1" label="ScaleScore" name="ScaleScore" uniqueid="c360e266-d143-4c58-98e9-e54a0723e2f0"/>
      </computationrule>
      <computationrule bpelementid="SBAC-1" computationorder="84">
        <identifier version="1" label="PerformanceLevel" name="SEBasedPLWithRounding" uniqueid="de5aa11d-71c5-46df-bd28-550d2328e47a"/>
        <computationruleparameter position="1" parametertype="double">
          <identifier version="1" name="seMultiple" uniqueid="147f9e37-2d43-4250-a856-a197a65d16b5"/>
          <computationruleparametervalue value="1.5"/>
        </computationruleparameter>
        <computationruleparameter position="2" parametertype="int">
          <identifier version="1" name="proficientPerformanceLevel" uniqueid="bffabaa4-461a-411f-a33c-0a2ee82f4836"/>
          <computationruleparametervalue value="3"/>
        </computationruleparameter>
        <computationruleparameter position="3" parametertype="double">
          <identifier version="1" name="LOT" uniqueid="9ebb7efa-2746-42cd-a254-8ab2c78e271b"/>
          <computationruleparametervalue value="-3.342"/>
        </computationruleparameter>
        <computationruleparameter position="4" parametertype="double">
          <identifier version="1" name="HOT" uniqueid="d518328c-bbe4-41e4-886c-d68b07e3e7c9"/>
          <computationruleparametervalue value="3.3238"/>
        </computationruleparameter>
      </computationrule>
      <computationrule bpelementid="SBAC-1" computationorder="120">
        <identifier version="1" label="ItemCount" name="ItemCount" uniqueid="152cd6b7-a6d4-4d5b-882f-a57afa802ee6"/>
      </computationrule>
      <computationrule bpelementid="SBAC-1" computationorder="130">
        <identifier version="1" label="ItemCountScored" name="ItemCountScored" uniqueid="3030b71f-105b-4055-b092-088269ad39dd"/>
      </computationrule>
      <computationrule bpelementid="SBAC-1" computationorder="140">
        <identifier version="1" label="RawScore" name="RawScore" uniqueid="8b555de1-ca64-46d0-b13d-efd4743f1068"/>
      </computationrule>
      <computationrule bpelementid="SBAC-3" computationorder="62">
        <identifier version="1" label="ThetaScore" name="SBACTheta" uniqueid="d9e4f054-8907-4e6f-b17a-398e84d5b61d"/>
        <computationruleparameter position="1" parametertype="double">
          <identifier version="1" name="LOT" uniqueid="9c525906-b155-41a6-973b-84ec6dfc3c91"/>
          <computationruleparametervalue value="-3.342"/>
        </computationruleparameter>
        <computationruleparameter position="2" parametertype="double">
          <identifier version="1" name="HOT" uniqueid="d7e9976c-25af-4e24-aace-a84f11ed4dde"/>
          <computationruleparametervalue value="3.3238"/>
        </computationruleparameter>
        <computationruleparameter position="3" parametertype="double">
          <identifier version="1" name="seLimit" uniqueid="a2629e96-4f49-4f36-87f8-a34eed07f3ef"/>
          <computationruleparametervalue value="2.5"/>
        </computationruleparameter>
      </computationrule>
      <computationrule bpelementid="SBAC-3" computationorder="72">
        <identifier version="1" label="ScaleScore" name="ScaleScore" uniqueid="aaaa8d5a-ca0c-44b3-8d3b-46cfc87f590c"/>
      </computationrule>
      <computationrule bpelementid="SBAC-3" computationorder="86">
        <identifier version="1" label="PerformanceLevel" name="SEBasedPLWithRounding" uniqueid="4c4d6a52-4cbc-49e9-a6e9-7bc3e66f9cbf"/>
        <computationruleparameter position="1" parametertype="double">
          <identifier version="1" name="seMultiple" uniqueid="cc8a62fb-bba7-406c-99e3-b02dba5ad046"/>
          <computationruleparametervalue value="1.5"/>
        </computationruleparameter>
        <computationruleparameter position="2" parametertype="int">
          <identifier version="1" name="proficientPerformanceLevel" uniqueid="7c1f5986-41ff-4f8c-b275-c9d34d5b2886"/>
          <computationruleparametervalue value="3"/>
        </computationruleparameter>
        <computationruleparameter position="3" parametertype="double">
          <identifier version="1" name="LOT" uniqueid="8760a91f-3311-4835-849d-703990477b6f"/>
          <computationruleparametervalue value="-3.342"/>
        </computationruleparameter>
        <computationruleparameter position="4" parametertype="double">
          <identifier version="1" name="HOT" uniqueid="d80d4004-5c04-4608-83b8-ebb882c9c452"/>
          <computationruleparametervalue value="3.3238"/>
        </computationruleparameter>
      </computationrule>
      <computationrule bpelementid="SBAC-3" computationorder="122">
        <identifier version="1" label="ItemCount" name="ItemCount" uniqueid="a5a74427-12eb-46f6-92d0-79742b13f358"/>
      </computationrule>
      <computationrule bpelementid="SBAC-3" computationorder="132">
        <identifier version="1" label="ItemCountScored" name="ItemCountScored" uniqueid="50feb9f2-d73b-4992-80e5-fa19fa6f2795"/>
      </computationrule>
      <computationrule bpelementid="SBAC-3" computationorder="142">
        <identifier version="1" label="RawScore" name="RawScore" uniqueid="a3b9c460-3cb0-4ec3-823a-7b6e7b39c444"/>
      </computationrule>
      <computationrule bpelementid="(SBAC)SBAC-ICA-IRP-COMBINED-MATH-7-2020-2021" computationorder="10">
        <identifier version="1" label="Attempted" name="SBACAttemptedness" uniqueid="18bdae18-6f57-4648-8ce4-42d458dd4e29"/>
        <computationruleparameter position="1" parametertype="int">
          <identifier version="1" name="testPart" uniqueid="970cd9f4-cbd4-4e39-8cc4-90c6fef8f021"/>
          <property name="indextype" value="string"/>
          <computationruleparametervalue index="SBAC-ICA-IRP-MATH-FIXED-7-SEG1-NoCalc" value="1"/>
          <computationruleparametervalue index="SBAC-ICA-IRP-MATH-FIXED-7-SEG2-Calc" value="1"/>
          <computationruleparametervalue index="SBAC-ICA-IRP-MATH-PT-7" value="2"/>
        </computationruleparameter>
      </computationrule>
      <computationrule bpelementid="(SBAC)SBAC-ICA-IRP-COMBINED-MATH-7-2020-2021" computationorder="20">
        <identifier version="1" label="ThetaScore" name="SBACTheta" uniqueid="a0512f8a-6293-47f6-9ba8-b1e25891d3cd"/>
        <computationruleparameter position="1" parametertype="double">
          <identifier version="1" name="LOT" uniqueid="49d726cb-a0f4-49dd-b734-5eeb484548c8"/>
          <computationruleparametervalue value="-3.342"/>
        </computationruleparameter>
        <computationruleparameter position="2" parametertype="double">
          <identifier version="1" name="HOT" uniqueid="83416e56-e81c-4350-b229-63e007efe625"/>
          <computationruleparametervalue value="3.3238"/>
        </computationruleparameter>
        <computationruleparameter position="3" parametertype="double">
          <identifier version="1" name="seLimit" uniqueid="85c03161-0035-4bdc-ac4a-f3f7ff28fb90"/>
          <computationruleparametervalue value="2.5"/>
        </computationruleparameter>
      </computationrule>
      <computationrule bpelementid="(SBAC)SBAC-ICA-IRP-COMBINED-MATH-7-2020-2021" computationorder="30">
        <identifier version="1" label="ScaleScore" name="ScaleScore" uniqueid="27ad56b7-18fc-4876-b8a6-7535fb0d5196"/>
      </computationrule>
      <computationrule bpelementid="(SBAC)SBAC-ICA-IRP-COMBINED-MATH-7-2020-2021" computationorder="35">
        <identifier version="1" label="PerformanceLevel" name="TestPerformanceLevel" uniqueid="3f913c4b-7faf-43cf-b3fc-b775067ae3db"/>
      </computationrule>
      <computationrule bpelementid="(SBAC)SBAC-ICA-IRP-COMBINED-MATH-7-2020-2021" computationorder="90">
        <identifier version="1" label="ItemCount" name="ItemCount" uniqueid="3b7f2838-ef9e-40c1-bc65-0cf6087f46a3"/>
      </computationrule>
      <computationrule bpelementid="(SBAC)SBAC-ICA-IRP-COMBINED-MATH-7-2020-2021" computationorder="100">
        <identifier version="1" label="ItemCountScored" name="ItemCountScored" uniqueid="21ce8b4b-2185-4cd1-b560-bc15cff4b819"/>
      </computationrule>
      <computationrule bpelementid="(SBAC)SBAC-ICA-IRP-COMBINED-MATH-7-2020-2021" computationorder="110">
        <identifier version="1" label="RawScore" name="RawScore" uniqueid="39e66c82-9ea6-4ebe-9132-47ade16aa62e"/>
      </computationrule>
      <computationrule bpelementid="(SBAC)SBAC-ICA-IRP-COMBINED-MATH-7-2020-2021" computationorder="300">
        <identifier version="1" label="AccommodationCodes" name="SBACAccommodationUseCodes" uniqueid="8f45615e-2595-4b7e-946d-6093bf4e99cb"/>
        <computationruleparameter position="1" parametertype="string">
          <identifier version="1" name="accomNoCodes" uniqueid="1424a3d2-ec20-420d-9cce-201d437c0610"/>
          <property name="indextype" value="string"/>
          <computationruleparametervalue index="Print Size" value="TDS_PS_L0"/>
        </computationruleparameter>
      </computationrule>
      <computationrule bpelementid="SOCK_2" computationorder="71">
        <identifier version="1" label="ScaleScore" name="ScaleScore" uniqueid="5ec1d94c-5a91-432f-8085-1d115a7f0c35"/>
      </computationrule>
      <computationrule bpelementid="SOCK_2" computationorder="85">
        <identifier version="1" label="PerformanceLevel" name="SEBasedPLWithRounding" uniqueid="4dd7027d-9d40-4282-8fa6-e56b886f4304"/>
        <computationruleparameter position="1" parametertype="double">
          <identifier version="1" name="seMultiple" uniqueid="6cd9e2b9-4c08-4c7e-8c06-4727b61b88a6"/>
          <computationruleparametervalue value="1.5"/>
        </computationruleparameter>
        <computationruleparameter position="2" parametertype="int">
          <identifier version="1" name="proficientPerformanceLevel" uniqueid="f063f533-fbb0-4907-9612-b40a4a26e278"/>
          <computationruleparametervalue value="3"/>
        </computationruleparameter>
        <computationruleparameter position="3" parametertype="double">
          <identifier version="1" name="LOT" uniqueid="46432f7f-73df-4a70-aa71-84a21a21994a"/>
          <computationruleparametervalue value="-3.342"/>
        </computationruleparameter>
        <computationruleparameter position="4" parametertype="double">
          <identifier version="1" name="HOT" uniqueid="e4e74282-3f91-46ac-b505-35d5f7b296a1"/>
          <computationruleparametervalue value="3.3238"/>
        </computationruleparameter>
      </computationrule>
      <computationrule bpelementid="SOCK_2" computationorder="141">
        <identifier version="1" label="RawScore" name="MultiStrandRawScore" uniqueid="e5c0902b-a01f-4d55-96e3-d8a285320aae"/>
        <computationruleparameter position="1" parametertype="string">
          <identifier version="1" name="strands" uniqueid="d98815a8-a76e-4122-b0a1-514c8e7c201b"/>
          <property name="indextype" value="int"/>
          <computationruleparametervalue index="1" value="2"/>
          <computationruleparametervalue index="2" value="4"/>
        </computationruleparameter>
      </computationrule>
      <computationrule bpelementid="SOCK_2" computationorder="61">
        <identifier version="1" label="ThetaScore" name="SBACMultiStrandTheta" uniqueid="5e8b652f-b5e0-4feb-9851-43a02184a146"/>
        <computationruleparameter position="1" parametertype="double">
          <identifier version="1" name="LOT" uniqueid="5ea3e4ff-61b1-4c89-bd43-50f670c7eb7a"/>
          <computationruleparametervalue value="-3.342"/>
        </computationruleparameter>
        <computationruleparameter position="2" parametertype="double">
          <identifier version="1" name="HOT" uniqueid="a9061c50-c8a3-4791-979b-e9a32f80d47e"/>
          <computationruleparametervalue value="3.3238"/>
        </computationruleparameter>
        <computationruleparameter position="3" parametertype="double">
          <identifier version="1" name="seLimit" uniqueid="25794621-71ef-486a-819f-2680b1869716"/>
          <computationruleparametervalue value="2.5"/>
        </computationruleparameter>
        <computationruleparameter position="4" parametertype="string">
          <identifier version="1" name="strands" uniqueid="0753f788-3268-4b7e-810d-d14827eda808"/>
          <property name="indextype" value="int"/>
          <computationruleparametervalue index="1" value="2"/>
          <computationruleparametervalue index="2" value="4"/>
        </computationruleparameter>
      </computationrule>
      <computationrule bpelementid="SOCK_2" computationorder="121">
        <identifier version="1" label="ItemCount" name="MultipleStrandItemCount" uniqueid="20a47b67-765b-4661-bca5-9a09c5ff6d69"/>
        <computationruleparameter position="1" parametertype="string">
          <identifier version="1" name="strands" uniqueid="843ba23a-6575-4a61-b328-67a0bf287da2"/>
          <property name="indextype" value="int"/>
          <computationruleparametervalue index="1" value="2"/>
          <computationruleparametervalue index="2" value="4"/>
        </computationruleparameter>
      </computationrule>
      <computationrule bpelementid="SOCK_2" computationorder="131">
        <identifier version="1" label="ItemCountScored" name="MultipleStrandItemCountScored" uniqueid="14c8a771-bf02-4c55-bb24-08eea76bece3"/>
        <computationruleparameter position="1" parametertype="string">
          <identifier version="1" name="strands" uniqueid="615e8d06-a091-4dbf-bc07-12a80f7f4449"/>
          <property name="indextype" value="int"/>
          <computationruleparametervalue index="1" value="2"/>
          <computationruleparametervalue index="2" value="4"/>
        </computationruleparameter>
      </computationrule>
    </scoringrules>
  </scoring>
</testspecification>
