<?xml version="1.0" encoding="UTF-8"?><qti-assessment-item xsi:schemaLocation="http://www.imsglobal.org/xsd/imsqtiasi_v3p0 https://purl.imsglobal.org/spec/qti/v3p0/schema/xsd/imsqti_asiv3p0_v1p0.xsd http://www.w3.org/1998/Math/MathML https://purl.imsglobal.org/spec/mathml/v3p0/schema/xsd/mathml3.xsd http://www.w3.org/2001/10/synthesis https://purl.imsglobal.org/spec/ssml/v1p1/schema/xsd/ssmlv1p1-core.xsd http://www.w3.org/2001/XInclude https://purl.imsglobal.org/spec/w3/2001/schema/xsd/XInclude.xsd " xmlns="http://www.imsglobal.org/xsd/imsqtiasi_v3p0" xmlns:m3="http://www.w3.org/1998/Math/MathML" xmlns:ssml11="http://www.w3.org/2001/10/synthesis" xmlns:xi="http://www.w3.org/2001/XInclude" xmlns:xsi="http://www.w3.org/2001/XMLSchema-instance" identifier="sbac-200-183035" title="183035" xml:lang="en" tool-name="TIMS QTI 3.0 Export" tool-version="5.6.7" time-dependent="false"><qti-response-declaration identifier="RESPONSE" cardinality="single" base-type="string"/><qti-outcome-declaration identifier="SCORE" cardinality="single" base-type="float" normal-maximum="2.0" normal-minimum="0.0" external-scored="human"><qti-default-value><qti-value>0</qti-value></qti-default-value></qti-outcome-declaration><qti-stylesheet href="sbac-qti-assessment.css"/><qti-item-body class="sbac"><div data-catalog-idref="item-183035-global" class="sbac-global-item-catalog-ref"/><div class="qti-layout-row"><div class="qti-layout-col12"><div class="prompt"><p>A student is writing a narrative for a literary magazine about two friends on a hot day. <span data-catalog-idref="item-183035-catalog-0"/><span aria-hidden="true">Read</span> the draft of the introduction and complete the task that follows.</p><p><br/><strong><span data-catalog-idref="item-183035-catalog-2"/><span aria-hidden="true">A Hot Day</span></strong></p><p><br/>Joe lounged outside under a tree, the only area having a significant amount of shade. It was only <span data-catalog-idref="item-183035-catalog-1"/><span aria-hidden="true">9:00 a.m.</span>, but the temperature had already passed the 80-degree mark and was rising rapidly. Weather forecasters on the news programs had predicted that the heat wave would continue through the next couple of days. They had even provided safety precautions to take during times of high temperatures. Listeners had been advised to exercise only in the early morning hours and in the late evening hours. They had also been instructed to drink a large quantity of water to stay hydrated. Joe was still debating what activity he wanted to do when his friend George arrived.</p><p><br/>Write the dialogue that might have occurred when George walked up to Joe.</p></div><qti-extended-text-interaction response-identifier="RESPONSE" format="plain" class="sbac-height-lines-5"/></div></div><qti-rubric-block class="qti-rubric-discretionary-placement" use="scoring" view="scorer"><qti-content-body><h3>Rubric</h3><div class="rubric-exemplar-pair"><div class="rubric"><p>A full-credit response:</p><ul><li><p>Provides appropriate and mainly specific descriptive details and/or dialogue</p></li><li><p>Provides adequate development of experiences, characters, setting, action, and/or events</p></li><li><p>Uses adequate sensory, concrete, and/or figurative language</p></li><li><p>Is mostly “shown”</p></li></ul></div><div class="exemplar"><p>George looked parched and gasped, “Man, it’s like were on the sun.” Joe tryed to look at him, but the sun was glaring into his eyes. He then groaned and asked “What do you want to do?” George seemed to be in deep thought. “Baseball?” he asked. “Areyou crazy? If we play baseball, we’ll pass out!” Joedidn’t mean to be so harsh, but only an absolute lunatic would try to play baseball in this heat. But then, he had a brilliant idea that seemed to have fallen from the sky and gave him a swift wack on the head. “How about we go down to the creek?”As if George already had known what he was going to say, he ran off and yelled over his shoulder to Joe, “Meet me there! I’m going to change into my swim trunks!”</p></div></div><div class="rubric-exemplar-pair"><div class="rubric"><p>A partial-credit response:</p><ul><li><p>Provides mostly general descriptive details and little or no dialogue, and may include extraneous details that are unrelated or only loosely related</p></li><li><p>Provides limited development of experiences, characters, setting, action, and/or events</p></li><li><p>Uses limited sensory, concrete, and/or figurative language</p></li><li><p>Is somewhat “told”</p></li></ul></div><div class="exemplar"><p>George said, “Hey Joe. Man is it hot today.” Joe said, “Yeah, so I was thinking with this heat wave, maybe we can make a lemonade stand.” “Yeahthat doesn’t sound like a bad idea. We can make money off of it PLUS we can have some fresh lemonade at arms reach.” “That’s what I wasthinking!”</p></div></div><div class="rubric-exemplar-pair"><div class="rubric"><p>A no-credit response:</p><ul><li><p>Includes few if any descriptive details</p><p>and little or no dialogue. Details that are included may be vague, repetitive, incorrect, or interfere with the meaning of the narrative</p><p>OR</p></li><li><p>Provides minimal, if any, development of experiences, characters, setting, action, and/or events</p><p>OR</p></li><li><p>Uses little or no sensory, concrete,</p><p>and/or figurative language OR</p></li><li><p>Is mostly “told”</p></li></ul></div><div class="exemplar"><p>George should be active in the mornings because hes awake early enough and while he excerises he should be dringing a lot of water to stay hydrated while he is excersising. THe passage is somewhat like George because its explaining how lazy he’sfeeling during a heat wave.</p></div></div></qti-content-body></qti-rubric-block></qti-item-body><qti-catalog-info><qti-catalog id="item-183035-catalog-0"><qti-card support="spoken"><qti-card-entry data-reading-type="computer-read-aloud"><qti-html-content>Reed</qti-html-content></qti-card-entry><qti-card-entry data-reading-type="screen-reader"><qti-html-content>Read</qti-html-content></qti-card-entry></qti-card></qti-catalog><qti-catalog id="item-183035-catalog-1"><qti-card support="spoken"><qti-card-entry data-reading-type="computer-read-aloud"><qti-html-content>nine o'clock A., m,</qti-html-content></qti-card-entry><qti-card-entry data-reading-type="screen-reader"><qti-html-content>9:00 a.m.</qti-html-content></qti-card-entry></qti-card></qti-catalog><qti-catalog id="item-183035-catalog-2"><qti-card support="spoken"><qti-card-entry data-reading-type="computer-read-aloud"><qti-html-content>; A Hot Day;</qti-html-content></qti-card-entry><qti-card-entry data-reading-type="screen-reader"><qti-html-content>A Hot Day</qti-html-content></qti-card-entry></qti-card></qti-catalog><qti-catalog id="item-183035-global"><qti-card support="ext:sbac-braille-files"><qti-card-entry data-math-representation="none" data-contracted="true" data-type="BRF" lang="en" data-format="UEB"><qti-file-href mime-type="application/braille">item_183035_enu_ucl.brf</qti-file-href></qti-card-entry><qti-card-entry data-math-representation="none" data-contracted="false" data-type="BRF" lang="en" data-format="UEB"><qti-file-href mime-type="application/braille">item_183035_enu_uxl.brf</qti-file-href></qti-card-entry><qti-card-entry data-math-representation="none" data-contracted="false" data-type="BRF" lang="en" data-format="EBAE"><qti-file-href mime-type="application/braille">item_183035_enu_exl.brf</qti-file-href></qti-card-entry><qti-card-entry data-math-representation="none" data-contracted="true" data-type="BRF" lang="en" data-format="EBAE"><qti-file-href mime-type="application/braille">item_183035_enu_ecl.brf</qti-file-href></qti-card-entry></qti-card></qti-catalog></qti-catalog-info></qti-assessment-item>