<?xml version="1.0" encoding="UTF-8"?>
<metadata>
<smarterAppMetadata xmlns="http://www.smarterapp.org/ns/1/assessment_item_metadata">
   <Identifier>182865</Identifier>
   <Version>0.21</Version>
   <InteractionType>MC</InteractionType>
   <Subject>ELA</Subject>
   <Status>Released</Status>
   <Language>eng</Language>
   <SecurityStatus>secure</SecurityStatus>
   <MinimumGrade>3</MinimumGrade>
   <IntendedGrade>3</IntendedGrade>
   <MaximumGrade>3</MaximumGrade>
   <BrailleType>BRF</BrailleType>
   <EnemyItem></EnemyItem>
   <ItemAuthorIdentifier>Sridhar_Ravva</ItemAuthorIdentifier>
   <Claim2Category></Claim2Category>
   <Claim2RevisionCategory></Claim2RevisionCategory>
   <MathematicalPractice></MathematicalPractice>
   <StimulusLength></StimulusLength>
   <AssociatedTutorial>67708</AssociatedTutorial>
   <AssociatedWordlist>600182865</AssociatedWordlist>
   <MaximumNumberOfPoints>1</MaximumNumberOfPoints>
   <ScorePoints>"0, 1"</ScorePoints>
   <ItemSpecFormat>SmarterApp</ItemSpecFormat>
   <DepthOfKnowledge>2</DepthOfKnowledge>
   <SpecificationsVersion></SpecificationsVersion>
   <PerformanceTaskComponentItem>N</PerformanceTaskComponentItem>
   <PtSequence></PtSequence>
   <AccessibilityTagsASLLanguage>N</AccessibilityTagsASLLanguage>
   <StandardPublication>
      <Publication>SBAC-ELA-v1</Publication>
      <PrimaryStandard>SBAC-ELA-v1:4-CR|4-3|3.W.8</PrimaryStandard>
   </StandardPublication>
   <StandardPublication>
      <Publication>SBAC</Publication>
      <PrimaryStandard>E.G3.C4R.T4.3.W.8</PrimaryStandard>
   </StandardPublication>
   <ContentTaskModel>1</ContentTaskModel>
   <LanguageFeatures></LanguageFeatures>
   <MeaningPurpose></MeaningPurpose>
   <PrimaryClaim>4</PrimaryClaim>
   <PrimaryCommonCoreStandard>3.W.8</PrimaryCommonCoreStandard>
   <PrimaryContentDomain>CR</PrimaryContentDomain>
   <QuaternaryClaim></QuaternaryClaim>
   <QuaternaryCommonCoreStandard></QuaternaryCommonCoreStandard>
   <ScoringEngine>Automatic with Key</ScoringEngine>
   <ScoringDependency></ScoringDependency>
   <SecondaryClaim></SecondaryClaim>
   <SecondaryCommonCoreStandard></SecondaryCommonCoreStandard>
   <SecondaryContentDomain></SecondaryContentDomain>
   <TertiaryClaim></TertiaryClaim>
   <TertiaryCommonCoreStandard></TertiaryCommonCoreStandard>
   <TertiaryContentDomain></TertiaryContentDomain>
   <TestCategory>Practice</TestCategory>
   <TranslatedGlossaryPool></TranslatedGlossaryPool>
   <IllustrationGlossaryPool></IllustrationGlossaryPool>
   <BraillePool></BraillePool>
</smarterAppMetadata>
</metadata>