<?xml version="1.0" encoding="UTF-8"?><qti-assessment-item xsi:schemaLocation="http://www.imsglobal.org/xsd/imsqtiasi_v3p0 https://purl.imsglobal.org/spec/qti/v3p0/schema/xsd/imsqti_asiv3p0_v1p0.xsd http://www.w3.org/1998/Math/MathML https://purl.imsglobal.org/spec/mathml/v3p0/schema/xsd/mathml3.xsd http://www.w3.org/2001/10/synthesis https://purl.imsglobal.org/spec/ssml/v1p1/schema/xsd/ssmlv1p1-core.xsd http://www.w3.org/2001/XInclude https://purl.imsglobal.org/spec/w3/2001/schema/xsd/XInclude.xsd " xmlns="http://www.imsglobal.org/xsd/imsqtiasi_v3p0" xmlns:m3="http://www.w3.org/1998/Math/MathML" xmlns:ssml11="http://www.w3.org/2001/10/synthesis" xmlns:xi="http://www.w3.org/2001/XInclude" xmlns:xsi="http://www.w3.org/2001/XMLSchema-instance" identifier="sbac-200-182865" title="182865" xml:lang="en" tool-name="TIMS QTI 3.0 Export" tool-version="5.6.7" time-dependent="false"><qti-response-declaration identifier="RESPONSE" cardinality="single" base-type="identifier"><qti-correct-response><qti-value>B</qti-value></qti-correct-response></qti-response-declaration><qti-outcome-declaration identifier="SCORE" cardinality="single" base-type="float" normal-maximum="1.0" normal-minimum="0.0"><qti-default-value><qti-value>0</qti-value></qti-default-value></qti-outcome-declaration><qti-stylesheet href="sbac-qti-assessment.css"/><qti-item-body class="sbac"><div data-catalog-idref="item-182865-global" class="sbac-global-item-catalog-ref"/><div class="qti-layout-row"><div class="qti-layout-col12"><div class="prompt"><p>A student is writing a research report about different kinds of fruit. He wrote an opinion in the report. <span data-catalog-idref="item-182865-catalog-0"/><span aria-hidden="true">Read</span> the sentences from the student's report and the directions that follow. </p><p><br/><strong><span data-catalog-idref="item-182865-catalog-1"/><span aria-hidden="true">Many Kinds of Fruit</span></strong></p><p><br/>A fruit is the part of the plant that has the plant's seeds. There are many kinds of fruits. Some that are popular with kids are apples, bananas, grapes, oranges, and strawberries. Sometimes it is <span data-catalog-idref="glossary-term-1">confusing</span> to tell if a food is a fruit.</p><p><br/>The student found another source about different kinds of fruit. Which sentence best supports the student's opinion?</p></div><qti-choice-interaction class="sbac-labels-inner-alpha" response-identifier="RESPONSE" max-choices="1" min-choices="1"><qti-simple-choice identifier="A"><p>For example, it is hard to tell what some foods are when they are cut up in pieces.</p></qti-simple-choice><qti-simple-choice identifier="B"><p>For example, a tomato is not sweet, but it is a fruit because it has the seeds.</p></qti-simple-choice><qti-simple-choice identifier="C"><p>For example, some kids don't like some of the fruits on that list.</p></qti-simple-choice><qti-simple-choice identifier="D"><p>For example, fruits can be many different shapes and colors.</p></qti-simple-choice></qti-choice-interaction></div></div><qti-rubric-block class="qti-rubric-discretionary-placement" use="scoring" view="scorer"><qti-content-body><h3>Rubric</h3><p>B</p><h3>Option Rationale</h3><div><strong>A:</strong><br/></div><div><strong>B:</strong><br/></div><div><strong>C:</strong><br/></div><div><strong>D:</strong><br/></div></qti-content-body></qti-rubric-block></qti-item-body><qti-catalog-info><qti-catalog id="item-182865-catalog-0"><qti-card support="spoken"><qti-card-entry data-reading-type="computer-read-aloud"><qti-html-content>Reed</qti-html-content></qti-card-entry><qti-card-entry data-reading-type="screen-reader"><qti-html-content>Read</qti-html-content></qti-card-entry></qti-card></qti-catalog><qti-catalog id="item-182865-catalog-1"><qti-card support="spoken"><qti-card-entry data-reading-type="computer-read-aloud"><qti-html-content>Many Kinds of Fruit,</qti-html-content></qti-card-entry><qti-card-entry data-reading-type="screen-reader"><qti-html-content>Many Kinds of Fruit</qti-html-content></qti-card-entry></qti-card></qti-catalog><qti-catalog id="item-182865-global"><qti-card support="ext:sbac-braille-files"><qti-card-entry data-math-representation="none" data-contracted="true" data-type="BRF" lang="en" data-format="UEB"><qti-file-href mime-type="application/braille">item_182865_enu_ucl.brf</qti-file-href></qti-card-entry><qti-card-entry data-math-representation="none" data-contracted="false" data-type="BRF" lang="en" data-format="UEB"><qti-file-href mime-type="application/braille">item_182865_enu_uxl.brf</qti-file-href></qti-card-entry><qti-card-entry data-math-representation="none" data-contracted="true" data-type="BRF" lang="en" data-format="EBAE"><qti-file-href mime-type="application/braille">item_182865_enu_ecl.brf</qti-file-href></qti-card-entry><qti-card-entry data-math-representation="none" data-contracted="false" data-type="BRF" lang="en" data-format="EBAE"><qti-file-href mime-type="application/braille">item_182865_enu_exl.brf</qti-file-href></qti-card-entry></qti-card></qti-catalog><qti-catalog id="glossary-term-1"><qti-card support="keyword-translation"><qti-card-entry data-list-code="TDS_WL_Glossary" data-list-type="glossary" lang="en"><qti-html-content><div><span>hard to understand</span></div></qti-html-content></qti-card-entry></qti-card></qti-catalog></qti-catalog-info><qti-response-processing><qti-response-condition><qti-response-if><qti-match><qti-variable identifier="RESPONSE"/><qti-correct identifier="RESPONSE"/></qti-match><qti-set-outcome-value identifier="SCORE"><qti-base-value base-type="float">
     1
    </qti-base-value></qti-set-outcome-value></qti-response-if><qti-response-else><qti-set-outcome-value identifier="SCORE"><qti-base-value base-type="float">
     0
    </qti-base-value></qti-set-outcome-value></qti-response-else></qti-response-condition></qti-response-processing></qti-assessment-item>