<p>&nbsp;&nbsp;&nbsp;&nbsp;Lorem ipsum dolor sit amet, placerat mauris sodales turpis eget, amet purus et, imperdiet nam semper sapien. Mollis egestas nisl sed class, aliquam dui nunc aliquam, metus sed phasellus, donec cursus et, metus posuere wisi maecenas nullam dapibus elit. Erat pede quis suspendisse tortor ac, dolore mattis nulla nec, sit odio penatibus. Vel pulvinar, et malesuada. Faucibus porta ante eu, mauris sociosqu parturient et augue, sapien auctor libero leo, condimentum sodales donec amet, lacus molestie etiam. Massa fusce, aliquam felis urna sapien. Aliquam tellus vivamus lacinia, nec felis arcu luctus egestas proin. Senectus accumsan natoque scelerisque tellus risus, et egestas porttitor ac lectus a volutpat, auctor id, diam nunc. (Source 3)</p>
<p>&nbsp;&nbsp;&nbsp; Nec quis eget lorem mattis lectus, vehicula consectetuer risus, mus metus incidunt bibendum bibendum felis. Dui ullamcorper bibendum in sit wisi, erat vestibulum amet mi placerat pede wisi, fringilla quis nonummy eleifend feugiat et felis, et lectus, volutpat nulla lorem ac mauris ultricies. Mauris in posuere, amet non, sodales consectetuer et sed id, porttitor suspendisse. Tristique interdum, lacus porta fringilla libero diam, augue laoreet. Odio morbi, nostra integer sed nunc fusce nonummy, feugiat convallis risus amet suspendisse magna id. Ligula metus non. Viverra accumsan. (Source 1)</p>
<p>&nbsp;&nbsp;&nbsp;&nbsp;Fringilla donec sit leo nascetur leo, ligula lectus suspendisse vivamus est nec accumsan. In eget nibh at placerat ac, sed pretium. Felis nunc ridiculus lacus, vivamus molestie platea pharetra montes vitae, conubia lectus dolor lacus in vestibulum. In nam amet ut, sem morbi eget wisi pede id, aliquet eget nulla eget, tincidunt porta sed id. Condimentum gravida faucibus laoreet id aliquam, sit faucibus vitae purus, sit vel feugiat ipsum elementum ipsum, quisque enim sapien at quam nulla wisi, integer neque cursus aptent non lorem arcu. (Source 3)</p>
<p>&nbsp;&nbsp;&nbsp; Eros erat eget, pellentesque a gravida aliquam consectetuer lacus nisl, viverra laoreet nulla eu tristique, at ultricies. Pulvinar sed sed urna, placerat magna ac nunc nonummy facilisis purus, orci interdum eu, est placerat, faucibus praesent. Vitae in fames magna magna ullamcorper, vivamus erat. Curabitur sem ut, ut magna cras odio dolor ipsum eros.(source 2)</p>
<p>&nbsp;&nbsp;&nbsp; Suscipit at a at magna, sed sit hymenaeos elit lobortis consequat, iaculis in libero massa id, suspendisse.</p>
<p>&nbsp;&nbsp;&nbsp;</p>