<?xml version="1.0" encoding="UTF-8"?>
<metadata>
<smarterAppMetadata xmlns="http://www.smarterapp.org/ns/1/assessment_item_metadata">
   <Identifier>183097</Identifier>
   <Version>0.24</Version>
   <InteractionType>EBSR</InteractionType>
   <Subject>ELA</Subject>
   <Status>Released</Status>
   <Language>eng</Language>
   <SecurityStatus>secure</SecurityStatus>
   <MinimumGrade>8</MinimumGrade>
   <IntendedGrade>11</IntendedGrade>
   <MaximumGrade>11</MaximumGrade>
   <BrailleType>BRF</BrailleType>
   <EnemyItem></EnemyItem>
   <ItemAuthorIdentifier>Sridhar_Ravva</ItemAuthorIdentifier>
   <Claim2Category></Claim2Category>
   <Claim2RevisionCategory></Claim2RevisionCategory>
   <MathematicalPractice></MathematicalPractice>
   <AssociatedStimulus>193792</AssociatedStimulus>
   <StimulusLength>Long</StimulusLength>
   <AssociatedTutorial>67861</AssociatedTutorial>
   <AssociatedWordlist>600183097</AssociatedWordlist>
   <MaximumNumberOfPoints>1</MaximumNumberOfPoints>
   <ScorePoints>"0, 1"</ScorePoints>
   <ItemSpecFormat>SmarterApp</ItemSpecFormat>
   <DepthOfKnowledge>2</DepthOfKnowledge>
   <SpecificationsVersion></SpecificationsVersion>
   <PerformanceTaskComponentItem>N</PerformanceTaskComponentItem>
   <PtSequence></PtSequence>
   <AccessibilityTagsASLLanguage>N</AccessibilityTagsASLLanguage>
   <StandardPublication>
      <Publication>SBAC-ELA-v1</Publication>
      <PrimaryStandard>SBAC-ELA-v1:1-LT|2-11|11-12.RL.2</PrimaryStandard>
   </StandardPublication>
   <StandardPublication>
      <Publication>SBAC</Publication>
      <PrimaryStandard>E.GHS.C1RL.T2.11-12.RL.2</PrimaryStandard>
   </StandardPublication>
   <ContentTaskModel>na</ContentTaskModel>
   <LanguageFeatures></LanguageFeatures>
   <MeaningPurpose></MeaningPurpose>
   <PrimaryClaim>1</PrimaryClaim>
   <PrimaryCommonCoreStandard>11-12.RL.2</PrimaryCommonCoreStandard>
   <PrimaryContentDomain>LT</PrimaryContentDomain>
   <QuaternaryClaim></QuaternaryClaim>
   <QuaternaryCommonCoreStandard></QuaternaryCommonCoreStandard>
   <ScoringEngine>Automatic with Key(s)</ScoringEngine>
   <ScoringDependency></ScoringDependency>
   <SecondaryClaim></SecondaryClaim>
   <SecondaryCommonCoreStandard></SecondaryCommonCoreStandard>
   <SecondaryContentDomain></SecondaryContentDomain>
   <TertiaryClaim></TertiaryClaim>
   <TertiaryCommonCoreStandard></TertiaryCommonCoreStandard>
   <TertiaryContentDomain></TertiaryContentDomain>
   <TestCategory>Practice</TestCategory>
   <TranslatedGlossaryPool></TranslatedGlossaryPool>
   <IllustrationGlossaryPool></IllustrationGlossaryPool>
   <BraillePool></BraillePool>
</smarterAppMetadata>
</metadata>