<?xml version="1.0" encoding="UTF-8"?><qti-assessment-item xsi:schemaLocation="http://www.imsglobal.org/xsd/imsqtiasi_v3p0 https://purl.imsglobal.org/spec/qti/v3p0/schema/xsd/imsqti_asiv3p0_v1p0.xsd http://www.w3.org/1998/Math/MathML https://purl.imsglobal.org/spec/mathml/v3p0/schema/xsd/mathml3.xsd http://www.w3.org/2001/10/synthesis https://purl.imsglobal.org/spec/ssml/v1p1/schema/xsd/ssmlv1p1-core.xsd http://www.w3.org/2001/XInclude https://purl.imsglobal.org/spec/w3/2001/schema/xsd/XInclude.xsd " xmlns="http://www.imsglobal.org/xsd/imsqtiasi_v3p0" xmlns:m3="http://www.w3.org/1998/Math/MathML" xmlns:ssml11="http://www.w3.org/2001/10/synthesis" xmlns:xi="http://www.w3.org/2001/XInclude" xmlns:xsi="http://www.w3.org/2001/XMLSchema-instance" identifier="sbac-200-183097" title="183097" xml:lang="en" tool-name="TIMS QTI 3.0 Export" tool-version="5.6.7" time-dependent="false"><qti-response-declaration identifier="RESPONSE-PART-A" cardinality="single" base-type="identifier"><qti-correct-response><qti-value>A</qti-value></qti-correct-response></qti-response-declaration><qti-response-declaration identifier="RESPONSE-PART-B" cardinality="single" base-type="identifier"><qti-correct-response><qti-value>D</qti-value></qti-correct-response></qti-response-declaration><qti-outcome-declaration identifier="SCORE" cardinality="single" base-type="float" normal-maximum="1.0" normal-minimum="0.0"><qti-default-value><qti-value>0</qti-value></qti-default-value></qti-outcome-declaration><qti-assessment-stimulus-ref identifier="sbac-200-193792" href="../sbac-200-193792/sbac-200-193792.xml"/><qti-stylesheet href="sbac-qti-assessment.css"/><qti-item-body class="sbac"><div data-catalog-idref="item-183097-global" class="sbac-global-item-catalog-ref"/><div class="qti-layout-row"><div class="qti-layout-col5"><div data-stimulus-idref="sbac-200-193792" class="qti-shared-stimulus"/></div><div class="qti-layout-col7"><div class="prompt"><p>The following question has two parts. First, answer part <span data-catalog-idref="item-183097-catalog-0"/><span aria-hidden="true">A.</span> Then, answer part B.</p></div><div class="item-part"><h3 class="choicePart">Part A</h3><div class="prompt"><p>Which statement <strong><span data-catalog-idref="item-183097-catalog-1"/><span aria-hidden="true">best</span></strong> expresses the theme of the text?</p></div><qti-choice-interaction class="sbac-labels-inner-alpha" response-identifier="RESPONSE-PART-A" max-choices="1" min-choices="1"><qti-simple-choice identifier="A"><p>Home may be found in an unexpected place.</p></qti-simple-choice><qti-simple-choice identifier="B"><p>Nature is the best educator of young children.</p></qti-simple-choice><qti-simple-choice identifier="C"><p>Turning your back on <span data-catalog-idref="glossary-term-1">civilization</span> is the only way to <span data-catalog-idref="item-183097-catalog-2"/><span aria-hidden="true">live</span>.</p></qti-simple-choice><qti-simple-choice identifier="D"><p>You must leave your past behind in order to find yourself.</p></qti-simple-choice></qti-choice-interaction></div><div class="item-part"><h3 class="choicePart">Part B</h3><div class="prompt"><p>Which sentence from the text <strong><span data-catalog-idref="item-183097-catalog-4"/><span aria-hidden="true">best</span></strong> supports your answer in part <span data-catalog-idref="item-183097-catalog-3"/><span aria-hidden="true">A</span>?</p></div><qti-choice-interaction class="sbac-labels-inner-alpha" response-identifier="RESPONSE-PART-B" max-choices="1" min-choices="1"><qti-simple-choice identifier="A"><p><span data-catalog-idref="item-183097-catalog-5"/><span aria-hidden="true">“When</span> I first saw where we were going to <span data-catalog-idref="item-183097-catalog-6"/><span aria-hidden="true">live</span>, I <span data-catalog-idref="glossary-term-2">vacillated</span> between feeling <span data-catalog-idref="glossary-term-3">terrified</span> and <span data-catalog-idref="item-183097-catalog-7"/><span aria-hidden="true">excited.”</span></p></qti-simple-choice><qti-simple-choice identifier="B"><p><span data-catalog-idref="item-183097-catalog-8"/><span aria-hidden="true">“On</span> my first walk around the property, I saw two horned toads, a red-tailed hawk, and some deer <span data-catalog-idref="item-183097-catalog-9"/><span aria-hidden="true">tracks.”</span></p></qti-simple-choice><qti-simple-choice identifier="C"><p><span data-catalog-idref="item-183097-catalog-10"/><span aria-hidden="true">“With</span> no street lights timed to turn on at sunset, when night came it was darker than anything I had ever <span data-catalog-idref="glossary-term-4">experienced</span>.<span data-catalog-idref="item-183097-catalog-11"/><span aria-hidden="true">”</span></p></qti-simple-choice><qti-simple-choice identifier="D"><p><span data-catalog-idref="item-183097-catalog-12"/><span aria-hidden="true">“I've</span> been going to school in the valley, but I feel most at home up here with my wild fellow <span data-catalog-idref="glossary-term-5">canyon</span> <span data-catalog-idref="item-183097-catalog-13"/><span aria-hidden="true">dwellers.”</span></p></qti-simple-choice></qti-choice-interaction></div></div></div><qti-rubric-block class="qti-rubric-discretionary-placement" use="scoring" view="scorer"><qti-content-body><h3>Rubric</h3><p>Part A: A</p><p>Part B: D</p><h3>Part A Option Rationale</h3><div><strong>A:</strong></div><div><strong>B:</strong></div><div><strong>C:</strong></div><div><strong>D:</strong></div><h3>Part B Option Rationale</h3><div><strong>A:</strong></div><div><strong>B:</strong></div><div><strong>C:</strong></div><div><strong>D:</strong></div></qti-content-body></qti-rubric-block></qti-item-body><qti-catalog-info><qti-catalog id="item-183097-catalog-0"><qti-card support="spoken"><qti-card-entry data-reading-type="computer-read-aloud"><qti-html-content>A.,</qti-html-content></qti-card-entry><qti-card-entry data-reading-type="screen-reader"><qti-html-content>A.</qti-html-content></qti-card-entry></qti-card></qti-catalog><qti-catalog id="item-183097-catalog-1"><qti-card support="spoken"><qti-card-entry data-reading-type="computer-read-aloud"><qti-html-content>, best,</qti-html-content></qti-card-entry><qti-card-entry data-reading-type="screen-reader"><qti-html-content>best</qti-html-content></qti-card-entry></qti-card></qti-catalog><qti-catalog id="item-183097-catalog-2"><qti-card support="spoken"><qti-card-entry data-reading-type="computer-read-aloud"><qti-html-content>liv</qti-html-content></qti-card-entry><qti-card-entry data-reading-type="screen-reader"><qti-html-content>live</qti-html-content></qti-card-entry></qti-card></qti-catalog><qti-catalog id="item-183097-catalog-3"><qti-card support="spoken"><qti-card-entry data-reading-type="computer-read-aloud"><qti-html-content>A.,</qti-html-content></qti-card-entry><qti-card-entry data-reading-type="screen-reader"><qti-html-content>A.,</qti-html-content></qti-card-entry></qti-card></qti-catalog><qti-catalog id="item-183097-catalog-4"><qti-card support="spoken"><qti-card-entry data-reading-type="computer-read-aloud"><qti-html-content>, best,</qti-html-content></qti-card-entry><qti-card-entry data-reading-type="screen-reader"><qti-html-content>best</qti-html-content></qti-card-entry></qti-card></qti-catalog><qti-catalog id="item-183097-catalog-5"><qti-card support="spoken"><qti-card-entry data-reading-type="computer-read-aloud"><qti-html-content>, quote, When</qti-html-content></qti-card-entry><qti-card-entry data-reading-type="screen-reader"><qti-html-content>“When</qti-html-content></qti-card-entry></qti-card></qti-catalog><qti-catalog id="item-183097-catalog-6"><qti-card support="spoken"><qti-card-entry data-reading-type="computer-read-aloud"><qti-html-content>liv</qti-html-content></qti-card-entry><qti-card-entry data-reading-type="screen-reader"><qti-html-content>live</qti-html-content></qti-card-entry></qti-card></qti-catalog><qti-catalog id="item-183097-catalog-7"><qti-card support="spoken"><qti-card-entry data-reading-type="computer-read-aloud"><qti-html-content>excited, end quote; ,</qti-html-content></qti-card-entry><qti-card-entry data-reading-type="screen-reader"><qti-html-content>excited.”</qti-html-content></qti-card-entry></qti-card></qti-catalog><qti-catalog id="item-183097-catalog-8"><qti-card support="spoken"><qti-card-entry data-reading-type="computer-read-aloud"><qti-html-content>, quote, On</qti-html-content></qti-card-entry><qti-card-entry data-reading-type="screen-reader"><qti-html-content>“On</qti-html-content></qti-card-entry></qti-card></qti-catalog><qti-catalog id="item-183097-catalog-9"><qti-card support="spoken"><qti-card-entry data-reading-type="computer-read-aloud"><qti-html-content>tracks, end quote; ,</qti-html-content></qti-card-entry><qti-card-entry data-reading-type="screen-reader"><qti-html-content>tracks.”</qti-html-content></qti-card-entry></qti-card></qti-catalog><qti-catalog id="item-183097-catalog-10"><qti-card support="spoken"><qti-card-entry data-reading-type="computer-read-aloud"><qti-html-content>, quote, With</qti-html-content></qti-card-entry><qti-card-entry data-reading-type="screen-reader"><qti-html-content>“With</qti-html-content></qti-card-entry></qti-card></qti-catalog><qti-catalog id="item-183097-catalog-11"><qti-card support="spoken"><qti-card-entry data-reading-type="computer-read-aloud"><qti-html-content>, end quote, </qti-html-content></qti-card-entry><qti-card-entry data-reading-type="screen-reader"><qti-html-content>&quot;</qti-html-content></qti-card-entry></qti-card></qti-catalog><qti-catalog id="item-183097-catalog-12"><qti-card support="spoken"><qti-card-entry data-reading-type="computer-read-aloud"><qti-html-content>, quote, I've</qti-html-content></qti-card-entry><qti-card-entry data-reading-type="screen-reader"><qti-html-content>“I've</qti-html-content></qti-card-entry></qti-card></qti-catalog><qti-catalog id="item-183097-catalog-13"><qti-card support="spoken"><qti-card-entry data-reading-type="computer-read-aloud"><qti-html-content>dwellers, end quote; ,</qti-html-content></qti-card-entry><qti-card-entry data-reading-type="screen-reader"><qti-html-content>dwellers.”</qti-html-content></qti-card-entry></qti-card></qti-catalog><qti-catalog id="item-183097-global"><qti-card support="ext:sbac-braille-files"><qti-card-entry data-math-representation="none" data-contracted="true" data-type="BRF" lang="en" data-format="EBAE"><qti-file-href mime-type="application/braille">item_183097_enu_ecl.brf</qti-file-href></qti-card-entry><qti-card-entry data-math-representation="none" data-contracted="true" data-type="BRF" lang="en" data-format="UEB"><qti-file-href mime-type="application/braille">item_183097_enu_ucl.brf</qti-file-href></qti-card-entry><qti-card-entry data-math-representation="none" data-contracted="false" data-type="BRF" lang="en" data-format="EBAE"><qti-file-href mime-type="application/braille">item_183097_enu_exl.brf</qti-file-href></qti-card-entry><qti-card-entry data-math-representation="none" data-contracted="false" data-type="BRF" lang="en" data-format="UEB"><qti-file-href mime-type="application/braille">item_183097_enu_uxl.brf</qti-file-href></qti-card-entry></qti-card></qti-catalog><qti-catalog id="glossary-term-1"><qti-card support="keyword-translation"><qti-card-entry data-list-code="TDS_WL_Glossary" data-list-type="glossary" lang="en"><qti-html-content><div><span>place with conveniences of modern society</span></div></qti-html-content></qti-card-entry></qti-card></qti-catalog><qti-catalog id="glossary-term-2"><qti-card support="keyword-translation"><qti-card-entry data-list-code="TDS_WL_Glossary" data-list-type="glossary" lang="en"><qti-html-content><div><span>moved back and forth</span></div></qti-html-content></qti-card-entry></qti-card></qti-catalog><qti-catalog id="glossary-term-3"><qti-card support="keyword-translation"><qti-card-entry data-list-code="TDS_WL_Glossary" data-list-type="glossary" lang="en"><qti-html-content><div><span>very frightened</span></div></qti-html-content></qti-card-entry></qti-card></qti-catalog><qti-catalog id="glossary-term-4"><qti-card support="keyword-translation"><qti-card-entry data-list-code="TDS_WL_Glossary" data-list-type="glossary" lang="en"><qti-html-content><div><span>known</span></div></qti-html-content></qti-card-entry></qti-card></qti-catalog><qti-catalog id="glossary-term-5"><qti-card support="keyword-translation"><qti-card-entry data-list-code="TDS_WL_Glossary" data-list-type="glossary" lang="en"><qti-html-content><div><span>deep valley with steep rock sides</span></div></qti-html-content></qti-card-entry></qti-card></qti-catalog></qti-catalog-info><qti-response-processing><qti-response-condition><qti-response-if><qti-and><qti-match><qti-variable identifier="RESPONSE-PART-A"/><qti-correct identifier="RESPONSE-PART-A"/></qti-match><qti-match><qti-variable identifier="RESPONSE-PART-B"/><qti-correct identifier="RESPONSE-PART-B"/></qti-match></qti-and><qti-set-outcome-value identifier="SCORE"><qti-base-value base-type="float">
     1
    </qti-base-value></qti-set-outcome-value></qti-response-if><qti-response-else><qti-set-outcome-value identifier="SCORE"><qti-base-value base-type="float">
     0
    </qti-base-value></qti-set-outcome-value></qti-response-else></qti-response-condition></qti-response-processing></qti-assessment-item>