<?xml version="1.0" encoding="UTF-8"?>
<metadata>
<smarterAppMetadata xmlns="http://www.smarterapp.org/ns/1/assessment_item_metadata">
   <Identifier>183573</Identifier>
   <Version>2.47</Version>
   <InteractionType>MS</InteractionType>
   <Subject>MATH</Subject>
   <Status>Released</Status>
   <Language>eng</Language>
   <Language>spa</Language>
   <SecurityStatus>secure</SecurityStatus>
   <MinimumGrade>6</MinimumGrade>
   <IntendedGrade>6</IntendedGrade>
   <MaximumGrade>6</MaximumGrade>
   <BrailleType>BRF</BrailleType>
   <EnemyItem></EnemyItem>
   <ItemAuthorIdentifier>Sridhar_Ravva</ItemAuthorIdentifier>
   <Claim2Category></Claim2Category>
   <Claim2RevisionCategory></Claim2RevisionCategory>
   <AllowCalculator>N</AllowCalculator>
   <MathematicalPractice></MathematicalPractice>
   <StimulusLength></StimulusLength>
   <AssociatedTutorial>67775</AssociatedTutorial>
   <AssociatedWordlist>600183573</AssociatedWordlist>
   <MaximumNumberOfPoints>1</MaximumNumberOfPoints>
   <ScorePoints>"0, 1"</ScorePoints>
   <ItemSpecFormat>SmarterApp</ItemSpecFormat>
   <DepthOfKnowledge>1</DepthOfKnowledge>
   <SpecificationsVersion></SpecificationsVersion>
   <PerformanceTaskComponentItem>N</PerformanceTaskComponentItem>
   <PtSequence></PtSequence>
   <AccessibilityTagsASLLanguage>Y</AccessibilityTagsASLLanguage>
   <StandardPublication>
      <Publication>SBAC-MA-v4</Publication>
      <PrimaryStandard>SBAC-MA-v4:1|EE|F-6|m|6.EE.5</PrimaryStandard>
   </StandardPublication>
   <StandardPublication>
      <Publication>SBAC-MA-v6</Publication>
      <PrimaryStandard>SBAC-MA-v6:1|P|TS01|F-6</PrimaryStandard>
   </StandardPublication>
   <StandardPublication>
      <Publication>SBAC</Publication>
      <PrimaryStandard>M.G6.C1EE.TF.6.EE.5</PrimaryStandard>
   </StandardPublication>
   <ContentTaskModel>TM1a</ContentTaskModel>
   <LanguageFeatures></LanguageFeatures>
   <MeaningPurpose></MeaningPurpose>
   <PrimaryClaim>1</PrimaryClaim>
   <PrimaryCommonCoreStandard>6.EE.5</PrimaryCommonCoreStandard>
   <PrimaryContentDomain>EE</PrimaryContentDomain>
   <QuaternaryClaim></QuaternaryClaim>
   <QuaternaryCommonCoreStandard></QuaternaryCommonCoreStandard>
   <ScoringEngine>Automatic with Key(s)</ScoringEngine>
   <ScoringDependency></ScoringDependency>
   <SecondaryClaim></SecondaryClaim>
   <SecondaryCommonCoreStandard></SecondaryCommonCoreStandard>
   <SecondaryContentDomain></SecondaryContentDomain>
   <TertiaryClaim></TertiaryClaim>
   <TertiaryCommonCoreStandard></TertiaryCommonCoreStandard>
   <TertiaryContentDomain></TertiaryContentDomain>
   <TestCategory>Practice</TestCategory>
   <TranslatedGlossaryPool>Y</TranslatedGlossaryPool>
   <IllustrationGlossaryPool>Y</IllustrationGlossaryPool>
   <BraillePool></BraillePool>
</smarterAppMetadata>
</metadata>