<testspecification version="1" purpose="scoring" publishdate="Mar 27 2020 12:14AM" publisher="SBAC">
  <identifier version="1" label="SBAC-IAB-MATH-IRP-7" name="SBAC-IAB-MATH-IRP-7" uniqueid="(SBAC)SBAC-IAB-MATH-IRP-7-2023-2024"/>
  <property label="MATH" name="subject" value="MATH"/>
  <property label="interim" name="type" value="interim"/>
  <property label="7" name="grade" value="7"/>
  <scoring>
    <testblueprint>
      <bpelement maxftitems="0" opitemcount="6" elementtype="test" minopitems="0" maxopitems="6" ftitemcount="0" minftitems="0">
        <identifier version="1" name="SBAC-IAB-MATH-IRP-7" uniqueid="(SBAC)SBAC-IAB-MATH-IRP-7-2023-2024"/>
      </bpelement>
      <bpelement maxftitems="0" opitemcount="3" elementtype="segment" minopitems="0" maxopitems="3" ftitemcount="0" minftitems="0">
        <identifier version="1" name="SBAC-IAB-MATH-IRP-7-SEG1-NoCalc" uniqueid="(SBAC)SBAC-IAB-MATH-IRP-7-SEG1-NoCalc-2023-2024"/>
      </bpelement>
      <bpelement maxftitems="0" opitemcount="3" elementtype="segment" minopitems="0" maxopitems="3" ftitemcount="0" minftitems="0">
        <identifier version="1" name="SBAC-IAB-MATH-IRP-7-SEG2-Calc" uniqueid="(SBAC)SBAC-IAB-MATH-IRP-7-SEG2-Calc-2023-2024"/>
      </bpelement>
      <bpelement maxftitems="0" opitemcount="2" elementtype="contentlevel" minopitems="0" maxopitems="2" parentid="SBAC-1|P|TS02" ftitemcount="0" minftitems="0">
        <identifier version="1" name="1|P|TS02|B-7" uniqueid="SBAC-1|P|TS02|B-7"/>
      </bpelement>
      <bpelement maxftitems="0" opitemcount="1" elementtype="contentlevel" minopitems="0" maxopitems="1" parentid="SBAC-1|P|TS02" ftitemcount="0" minftitems="0">
        <identifier version="1" name="1|P|TS02|C-7" uniqueid="SBAC-1|P|TS02|C-7"/>
      </bpelement>
      <bpelement maxftitems="0" opitemcount="3" elementtype="contentlevel" minopitems="0" maxopitems="3" parentid="SBAC-1|P" ftitemcount="0" minftitems="0">
        <identifier version="1" name="1|P|TS02" uniqueid="SBAC-1|P|TS02"/>
      </bpelement>
      <bpelement maxftitems="0" opitemcount="5" elementtype="contentlevel" minopitems="0" maxopitems="5" parentid="SBAC-1" ftitemcount="0" minftitems="0">
        <identifier version="1" name="1|P" uniqueid="SBAC-1|P"/>
      </bpelement>
      <bpelement maxftitems="0" opitemcount="1" elementtype="contentlevel" minopitems="0" maxopitems="1" parentid="SBAC-1" ftitemcount="0" minftitems="0">
        <identifier version="1" name="1|S" uniqueid="SBAC-1|S"/>
      </bpelement>
      <bpelement maxftitems="0" opitemcount="2" elementtype="contentlevel" minopitems="0" maxopitems="2" parentid="SBAC-1|P" ftitemcount="0" minftitems="0">
        <identifier version="1" name="1|P|TS01" uniqueid="SBAC-1|P|TS01"/>
      </bpelement>
      <bpelement maxftitems="0" opitemcount="1" elementtype="contentlevel" minopitems="0" maxopitems="1" parentid="SBAC-1|S" ftitemcount="0" minftitems="0">
        <identifier version="1" name="1|S|TS04" uniqueid="SBAC-1|S|TS04"/>
      </bpelement>
      <bpelement maxftitems="0" opitemcount="1" elementtype="contentlevel" minopitems="0" maxopitems="1" parentid="SBAC-1|S|TS04" ftitemcount="0" minftitems="0">
        <identifier version="1" name="1|S|TS04|I-7" uniqueid="SBAC-1|S|TS04|I-7"/>
      </bpelement>
      <bpelement maxftitems="0" opitemcount="6" elementtype="strand" minopitems="0" maxopitems="6" ftitemcount="0" minftitems="0">
        <identifier version="1" name="1" uniqueid="SBAC-1"/>
      </bpelement>
      <bpelement maxftitems="0" opitemcount="1" elementtype="contentlevel" minopitems="0" maxopitems="1" parentid="SBAC-1|P|TS01" ftitemcount="0" minftitems="0">
        <identifier version="1" name="1|P|TS01|D-7" uniqueid="SBAC-1|P|TS01|D-7"/>
      </bpelement>
      <bpelement maxftitems="0" opitemcount="1" elementtype="contentlevel" minopitems="0" maxopitems="1" parentid="SBAC-1|P|TS01" ftitemcount="0" minftitems="0">
        <identifier version="1" name="1|P|TS01|A-7" uniqueid="SBAC-1|P|TS01|A-7"/>
      </bpelement>
    </testblueprint>
    <itempool>
      <testitem itemtype="MS" filename="item-200-183300.xml">
        <identifier version="1" uniqueid="200-183300"/>
        <bpref>(SBAC)SBAC-IAB-MATH-IRP-7-SEG1-NoCalc-2023-2024</bpref>
        <bpref>SBAC-1</bpref>
        <bpref>SBAC-1|P</bpref>
        <bpref>SBAC-1|P|TS02</bpref>
        <bpref>SBAC-1|P|TS02|B-7</bpref>
        <poolproperty label="English" value="ENU" property="Language"/>
        <poolproperty label="Braille" value="ENU-Braille" property="Language"/>
        <poolproperty label="Spanish" value="ESN" property="Language"/>
        <poolproperty label="ItemType = MS" value="MS" property="--ITEMTYPE--"/>
        <poolproperty label="Answer Key = D,E" value="D,E" property="Answer Key"/>
        <poolproperty label="ASL = Y" value="Y" property="ASL"/>
        <poolproperty label="Braille = BRF" value="BRF" property="Braille"/>
        <poolproperty label="Depth of Knowledge = 1" value="1" property="Depth of Knowledge"/>
        <poolproperty label="Grade = 7" value="7" property="Grade"/>
        <poolproperty label="Scoring Engine = Automatic with Key(s)" value="Automatic with Key(s)" property="Scoring Engine"/>
        <itemscoredimension measurementmodel="IRT3PLn" weight="1.0" scorepoints="1">
          <itemscoreparameter value="0.8674" measurementparameter="a"/>
          <itemscoreparameter value="2.4111" measurementparameter="b"/>
          <itemscoreparameter value="0.0" measurementparameter="c"/>
        </itemscoredimension>
      </testitem>
      <testitem itemtype="EQ" filename="item-200-183505.xml">
        <identifier version="1" uniqueid="200-183505"/>
        <bpref>(SBAC)SBAC-IAB-MATH-IRP-7-SEG1-NoCalc-2023-2024</bpref>
        <bpref>SBAC-1</bpref>
        <bpref>SBAC-1|P</bpref>
        <bpref>SBAC-1|P|TS02</bpref>
        <bpref>SBAC-1|P|TS02|B-7</bpref>
        <poolproperty label="English" value="ENU" property="Language"/>
        <poolproperty label="Braille" value="ENU-Braille" property="Language"/>
        <poolproperty label="Spanish" value="ESN" property="Language"/>
        <poolproperty label="ItemType = EQ" value="EQ" property="--ITEMTYPE--"/>
        <poolproperty label="Answer Key = EQ" value="EQ" property="Answer Key"/>
        <poolproperty label="ASL = Y" value="Y" property="ASL"/>
        <poolproperty label="Braille = PRN" value="PRN" property="Braille"/>
        <poolproperty label="Depth of Knowledge = 1" value="1" property="Depth of Knowledge"/>
        <poolproperty label="Grade = 7" value="7" property="Grade"/>
        <poolproperty label="Scoring Engine = Automatic with Machine Rubric" value="Automatic with Machine Rubric" property="Scoring Engine"/>
        <itemscoredimension measurementmodel="IRT3PLn" weight="1.0" scorepoints="1">
          <itemscoreparameter value="0.6301" measurementparameter="a"/>
          <itemscoreparameter value="1.5213" measurementparameter="b"/>
          <itemscoreparameter value="0.0" measurementparameter="c"/>
        </itemscoredimension>
      </testitem>
      <testitem itemtype="EQ" filename="item-200-12049.xml">
        <identifier version="1" uniqueid="200-12049"/>
        <bpref>(SBAC)SBAC-IAB-MATH-IRP-7-SEG1-NoCalc-2023-2024</bpref>
        <bpref>SBAC-1</bpref>
        <bpref>SBAC-1|P</bpref>
        <bpref>SBAC-1|P|TS02</bpref>
        <bpref>SBAC-1|P|TS02|C-7</bpref>
        <poolproperty label="English" value="ENU" property="Language"/>
        <poolproperty label="Braille" value="ENU-Braille" property="Language"/>
        <poolproperty label="Spanish" value="ESN" property="Language"/>
        <poolproperty label="ItemType = EQ" value="EQ" property="--ITEMTYPE--"/>
        <poolproperty label="Answer Key = EQ" value="EQ" property="Answer Key"/>
        <poolproperty label="ASL = Y" value="Y" property="ASL"/>
        <poolproperty label="Braille = BRF" value="BRF" property="Braille"/>
        <poolproperty label="Depth of Knowledge = 1" value="1" property="Depth of Knowledge"/>
        <poolproperty label="Grade = 7" value="7" property="Grade"/>
        <poolproperty label="Scoring Engine = Automatic with Machine Rubric" value="Automatic with Machine Rubric" property="Scoring Engine"/>
        <itemscoredimension measurementmodel="IRT3PLn" weight="1.0" scorepoints="1">
          <itemscoreparameter value="0.54806" measurementparameter="a"/>
          <itemscoreparameter value="1.14685" measurementparameter="b"/>
          <itemscoreparameter value="0.0" measurementparameter="c"/>
        </itemscoredimension>
      </testitem>
      <testitem itemtype="GI" filename="item-200-183475.xml">
        <identifier version="1" uniqueid="200-183475"/>
        <bpref>(SBAC)SBAC-IAB-MATH-IRP-7-SEG2-Calc-2023-2024</bpref>
        <bpref>SBAC-1</bpref>
        <bpref>SBAC-1|P</bpref>
        <bpref>SBAC-1|P|TS01</bpref>
        <bpref>SBAC-1|P|TS01|D-7</bpref>
        <poolproperty label="English" value="ENU" property="Language"/>
        <poolproperty label="Spanish" value="ESN" property="Language"/>
        <poolproperty label="ItemType = GI" value="GI" property="--ITEMTYPE--"/>
        <poolproperty label="Answer Key = GI" value="GI" property="Answer Key"/>
        <poolproperty label="ASL = Y" value="Y" property="ASL"/>
        <poolproperty label="Depth of Knowledge = 2" value="2" property="Depth of Knowledge"/>
        <poolproperty label="Grade = 7" value="7" property="Grade"/>
        <poolproperty label="Scoring Engine = Automatic with Machine Rubric" value="Automatic with Machine Rubric" property="Scoring Engine"/>
        <itemscoredimension measurementmodel="IRT3PLn" weight="1.0" scorepoints="1">
          <itemscoreparameter value="0.5394" measurementparameter="a"/>
          <itemscoreparameter value="2.403" measurementparameter="b"/>
          <itemscoreparameter value="0.0" measurementparameter="c"/>
        </itemscoredimension>
      </testitem>
      <testitem itemtype="MI" filename="item-200-183581.xml">
        <identifier version="1" uniqueid="200-183581"/>
        <bpref>(SBAC)SBAC-IAB-MATH-IRP-7-SEG2-Calc-2023-2024</bpref>
        <bpref>SBAC-1</bpref>
        <bpref>SBAC-1|S</bpref>
        <bpref>SBAC-1|S|TS04</bpref>
        <bpref>SBAC-1|S|TS04|I-7</bpref>
        <poolproperty label="English" value="ENU" property="Language"/>
        <poolproperty label="Braille" value="ENU-Braille" property="Language"/>
        <poolproperty label="Spanish" value="ESN" property="Language"/>
        <poolproperty label="ItemType = MI" value="MI" property="--ITEMTYPE--"/>
        <poolproperty label="Answer Key = MI" value="MI" property="Answer Key"/>
        <poolproperty label="ASL = Y" value="Y" property="ASL"/>
        <poolproperty label="Braille = BRF" value="BRF" property="Braille"/>
        <poolproperty label="Depth of Knowledge = 1" value="1" property="Depth of Knowledge"/>
        <poolproperty label="Grade = 7" value="7" property="Grade"/>
        <poolproperty label="Scoring Engine = Automatic with Machine Rubric" value="Automatic with Machine Rubric" property="Scoring Engine"/>
        <itemscoredimension measurementmodel="IRT3PLn" weight="1.0" scorepoints="1">
          <itemscoreparameter value="0.5849" measurementparameter="a"/>
          <itemscoreparameter value="0.0724" measurementparameter="b"/>
          <itemscoreparameter value="0.0" measurementparameter="c"/>
        </itemscoredimension>
      </testitem>
      <testitem itemtype="MI" filename="item-200-183611.xml">
        <identifier version="1" uniqueid="200-183611"/>
        <bpref>(SBAC)SBAC-IAB-MATH-IRP-7-SEG2-Calc-2023-2024</bpref>
        <bpref>SBAC-1</bpref>
        <bpref>SBAC-1|P</bpref>
        <bpref>SBAC-1|P|TS01</bpref>
        <bpref>SBAC-1|P|TS01|A-7</bpref>
        <poolproperty label="English" value="ENU" property="Language"/>
        <poolproperty label="Braille" value="ENU-Braille" property="Language"/>
        <poolproperty label="Spanish" value="ESN" property="Language"/>
        <poolproperty label="ItemType = MI" value="MI" property="--ITEMTYPE--"/>
        <poolproperty label="Answer Key = MI" value="MI" property="Answer Key"/>
        <poolproperty label="ASL = Y" value="Y" property="ASL"/>
        <poolproperty label="Braille = PRN" value="PRN" property="Braille"/>
        <poolproperty label="Depth of Knowledge = 2" value="2" property="Depth of Knowledge"/>
        <poolproperty label="Grade = 7" value="7" property="Grade"/>
        <poolproperty label="Scoring Engine = Automatic with Machine Rubric" value="Automatic with Machine Rubric" property="Scoring Engine"/>
        <itemscoredimension measurementmodel="IRT3PLn" weight="1.0" scorepoints="1">
          <itemscoreparameter value="0.4652" measurementparameter="a"/>
          <itemscoreparameter value="0.4166" measurementparameter="b"/>
          <itemscoreparameter value="0.0" measurementparameter="c"/>
        </itemscoredimension>
      </testitem>
    </itempool>
    <testform length="5">
      <identifier version="1" name="(SBAC)SBAC-IAB-MATH-IRP-7-2023-2024:Default-ENU-Braille" uniqueid="(SBAC)SBAC-IAB-MATH-IRP-7-2023-2024:Default-ENU-Braille"/>
      <property label="Braille" name="Language" value="ENU-Braille"/>
      <formpartition>
        <identifier version="1" name="Grade 7 MATH - IRP Assessment Block NoCalc (IAB)::BRL" uniqueid="200-724258656"/>
        <itemgroup formposition="1" maxresponses="0" maxitems="ALL">
          <identifier version="1" name="200-724258656:I-200-183300" uniqueid="200-724258656:I-200-183300"/>
          <groupitem blockid="A" groupposition="1" isfieldtest="false" responserequired="true" formposition="1" adminrequired="true" itemid="200-183300" isactive="true"/>
        </itemgroup>
        <itemgroup formposition="2" maxresponses="0" maxitems="ALL">
          <identifier version="1" name="200-724258656:I-200-183505" uniqueid="200-724258656:I-200-183505"/>
          <groupitem blockid="A" groupposition="1" isfieldtest="false" responserequired="true" formposition="2" adminrequired="true" itemid="200-183505" isactive="true"/>
        </itemgroup>
        <itemgroup formposition="3" maxresponses="0" maxitems="ALL">
          <identifier version="1" name="200-724258656:I-200-12049" uniqueid="200-724258656:I-200-12049"/>
          <groupitem blockid="A" groupposition="1" isfieldtest="false" responserequired="true" formposition="3" adminrequired="true" itemid="200-12049" isactive="true"/>
        </itemgroup>
      </formpartition>
      <formpartition>
        <identifier version="1" name="Grade 7 MATH - IRP Assessment Block Calc (IAB)::BRL" uniqueid="200-1051675553"/>
        <itemgroup formposition="1" maxresponses="0" maxitems="ALL">
          <identifier version="1" name="200-1051675553:I-200-183581" uniqueid="200-1051675553:I-200-183581"/>
          <groupitem blockid="A" groupposition="1" isfieldtest="false" responserequired="true" formposition="1" adminrequired="true" itemid="200-183581" isactive="true"/>
        </itemgroup>
        <itemgroup formposition="2" maxresponses="0" maxitems="ALL">
          <identifier version="1" name="200-1051675553:I-200-183611" uniqueid="200-1051675553:I-200-183611"/>
          <groupitem blockid="A" groupposition="1" isfieldtest="false" responserequired="true" formposition="2" adminrequired="true" itemid="200-183611" isactive="true"/>
        </itemgroup>
      </formpartition>
    </testform>
    <testform length="6">
      <identifier version="1" name="(SBAC)SBAC-IAB-MATH-IRP-7-2023-2024:Default-ESN" uniqueid="(SBAC)SBAC-IAB-MATH-IRP-7-2023-2024:Default-ESN"/>
      <property label="Spanish" name="Language" value="ESN"/>
      <formpartition>
        <identifier version="1" name="Grade 7 MATH - IRP Assessment Block NoCalc (IAB)::SPA" uniqueid="200-724274920"/>
        <itemgroup formposition="1" maxresponses="0" maxitems="ALL">
          <identifier version="1" name="200-724274920:I-200-183300" uniqueid="200-724274920:I-200-183300"/>
          <groupitem blockid="A" groupposition="1" isfieldtest="false" responserequired="true" formposition="1" adminrequired="true" itemid="200-183300" isactive="true"/>
        </itemgroup>
        <itemgroup formposition="2" maxresponses="0" maxitems="ALL">
          <identifier version="1" name="200-724274920:I-200-183505" uniqueid="200-724274920:I-200-183505"/>
          <groupitem blockid="A" groupposition="1" isfieldtest="false" responserequired="true" formposition="2" adminrequired="true" itemid="200-183505" isactive="true"/>
        </itemgroup>
        <itemgroup formposition="3" maxresponses="0" maxitems="ALL">
          <identifier version="1" name="200-724274920:I-200-12049" uniqueid="200-724274920:I-200-12049"/>
          <groupitem blockid="A" groupposition="1" isfieldtest="false" responserequired="true" formposition="3" adminrequired="true" itemid="200-12049" isactive="true"/>
        </itemgroup>
      </formpartition>
      <formpartition>
        <identifier version="1" name="Grade 7 MATH - IRP Assessment Block Calc (IAB)::SPA" uniqueid="200-1051691817"/>
        <itemgroup formposition="1" maxresponses="0" maxitems="ALL">
          <identifier version="1" name="200-1051691817:I-200-183475" uniqueid="200-1051691817:I-200-183475"/>
          <groupitem blockid="A" groupposition="1" isfieldtest="false" responserequired="true" formposition="1" adminrequired="true" itemid="200-183475" isactive="true"/>
        </itemgroup>
        <itemgroup formposition="2" maxresponses="0" maxitems="ALL">
          <identifier version="1" name="200-1051691817:I-200-183581" uniqueid="200-1051691817:I-200-183581"/>
          <groupitem blockid="A" groupposition="1" isfieldtest="false" responserequired="true" formposition="2" adminrequired="true" itemid="200-183581" isactive="true"/>
        </itemgroup>
        <itemgroup formposition="3" maxresponses="0" maxitems="ALL">
          <identifier version="1" name="200-1051691817:I-200-183611" uniqueid="200-1051691817:I-200-183611"/>
          <groupitem blockid="A" groupposition="1" isfieldtest="false" responserequired="true" formposition="3" adminrequired="true" itemid="200-183611" isactive="true"/>
        </itemgroup>
      </formpartition>
    </testform>
    <testform length="6">
      <identifier version="1" name="(SBAC)SBAC-IAB-MATH-IRP-7-2023-2024:Default-ENU" uniqueid="(SBAC)SBAC-IAB-MATH-IRP-7-2023-2024:Default-ENU"/>
      <property label="English" name="Language" value="ENU"/>
      <formpartition>
        <identifier version="1" name="Grade 7 MATH - IRP Assessment Block NoCalc (IAB)::ENU" uniqueid="200-724261424"/>
        <itemgroup formposition="1" maxresponses="0" maxitems="ALL">
          <identifier version="1" name="200-724261424:I-200-183300" uniqueid="200-724261424:I-200-183300"/>
          <groupitem blockid="A" groupposition="1" isfieldtest="false" responserequired="true" formposition="1" adminrequired="true" itemid="200-183300" isactive="true"/>
        </itemgroup>
        <itemgroup formposition="2" maxresponses="0" maxitems="ALL">
          <identifier version="1" name="200-724261424:I-200-183505" uniqueid="200-724261424:I-200-183505"/>
          <groupitem blockid="A" groupposition="1" isfieldtest="false" responserequired="true" formposition="2" adminrequired="true" itemid="200-183505" isactive="true"/>
        </itemgroup>
        <itemgroup formposition="3" maxresponses="0" maxitems="ALL">
          <identifier version="1" name="200-724261424:I-200-12049" uniqueid="200-724261424:I-200-12049"/>
          <groupitem blockid="A" groupposition="1" isfieldtest="false" responserequired="true" formposition="3" adminrequired="true" itemid="200-12049" isactive="true"/>
        </itemgroup>
      </formpartition>
      <formpartition>
        <identifier version="1" name="Grade 7 MATH - IRP Assessment Block Calc (IAB)::ENU" uniqueid="200-1051678321"/>
        <itemgroup formposition="1" maxresponses="0" maxitems="ALL">
          <identifier version="1" name="200-1051678321:I-200-183475" uniqueid="200-1051678321:I-200-183475"/>
          <groupitem blockid="A" groupposition="1" isfieldtest="false" responserequired="true" formposition="1" adminrequired="true" itemid="200-183475" isactive="true"/>
        </itemgroup>
        <itemgroup formposition="2" maxresponses="0" maxitems="ALL">
          <identifier version="1" name="200-1051678321:I-200-183581" uniqueid="200-1051678321:I-200-183581"/>
          <groupitem blockid="A" groupposition="1" isfieldtest="false" responserequired="true" formposition="2" adminrequired="true" itemid="200-183581" isactive="true"/>
        </itemgroup>
        <itemgroup formposition="3" maxresponses="0" maxitems="ALL">
          <identifier version="1" name="200-1051678321:I-200-183611" uniqueid="200-1051678321:I-200-183611"/>
          <groupitem blockid="A" groupposition="1" isfieldtest="false" responserequired="true" formposition="3" adminrequired="true" itemid="200-183611" isactive="true"/>
        </itemgroup>
      </formpartition>
    </testform>
    <performancelevels>
      <performancelevel bpelementid="(SBAC)SBAC-IAB-MATH-IRP-7-2023-2024" scaledhi="2484.0" scaledlo="2250.0" plevel="1"/>
      <performancelevel bpelementid="(SBAC)SBAC-IAB-MATH-IRP-7-2023-2024" scaledhi="2567.0" scaledlo="2484.0" plevel="2"/>
      <performancelevel bpelementid="(SBAC)SBAC-IAB-MATH-IRP-7-2023-2024" scaledhi="2635.0" scaledlo="2567.0" plevel="3"/>
      <performancelevel bpelementid="(SBAC)SBAC-IAB-MATH-IRP-7-2023-2024" scaledhi="2778.0" scaledlo="2635.0" plevel="4"/>
    </performancelevels>
    <scoringrules>
      <computationrule bpelementid="(SBAC)SBAC-IAB-MATH-IRP-7-2023-2024" computationorder="10">
        <identifier version="1" label="Attempted" name="SBACIABAttemptedness" uniqueid="41002d6d-e26e-424a-8db4-abfb5d3b6fad"/>
      </computationrule>
      <computationrule bpelementid="(SBAC)SBAC-IAB-MATH-IRP-7-2023-2024" computationorder="20">
        <identifier version="1" label="ThetaScore" name="SBACTheta" uniqueid="47b7be4b-4347-45fc-934e-ca0dc0495d02"/>
        <computationruleparameter position="1" parametertype="double">
          <identifier version="1" name="LOT" uniqueid="7c59ffe2-0fe9-4af2-bff6-480d271f9919"/>
          <computationruleparametervalue value="-3.342"/>
        </computationruleparameter>
        <computationruleparameter position="2" parametertype="double">
          <identifier version="1" name="HOT" uniqueid="1a8ff4e4-1ae7-4bf2-a4bb-9d846759b42a"/>
          <computationruleparametervalue value="3.3238"/>
        </computationruleparameter>
        <computationruleparameter position="3" parametertype="double">
          <identifier version="1" name="seLimit" uniqueid="29fcf947-70c1-4450-93ac-ec8637637cf9"/>
          <computationruleparametervalue value="2.5"/>
        </computationruleparameter>
      </computationrule>
      <computationrule bpelementid="(SBAC)SBAC-IAB-MATH-IRP-7-2023-2024" computationorder="30">
        <identifier version="1" label="ScaleScore" name="ScaleScore" uniqueid="e5136da9-16c6-4bef-8d3c-2352e7446e8c"/>
      </computationrule>
      <computationrule bpelementid="(SBAC)SBAC-IAB-MATH-IRP-7-2023-2024" computationorder="40">
        <identifier version="1" label="PerformanceLevel" name="SEBasedPLWithRounding" uniqueid="98aa9415-33a4-42c7-b461-046752a53eba"/>
        <computationruleparameter position="1" parametertype="double">
          <identifier version="1" name="seMultiple" uniqueid="ccf527d6-b880-49b2-9f87-7bb7123581a7"/>
          <computationruleparametervalue value="1.5"/>
        </computationruleparameter>
        <computationruleparameter position="2" parametertype="int">
          <identifier version="1" name="proficientPerformanceLevel" uniqueid="68149490-7667-4d68-926c-ecd38c066d97"/>
          <computationruleparametervalue value="3"/>
        </computationruleparameter>
        <computationruleparameter position="3" parametertype="double">
          <identifier version="1" name="LOT" uniqueid="3a0afdcf-9688-48d5-b03f-e17643651730"/>
          <computationruleparametervalue value="-3.342"/>
        </computationruleparameter>
        <computationruleparameter position="4" parametertype="double">
          <identifier version="1" name="HOT" uniqueid="ff68d68a-305e-49dd-beea-a108c7e39655"/>
          <computationruleparametervalue value="3.3238"/>
        </computationruleparameter>
      </computationrule>
      <computationrule bpelementid="(SBAC)SBAC-IAB-MATH-IRP-7-2023-2024" computationorder="50">
        <identifier version="1" label="AccommodationCodes" name="SBACAccommodationUseCodes" uniqueid="e83d7b5c-6754-459a-9540-2cf6b9af60c1"/>
        <computationruleparameter position="1" parametertype="string">
          <identifier version="1" name="accomNoCodes" uniqueid="77b472f9-83a6-47ce-a8cb-5195d4cb2b0b"/>
          <property name="indextype" value="string"/>
          <computationruleparametervalue index="Print Size" value="TDS_PS_L0"/>
        </computationruleparameter>
      </computationrule>
    </scoringrules>
  </scoring>
</testspecification>
