<testspecification version="1" purpose="scoring" publishdate="Mar 27 2020 12:13AM" publisher="SBAC">
  <identifier version="1" label="SBAC-IAB-ELA-IRP-4" name="SBAC-IAB-ELA-IRP-4" uniqueid="(SBAC)SBAC-IAB-ELA-IRP-4-2023-2024"/>
  <property label="ELA" name="subject" value="ELA"/>
  <property label="interim" name="type" value="interim"/>
  <property label="4" name="grade" value="4"/>
  <scoring>
    <testblueprint>
      <bpelement maxftitems="0" opitemcount="5" elementtype="test" minopitems="0" maxopitems="5" ftitemcount="0" minftitems="0">
        <identifier version="1" name="SBAC-IAB-ELA-IRP-4" uniqueid="(SBAC)SBAC-IAB-ELA-IRP-4-2023-2024"/>
      </bpelement>
      <bpelement maxftitems="0" opitemcount="5" elementtype="segment" minopitems="0" maxopitems="5" ftitemcount="0" minftitems="0">
        <identifier version="1" name="SBAC-IAB-ELA-IRP-4" uniqueid="(SBAC)SBAC-IAB-ELA-IRP-4-2023-2024"/>
      </bpelement>
      <bpelement maxftitems="0" opitemcount="4" elementtype="strand" minopitems="0" maxopitems="4" ftitemcount="0" minftitems="0">
        <identifier version="1" name="1-IT" uniqueid="SBAC-1-IT"/>
      </bpelement>
      <bpelement maxftitems="0" opitemcount="2" elementtype="contentlevel" minopitems="0" maxopitems="2" parentid="SBAC-1-IT|9-4" ftitemcount="0" minftitems="0">
        <identifier version="1" name="1-IT|9-4|4.RI.2" uniqueid="SBAC-1-IT|9-4|4.RI.2"/>
      </bpelement>
      <bpelement maxftitems="0" opitemcount="1" elementtype="strand" minopitems="0" maxopitems="1" ftitemcount="0" minftitems="0">
        <identifier version="1" name="1-LT" uniqueid="SBAC-1-LT"/>
      </bpelement>
      <bpelement maxftitems="0" opitemcount="1" elementtype="contentlevel" minopitems="0" maxopitems="1" parentid="SBAC-1-LT|4-4" ftitemcount="0" minftitems="0">
        <identifier version="1" name="1-LT|4-4|4.RL.3" uniqueid="SBAC-1-LT|4-4|4.RL.3"/>
      </bpelement>
      <bpelement maxftitems="0" opitemcount="1" elementtype="contentlevel" minopitems="0" maxopitems="1" parentid="SBAC-1-IT" ftitemcount="0" minftitems="0">
        <identifier version="1" name="1-IT|8-4" uniqueid="SBAC-1-IT|8-4"/>
      </bpelement>
      <bpelement maxftitems="0" opitemcount="2" elementtype="contentlevel" minopitems="0" maxopitems="2" parentid="SBAC-1-IT" ftitemcount="0" minftitems="0">
        <identifier version="1" name="1-IT|9-4" uniqueid="SBAC-1-IT|9-4"/>
      </bpelement>
      <bpelement maxftitems="0" opitemcount="1" elementtype="contentlevel" minopitems="0" maxopitems="1" parentid="SBAC-1-IT|8-4" ftitemcount="0" minftitems="0">
        <identifier version="1" name="1-IT|8-4|4.RI.1" uniqueid="SBAC-1-IT|8-4|4.RI.1"/>
      </bpelement>
      <bpelement maxftitems="0" opitemcount="1" elementtype="contentlevel" minopitems="0" maxopitems="1" parentid="SBAC-1-LT" ftitemcount="0" minftitems="0">
        <identifier version="1" name="1-LT|4-4" uniqueid="SBAC-1-LT|4-4"/>
      </bpelement>
      <bpelement maxftitems="0" opitemcount="1" elementtype="contentlevel" minopitems="0" maxopitems="1" parentid="SBAC-1-IT" ftitemcount="0" minftitems="0">
        <identifier version="1" name="1-IT|10-4" uniqueid="SBAC-1-IT|10-4"/>
      </bpelement>
      <bpelement maxftitems="0" opitemcount="1" elementtype="contentlevel" minopitems="0" maxopitems="1" parentid="SBAC-1-IT|10-4" ftitemcount="0" minftitems="0">
        <identifier version="1" name="1-IT|10-4|4.RI.4" uniqueid="SBAC-1-IT|10-4|4.RI.4"/>
      </bpelement>
    </testblueprint>
    <itempool>
      <passage filename="stim-200-193775.xml">
        <identifier version="1" uniqueid="200-193775"/>
      </passage>
      <passage filename="stim-200-193779.xml">
        <identifier version="1" uniqueid="200-193779"/>
      </passage>
      <testitem itemtype="HTQ" filename="item-200-182851.xml">
        <identifier version="1" uniqueid="200-182851"/>
        <bpref>(SBAC)SBAC-IAB-ELA-IRP-4-2023-2024</bpref>
        <bpref>SBAC-1-IT</bpref>
        <bpref>SBAC-1-IT|8-4</bpref>
        <bpref>SBAC-1-IT|8-4|4.RI.1</bpref>
        <passageref>200-193775</passageref>
        <poolproperty label="English" value="ENU" property="Language"/>
        <poolproperty label="Braille" value="ENU-Braille" property="Language"/>
        <poolproperty label="ItemType = HTQ" value="HTQ" property="--ITEMTYPE--"/>
        <poolproperty label="Answer Key = HTQ" value="HTQ" property="Answer Key"/>
        <poolproperty label="ASL = N" value="N" property="ASL"/>
        <poolproperty label="Braille = BRF" value="BRF" property="Braille"/>
        <poolproperty label="Depth of Knowledge = 2" value="2" property="Depth of Knowledge"/>
        <poolproperty label="Grade = 4" value="4" property="Grade"/>
        <poolproperty label="Scoring Engine = Automatic with Machine Rubric" value="Automatic with Machine Rubric" property="Scoring Engine"/>
        <itemscoredimension measurementmodel="IRT3PLn" weight="1.0" scorepoints="1">
          <itemscoreparameter value="0.79647" measurementparameter="a"/>
          <itemscoreparameter value="0.83865" measurementparameter="b"/>
          <itemscoreparameter value="0.0" measurementparameter="c"/>
        </itemscoredimension>
      </testitem>
      <testitem itemtype="MS" filename="item-200-182852.xml">
        <identifier version="1" uniqueid="200-182852"/>
        <bpref>(SBAC)SBAC-IAB-ELA-IRP-4-2023-2024</bpref>
        <bpref>SBAC-1-IT</bpref>
        <bpref>SBAC-1-IT|9-4</bpref>
        <bpref>SBAC-1-IT|9-4|4.RI.2</bpref>
        <passageref>200-193775</passageref>
        <poolproperty label="English" value="ENU" property="Language"/>
        <poolproperty label="Braille" value="ENU-Braille" property="Language"/>
        <poolproperty label="ItemType = MS" value="MS" property="--ITEMTYPE--"/>
        <poolproperty label="Answer Key = D,F" value="D,F" property="Answer Key"/>
        <poolproperty label="ASL = N" value="N" property="ASL"/>
        <poolproperty label="Braille = BRF" value="BRF" property="Braille"/>
        <poolproperty label="Depth of Knowledge = 2" value="2" property="Depth of Knowledge"/>
        <poolproperty label="Grade = 4" value="4" property="Grade"/>
        <poolproperty label="Scoring Engine = Automatic with Key(s)" value="Automatic with Key(s)" property="Scoring Engine"/>
        <itemscoredimension measurementmodel="IRT3PLn" weight="1.0" scorepoints="1">
          <itemscoreparameter value="0.50207" measurementparameter="a"/>
          <itemscoreparameter value="2.37178" measurementparameter="b"/>
          <itemscoreparameter value="0.0" measurementparameter="c"/>
        </itemscoredimension>
      </testitem>
      <testitem itemtype="HTQ" filename="item-200-182854.xml">
        <identifier version="1" uniqueid="200-182854"/>
        <bpref>(SBAC)SBAC-IAB-ELA-IRP-4-2023-2024</bpref>
        <bpref>SBAC-1-IT</bpref>
        <bpref>SBAC-1-IT|9-4</bpref>
        <bpref>SBAC-1-IT|9-4|4.RI.2</bpref>
        <passageref>200-193775</passageref>
        <poolproperty label="English" value="ENU" property="Language"/>
        <poolproperty label="Braille" value="ENU-Braille" property="Language"/>
        <poolproperty label="ItemType = HTQ" value="HTQ" property="--ITEMTYPE--"/>
        <poolproperty label="Answer Key = HTQ" value="HTQ" property="Answer Key"/>
        <poolproperty label="ASL = N" value="N" property="ASL"/>
        <poolproperty label="Braille = BRF" value="BRF" property="Braille"/>
        <poolproperty label="Depth of Knowledge = 2" value="2" property="Depth of Knowledge"/>
        <poolproperty label="Grade = 4" value="4" property="Grade"/>
        <poolproperty label="Scoring Engine = Automatic with Machine Rubric" value="Automatic with Machine Rubric" property="Scoring Engine"/>
        <itemscoredimension measurementmodel="IRT3PLn" weight="1.0" scorepoints="1">
          <itemscoreparameter value="0.61973" measurementparameter="a"/>
          <itemscoreparameter value="1.56784" measurementparameter="b"/>
          <itemscoreparameter value="0.0" measurementparameter="c"/>
        </itemscoredimension>
      </testitem>
      <testitem itemtype="MC" filename="item-200-182856.xml">
        <identifier version="1" uniqueid="200-182856"/>
        <bpref>(SBAC)SBAC-IAB-ELA-IRP-4-2023-2024</bpref>
        <bpref>SBAC-1-IT</bpref>
        <bpref>SBAC-1-IT|10-4</bpref>
        <bpref>SBAC-1-IT|10-4|4.RI.4</bpref>
        <passageref>200-193775</passageref>
        <poolproperty label="English" value="ENU" property="Language"/>
        <poolproperty label="Braille" value="ENU-Braille" property="Language"/>
        <poolproperty label="ItemType = MC" value="MC" property="--ITEMTYPE--"/>
        <poolproperty label="Answer Key = D" value="D" property="Answer Key"/>
        <poolproperty label="ASL = N" value="N" property="ASL"/>
        <poolproperty label="Braille = BRF" value="BRF" property="Braille"/>
        <poolproperty label="Depth of Knowledge = 2" value="2" property="Depth of Knowledge"/>
        <poolproperty label="Grade = 4" value="4" property="Grade"/>
        <poolproperty label="Scoring Engine = Automatic with Key" value="Automatic with Key" property="Scoring Engine"/>
        <itemscoredimension measurementmodel="IRT3PLn" weight="1.0" scorepoints="1">
          <itemscoreparameter value="0.8129" measurementparameter="a"/>
          <itemscoreparameter value="-1.17706" measurementparameter="b"/>
          <itemscoreparameter value="0.0" measurementparameter="c"/>
        </itemscoredimension>
      </testitem>
      <testitem itemtype="EBSR" filename="item-200-182899.xml">
        <identifier version="1" uniqueid="200-182899"/>
        <bpref>(SBAC)SBAC-IAB-ELA-IRP-4-2023-2024</bpref>
        <bpref>SBAC-1-LT</bpref>
        <bpref>SBAC-1-LT|4-4</bpref>
        <bpref>SBAC-1-LT|4-4|4.RL.3</bpref>
        <passageref>200-193779</passageref>
        <poolproperty label="English" value="ENU" property="Language"/>
        <poolproperty label="Braille" value="ENU-Braille" property="Language"/>
        <poolproperty label="ItemType = EBSR" value="EBSR" property="--ITEMTYPE--"/>
        <poolproperty label="Answer Key = D" value="D" property="Answer Key"/>
        <poolproperty label="Answer Key (Part II) = B" value="B" property="Answer Key (Part II)"/>
        <poolproperty label="ASL = N" value="N" property="ASL"/>
        <poolproperty label="Braille = BRF" value="BRF" property="Braille"/>
        <poolproperty label="Depth of Knowledge = 3" value="3" property="Depth of Knowledge"/>
        <poolproperty label="Grade = 4" value="4" property="Grade"/>
        <poolproperty label="Scoring Engine = Automatic with Key(s)" value="Automatic with Key(s)" property="Scoring Engine"/>
        <itemscoredimension measurementmodel="IRT3PLn" weight="1.0" scorepoints="1">
          <itemscoreparameter value="0.6651" measurementparameter="a"/>
          <itemscoreparameter value="-0.25892" measurementparameter="b"/>
          <itemscoreparameter value="0.0" measurementparameter="c"/>
        </itemscoredimension>
      </testitem>
    </itempool>
    <testform length="5">
      <identifier version="1" name="(SBAC)SBAC-IAB-ELA-IRP-4-2023-2024:Default-ENU" uniqueid="(SBAC)SBAC-IAB-ELA-IRP-4-2023-2024:Default-ENU"/>
      <property label="English" name="Language" value="ENU"/>
      <formpartition>
        <identifier version="1" name="Grade 4 ELA - IRP Assessment Block (IAB)::ENU" uniqueid="200-1117044529"/>
        <itemgroup formposition="1" maxresponses="ALL" maxitems="ALL">
          <identifier version="1" name="200-1117044529:G-200-193775-0" uniqueid="200-1117044529:G-200-193775-0"/>
          <passageref>200-193775</passageref>
          <groupitem blockid="A" groupposition="1" isfieldtest="false" responserequired="true" formposition="1" adminrequired="true" itemid="200-182851" isactive="true"/>
          <groupitem blockid="A" groupposition="2" isfieldtest="false" responserequired="true" formposition="2" adminrequired="true" itemid="200-182852" isactive="true"/>
          <groupitem blockid="A" groupposition="3" isfieldtest="false" responserequired="true" formposition="3" adminrequired="true" itemid="200-182854" isactive="true"/>
          <groupitem blockid="A" groupposition="4" isfieldtest="false" responserequired="true" formposition="4" adminrequired="true" itemid="200-182856" isactive="true"/>
        </itemgroup>
        <itemgroup formposition="2" maxresponses="0" maxitems="ALL">
          <identifier version="1" name="200-1117044529:G-200-193779-0" uniqueid="200-1117044529:G-200-193779-0"/>
          <passageref>200-193779</passageref>
          <groupitem blockid="A" groupposition="1" isfieldtest="false" responserequired="true" formposition="5" adminrequired="true" itemid="200-182899" isactive="true"/>
        </itemgroup>
      </formpartition>
    </testform>
    <testform length="5">
      <identifier version="1" name="(SBAC)SBAC-IAB-ELA-IRP-4-2023-2024:Default-ENU-Braille" uniqueid="(SBAC)SBAC-IAB-ELA-IRP-4-2023-2024:Default-ENU-Braille"/>
      <property label="Braille" name="Language" value="ENU-Braille"/>
      <formpartition>
        <identifier version="1" name="Grade 4 ELA - IRP Assessment Block (IAB)::BRL" uniqueid="200-1117047297"/>
        <itemgroup formposition="1" maxresponses="ALL" maxitems="ALL">
          <identifier version="1" name="200-1117047297:G-200-193775-0" uniqueid="200-1117047297:G-200-193775-0"/>
          <passageref>200-193775</passageref>
          <groupitem blockid="A" groupposition="1" isfieldtest="false" responserequired="true" formposition="1" adminrequired="true" itemid="200-182851" isactive="true"/>
          <groupitem blockid="A" groupposition="2" isfieldtest="false" responserequired="true" formposition="2" adminrequired="true" itemid="200-182852" isactive="true"/>
          <groupitem blockid="A" groupposition="3" isfieldtest="false" responserequired="true" formposition="3" adminrequired="true" itemid="200-182854" isactive="true"/>
          <groupitem blockid="A" groupposition="4" isfieldtest="false" responserequired="true" formposition="4" adminrequired="true" itemid="200-182856" isactive="true"/>
        </itemgroup>
        <itemgroup formposition="2" maxresponses="0" maxitems="ALL">
          <identifier version="1" name="200-1117047297:G-200-193779-0" uniqueid="200-1117047297:G-200-193779-0"/>
          <passageref>200-193779</passageref>
          <groupitem blockid="A" groupposition="1" isfieldtest="false" responserequired="true" formposition="5" adminrequired="true" itemid="200-182899" isactive="true"/>
        </itemgroup>
      </formpartition>
    </testform>
    <performancelevels>
      <performancelevel bpelementid="(SBAC)SBAC-IAB-ELA-IRP-4-2023-2024" scaledhi="2416.0" scaledlo="2131.0" plevel="1"/>
      <performancelevel bpelementid="(SBAC)SBAC-IAB-ELA-IRP-4-2023-2024" scaledhi="2473.0" scaledlo="2416.0" plevel="2"/>
      <performancelevel bpelementid="(SBAC)SBAC-IAB-ELA-IRP-4-2023-2024" scaledhi="2533.0" scaledlo="2473.0" plevel="3"/>
      <performancelevel bpelementid="(SBAC)SBAC-IAB-ELA-IRP-4-2023-2024" scaledhi="2663.0" scaledlo="2533.0" plevel="4"/>
    </performancelevels>
    <scoringrules>
      <computationrule bpelementid="(SBAC)SBAC-IAB-ELA-IRP-4-2023-2024" computationorder="10">
        <identifier version="1" label="Attempted" name="SBACIABAttemptedness" uniqueid="df6a3a2c-4fce-4b17-a693-c4c84fdb2035"/>
      </computationrule>
      <computationrule bpelementid="(SBAC)SBAC-IAB-ELA-IRP-4-2023-2024" computationorder="20">
        <identifier version="1" label="ThetaScore" name="SBACTheta" uniqueid="6ee104b5-1bb9-41a9-a329-886914f4ed7c"/>
        <computationruleparameter position="1" parametertype="double">
          <identifier version="1" name="LOT" uniqueid="cb3c31be-3435-45f2-ae6f-d928f3cf492a"/>
          <computationruleparametervalue value="-4.3962"/>
        </computationruleparameter>
        <computationruleparameter position="2" parametertype="double">
          <identifier version="1" name="HOT" uniqueid="d29cf925-8252-4135-a462-e55449333238"/>
          <computationruleparametervalue value="1.8014"/>
        </computationruleparameter>
        <computationruleparameter position="3" parametertype="double">
          <identifier version="1" name="seLimit" uniqueid="48304414-eda7-45a3-98e7-7e2ae6d7a8b8"/>
          <computationruleparametervalue value="2.5"/>
        </computationruleparameter>
      </computationrule>
      <computationrule bpelementid="(SBAC)SBAC-IAB-ELA-IRP-4-2023-2024" computationorder="30">
        <identifier version="1" label="ScaleScore" name="ScaleScore" uniqueid="6ed1e4c0-26be-499c-b91b-1d33a929a37a"/>
      </computationrule>
      <computationrule bpelementid="(SBAC)SBAC-IAB-ELA-IRP-4-2023-2024" computationorder="40">
        <identifier version="1" label="PerformanceLevel" name="SEBasedPLWithRounding" uniqueid="9b0b51a2-8a29-42d5-9dc7-27c27fd8eaca"/>
        <computationruleparameter position="1" parametertype="double">
          <identifier version="1" name="seMultiple" uniqueid="c3121e2a-3a8f-4423-b55a-4d9a17c308e9"/>
          <computationruleparametervalue value="1.5"/>
        </computationruleparameter>
        <computationruleparameter position="2" parametertype="int">
          <identifier version="1" name="proficientPerformanceLevel" uniqueid="3d6f3f8c-d428-44dd-97c0-e84f887f95e3"/>
          <computationruleparametervalue value="3"/>
        </computationruleparameter>
        <computationruleparameter position="3" parametertype="double">
          <identifier version="1" name="LOT" uniqueid="93a8160f-47ce-4aed-b977-b95ea3ad7216"/>
          <computationruleparametervalue value="-4.3962"/>
        </computationruleparameter>
        <computationruleparameter position="4" parametertype="double">
          <identifier version="1" name="HOT" uniqueid="e09c172a-858e-456a-934e-3323e064e01c"/>
          <computationruleparametervalue value="1.8014"/>
        </computationruleparameter>
      </computationrule>
      <computationrule bpelementid="(SBAC)SBAC-IAB-ELA-IRP-4-2023-2024" computationorder="50">
        <identifier version="1" label="AccommodationCodes" name="SBACAccommodationUseCodes" uniqueid="0f7291ee-95bf-41ab-8c6b-8d358a5c2dfe"/>
        <computationruleparameter position="1" parametertype="string">
          <identifier version="1" name="accomNoCodes" uniqueid="a40ecadf-d6ef-468d-8fba-f6736a31312b"/>
          <property name="indextype" value="string"/>
          <computationruleparametervalue index="Print Size" value="TDS_PS_L0"/>
        </computationruleparameter>
      </computationrule>
    </scoringrules>
  </scoring>
</testspecification>
