<testspecification version="1" purpose="scoring" publishdate="Mar 27 2020 12:14AM" publisher="SBAC">
  <identifier version="3" label="SBAC-IAB-MATH-Perf-IRP-7" name="SBAC-IAB-MATH-Perf-IRP-7" uniqueid="(SBAC)SBAC-IAB-MATH-Perf-IRP-7-2020-2021"/>
  <property label="MATH" name="subject" value="MATH"/>
  <property label="interim" name="type" value="interim"/>
  <property label="7" name="grade" value="7"/>
  <scoring>
    <testblueprint>
      <bpelement maxftitems="0" opitemcount="5" elementtype="test" minopitems="0" maxopitems="5" ftitemcount="0" minftitems="0">
        <identifier version="3" name="SBAC-IAB-MATH-Perf-IRP-7" uniqueid="(SBAC)SBAC-IAB-MATH-Perf-IRP-7-2020-2021"/>
      </bpelement>
      <bpelement maxftitems="0" opitemcount="5" elementtype="segment" minopitems="0" maxopitems="5" ftitemcount="0" minftitems="0">
        <identifier version="3" name="SBAC-IAB-MATH-Perf-IRP-7" uniqueid="(SBAC)SBAC-IAB-MATH-Perf-IRP-7-2020-2021"/>
      </bpelement>
      <bpelement maxftitems="0" opitemcount="1" elementtype="contentlevel" minopitems="0" maxopitems="1" parentid="SBAC-2|SP" ftitemcount="0" minftitems="0">
        <identifier version="3" name="2|SP|NA" uniqueid="SBAC-2|SP|NA"/>
      </bpelement>
      <bpelement maxftitems="0" opitemcount="1" elementtype="contentlevel" minopitems="0" maxopitems="1" parentid="SBAC-2|SP|NA" ftitemcount="0" minftitems="0">
        <identifier version="3" name="2|SP|NA|A-7" uniqueid="SBAC-2|SP|NA|A-7"/>
      </bpelement>
      <bpelement maxftitems="0" opitemcount="2" elementtype="contentlevel" minopitems="0" maxopitems="2" parentid="SBAC-4|G" ftitemcount="0" minftitems="0">
        <identifier version="3" name="4|G|NA" uniqueid="SBAC-4|G|NA"/>
      </bpelement>
      <bpelement maxftitems="0" opitemcount="1" elementtype="contentlevel" minopitems="0" maxopitems="1" parentid="SBAC-3|SP|NA" ftitemcount="0" minftitems="0">
        <identifier version="3" name="3|SP|NA|A-7" uniqueid="SBAC-3|SP|NA|A-7"/>
      </bpelement>
      <bpelement maxftitems="0" opitemcount="1" elementtype="contentlevel" minopitems="0" maxopitems="1" parentid="SBAC-3|SP" ftitemcount="0" minftitems="0">
        <identifier version="3" name="3|SP|NA" uniqueid="SBAC-3|SP|NA"/>
      </bpelement>
      <bpelement maxftitems="0" opitemcount="2" elementtype="contentlevel" minopitems="0" maxopitems="2" parentid="SBAC-4|G|NA" ftitemcount="0" minftitems="0">
        <identifier version="3" name="4|G|NA|A-7" uniqueid="SBAC-4|G|NA|A-7"/>
      </bpelement>
      <bpelement maxftitems="0" opitemcount="2" elementtype="strand" minopitems="0" maxopitems="2" ftitemcount="0" minftitems="0">
        <identifier version="3" name="2" uniqueid="SBAC-2"/>
      </bpelement>
      <bpelement maxftitems="0" opitemcount="1" elementtype="strand" minopitems="0" maxopitems="1" ftitemcount="0" minftitems="0">
        <identifier version="3" name="3" uniqueid="SBAC-3"/>
      </bpelement>
      <bpelement maxftitems="0" opitemcount="2" elementtype="strand" minopitems="0" maxopitems="2" ftitemcount="0" minftitems="0">
        <identifier version="3" name="4" uniqueid="SBAC-4"/>
      </bpelement>
      <bpelement maxftitems="0" opitemcount="1" elementtype="contentlevel" minopitems="0" maxopitems="1" parentid="SBAC-2|G" ftitemcount="0" minftitems="0">
        <identifier version="3" name="2|G|NA" uniqueid="SBAC-2|G|NA"/>
      </bpelement>
      <bpelement maxftitems="0" opitemcount="1" elementtype="contentlevel" minopitems="0" maxopitems="1" parentid="SBAC-2|G|NA" ftitemcount="0" minftitems="0">
        <identifier version="3" name="2|G|NA|A-7" uniqueid="SBAC-2|G|NA|A-7"/>
      </bpelement>
      <bpelement maxftitems="0" opitemcount="1" elementtype="contentlevel" minopitems="0" maxopitems="1" parentid="SBAC-2" ftitemcount="0" minftitems="0">
        <identifier version="3" name="2|G" uniqueid="SBAC-2|G"/>
      </bpelement>
      <bpelement maxftitems="0" opitemcount="1" elementtype="contentlevel" minopitems="0" maxopitems="1" parentid="SBAC-2" ftitemcount="0" minftitems="0">
        <identifier version="3" name="2|SP" uniqueid="SBAC-2|SP"/>
      </bpelement>
      <bpelement maxftitems="0" opitemcount="1" elementtype="contentlevel" minopitems="0" maxopitems="1" parentid="SBAC-3" ftitemcount="0" minftitems="0">
        <identifier version="3" name="3|SP" uniqueid="SBAC-3|SP"/>
      </bpelement>
      <bpelement maxftitems="0" opitemcount="2" elementtype="contentlevel" minopitems="0" maxopitems="2" parentid="SBAC-4" ftitemcount="0" minftitems="0">
        <identifier version="3" name="4|G" uniqueid="SBAC-4|G"/>
      </bpelement>
    </testblueprint>
    <itempool>
      <passage filename="stim-200-171646.xml">
        <identifier version="3" uniqueid="200-171646"/>
      </passage>
      <testitem itemtype="EQ" filename="item-200-51235.xml">
        <identifier version="3" uniqueid="200-51235"/>
        <bpref>(SBAC)SBAC-IAB-MATH-Perf-IRP-7-2020-2021</bpref>
        <bpref>SBAC-2</bpref>
        <bpref>SBAC-2|SP</bpref>
        <bpref>SBAC-2|SP|NA</bpref>
        <bpref>SBAC-2|SP|NA|A-7</bpref>
        <passageref>200-171646</passageref>
        <poolproperty label="English" value="ENU" property="Language"/>
        <poolproperty label="Braille" value="ENU-Braille" property="Language"/>
        <poolproperty label="Spanish" value="ESN" property="Language"/>
        <poolproperty label="ItemType = EQ" value="EQ" property="--ITEMTYPE--"/>
        <poolproperty label="Answer Key = EQ" value="EQ" property="Answer Key"/>
        <poolproperty label="ASL = Y" value="Y" property="ASL"/>
        <poolproperty label="Braille = BRF" value="BRF" property="Braille"/>
        <poolproperty label="Depth of Knowledge = 2" value="2" property="Depth of Knowledge"/>
        <poolproperty label="Grade = 7" value="7" property="Grade"/>
        <poolproperty label="Scoring Engine = Automatic with Machine Rubric" value="Automatic with Machine Rubric" property="Scoring Engine"/>
        <itemscoredimension measurementmodel="IRT3PLn" weight="1.0" scorepoints="1">
          <itemscoreparameter value="1.0441" measurementparameter="a"/>
          <itemscoreparameter value="1.3169" measurementparameter="b"/>
          <itemscoreparameter value="0.0" measurementparameter="c"/>
        </itemscoredimension>
      </testitem>
      <testitem itemtype="EQ" filename="item-200-51236.xml">
        <identifier version="3" uniqueid="200-51236"/>
        <bpref>(SBAC)SBAC-IAB-MATH-Perf-IRP-7-2020-2021</bpref>
        <bpref>SBAC-2</bpref>
        <bpref>SBAC-2|G</bpref>
        <bpref>SBAC-2|G|NA</bpref>
        <bpref>SBAC-2|G|NA|A-7</bpref>
        <passageref>200-171646</passageref>
        <poolproperty label="English" value="ENU" property="Language"/>
        <poolproperty label="Braille" value="ENU-Braille" property="Language"/>
        <poolproperty label="Spanish" value="ESN" property="Language"/>
        <poolproperty label="ItemType = EQ" value="EQ" property="--ITEMTYPE--"/>
        <poolproperty label="Answer Key = EQ" value="EQ" property="Answer Key"/>
        <poolproperty label="ASL = Y" value="Y" property="ASL"/>
        <poolproperty label="Braille = BRF" value="BRF" property="Braille"/>
        <poolproperty label="Depth of Knowledge = 2" value="2" property="Depth of Knowledge"/>
        <poolproperty label="Grade = 7" value="7" property="Grade"/>
        <poolproperty label="Scoring Engine = Automatic with Machine Rubric" value="Automatic with Machine Rubric" property="Scoring Engine"/>
        <itemscoredimension measurementmodel="IRT3PLn" weight="1.0" scorepoints="1">
          <itemscoreparameter value="0.6372" measurementparameter="a"/>
          <itemscoreparameter value="0.0949" measurementparameter="b"/>
          <itemscoreparameter value="0.0" measurementparameter="c"/>
        </itemscoredimension>
      </testitem>
      <testitem itemtype="MC" filename="item-200-51237.xml">
        <identifier version="3" uniqueid="200-51237"/>
        <bpref>(SBAC)SBAC-IAB-MATH-Perf-IRP-7-2020-2021</bpref>
        <bpref>SBAC-4</bpref>
        <bpref>SBAC-4|G</bpref>
        <bpref>SBAC-4|G|NA</bpref>
        <bpref>SBAC-4|G|NA|A-7</bpref>
        <passageref>200-171646</passageref>
        <poolproperty label="English" value="ENU" property="Language"/>
        <poolproperty label="Braille" value="ENU-Braille" property="Language"/>
        <poolproperty label="Spanish" value="ESN" property="Language"/>
        <poolproperty label="ItemType = MC" value="MC" property="--ITEMTYPE--"/>
        <poolproperty label="Answer Key = A" value="A" property="Answer Key"/>
        <poolproperty label="ASL = Y" value="Y" property="ASL"/>
        <poolproperty label="Braille = PRN" value="PRN" property="Braille"/>
        <poolproperty label="Depth of Knowledge = 2" value="2" property="Depth of Knowledge"/>
        <poolproperty label="Grade = 7" value="7" property="Grade"/>
        <poolproperty label="Scoring Engine = Automatic with Key" value="Automatic with Key" property="Scoring Engine"/>
        <itemscoredimension measurementmodel="IRT3PLn" weight="1.0" scorepoints="1">
          <itemscoreparameter value="0.2564" measurementparameter="a"/>
          <itemscoreparameter value="1.4588" measurementparameter="b"/>
          <itemscoreparameter value="0.0" measurementparameter="c"/>
        </itemscoredimension>
      </testitem>
      <testitem itemtype="EQ" filename="item-200-51240.xml">
        <identifier version="3" uniqueid="200-51240"/>
        <bpref>(SBAC)SBAC-IAB-MATH-Perf-IRP-7-2020-2021</bpref>
        <bpref>SBAC-3</bpref>
        <bpref>SBAC-3|SP</bpref>
        <bpref>SBAC-3|SP|NA</bpref>
        <bpref>SBAC-3|SP|NA|A-7</bpref>
        <passageref>200-171646</passageref>
        <poolproperty label="English" value="ENU" property="Language"/>
        <poolproperty label="Braille" value="ENU-Braille" property="Language"/>
        <poolproperty label="Spanish" value="ESN" property="Language"/>
        <poolproperty label="ItemType = EQ" value="EQ" property="--ITEMTYPE--"/>
        <poolproperty label="Answer Key = EQ" value="EQ" property="Answer Key"/>
        <poolproperty label="ASL = Y" value="Y" property="ASL"/>
        <poolproperty label="Braille = BRF" value="BRF" property="Braille"/>
        <poolproperty label="Depth of Knowledge = 2" value="2" property="Depth of Knowledge"/>
        <poolproperty label="Grade = 7" value="7" property="Grade"/>
        <poolproperty label="Scoring Engine = Automatic with Machine Rubric" value="Automatic with Machine Rubric" property="Scoring Engine"/>
        <itemscoredimension measurementmodel="IRTGPC" weight="1.0" scorepoints="2">
          <itemscoreparameter value="0.4705" measurementparameter="a"/>
          <itemscoreparameter value="2.5484" measurementparameter="b0"/>
          <itemscoreparameter value="-1.7442" measurementparameter="b1"/>
        </itemscoredimension>
      </testitem>
      <testitem itemtype="SA" filename="item-200-51246.xml">
        <identifier version="3" uniqueid="200-51246"/>
        <bpref>(SBAC)SBAC-IAB-MATH-Perf-IRP-7-2020-2021</bpref>
        <bpref>SBAC-4</bpref>
        <bpref>SBAC-4|G</bpref>
        <bpref>SBAC-4|G|NA</bpref>
        <bpref>SBAC-4|G|NA|A-7</bpref>
        <passageref>200-171646</passageref>
        <poolproperty label="English" value="ENU" property="Language"/>
        <poolproperty label="Braille" value="ENU-Braille" property="Language"/>
        <poolproperty label="Spanish" value="ESN" property="Language"/>
        <poolproperty label="ItemType = SA" value="SA" property="--ITEMTYPE--"/>
        <poolproperty label="Answer Key = SA" value="SA" property="Answer Key"/>
        <poolproperty label="ASL = Y" value="Y" property="ASL"/>
        <poolproperty label="Braille = BRF" value="BRF" property="Braille"/>
        <poolproperty label="Depth of Knowledge = 3" value="3" property="Depth of Knowledge"/>
        <poolproperty label="Grade = 7" value="7" property="Grade"/>
        <poolproperty label="Scoring Engine = HandScored" value="HandScored" property="Scoring Engine"/>
        <itemscoredimension measurementmodel="IRTGPC" weight="1.0" scorepoints="2">
          <itemscoreparameter value="0.6332" measurementparameter="a"/>
          <itemscoreparameter value="1.9412" measurementparameter="b0"/>
          <itemscoreparameter value="0.7562" measurementparameter="b1"/>
        </itemscoredimension>
      </testitem>
    </itempool>
    <testform length="5">
      <identifier version="3" name="(SBAC)SBAC-IAB-MATH-Perf-IRP-7-2020-2021:Default-ENU" uniqueid="(SBAC)SBAC-IAB-MATH-Perf-IRP-7-2020-2021:Default-ENU"/>
      <property label="English" name="Language" value="ENU"/>
      <formpartition>
        <identifier version="3" name="Grade 7 MATH - Performance Task - IRP (IAB)::ENU" uniqueid="200-352318749"/>
        <itemgroup formposition="1" maxresponses="ALL" maxitems="ALL">
          <identifier version="3" name="200-352318749:G-200-171646-0" uniqueid="200-352318749:G-200-171646-0"/>
          <passageref>200-171646</passageref>
          <groupitem blockid="A" groupposition="1" isfieldtest="false" responserequired="true" formposition="1" adminrequired="true" itemid="200-51235" isactive="true"/>
          <groupitem blockid="A" groupposition="2" isfieldtest="false" responserequired="true" formposition="2" adminrequired="true" itemid="200-51236" isactive="true"/>
          <groupitem blockid="A" groupposition="3" isfieldtest="false" responserequired="true" formposition="3" adminrequired="true" itemid="200-51237" isactive="true"/>
          <groupitem blockid="A" groupposition="4" isfieldtest="false" responserequired="true" formposition="4" adminrequired="true" itemid="200-51240" isactive="true"/>
          <groupitem blockid="A" groupposition="5" isfieldtest="false" responserequired="true" formposition="5" adminrequired="true" itemid="200-51246" isactive="true"/>
        </itemgroup>
      </formpartition>
    </testform>
    <testform length="5">
      <identifier version="3" name="(SBAC)SBAC-IAB-MATH-Perf-IRP-7-2020-2021:Default-ESN" uniqueid="(SBAC)SBAC-IAB-MATH-Perf-IRP-7-2020-2021:Default-ESN"/>
      <property label="Spanish" name="Language" value="ESN"/>
      <formpartition>
        <identifier version="3" name="Grade 7 MATH - Performance Task - IRP (IAB)::SPA" uniqueid="200-352305253"/>
        <itemgroup formposition="1" maxresponses="ALL" maxitems="ALL">
          <identifier version="3" name="200-352305253:G-200-171646-0" uniqueid="200-352305253:G-200-171646-0"/>
          <passageref>200-171646</passageref>
          <groupitem blockid="A" groupposition="1" isfieldtest="false" responserequired="true" formposition="1" adminrequired="true" itemid="200-51235" isactive="true"/>
          <groupitem blockid="A" groupposition="2" isfieldtest="false" responserequired="true" formposition="2" adminrequired="true" itemid="200-51236" isactive="true"/>
          <groupitem blockid="A" groupposition="3" isfieldtest="false" responserequired="true" formposition="3" adminrequired="true" itemid="200-51237" isactive="true"/>
          <groupitem blockid="A" groupposition="4" isfieldtest="false" responserequired="true" formposition="4" adminrequired="true" itemid="200-51240" isactive="true"/>
          <groupitem blockid="A" groupposition="5" isfieldtest="false" responserequired="true" formposition="5" adminrequired="true" itemid="200-51246" isactive="true"/>
        </itemgroup>
      </formpartition>
    </testform>
    <testform length="5">
      <identifier version="3" name="(SBAC)SBAC-IAB-MATH-Perf-IRP-7-2020-2021:Default-ENU-Braille" uniqueid="(SBAC)SBAC-IAB-MATH-Perf-IRP-7-2020-2021:Default-ENU-Braille"/>
      <property label="Braille" name="Language" value="ENU-Braille"/>
      <formpartition>
        <identifier version="3" name="Grade 7 MATH - Performance Task - IRP (IAB)::BRL" uniqueid="200-352321517"/>
        <itemgroup formposition="1" maxresponses="ALL" maxitems="ALL">
          <identifier version="3" name="200-352321517:G-200-171646-0" uniqueid="200-352321517:G-200-171646-0"/>
          <passageref>200-171646</passageref>
          <groupitem blockid="A" groupposition="1" isfieldtest="false" responserequired="true" formposition="1" adminrequired="true" itemid="200-51235" isactive="true"/>
          <groupitem blockid="A" groupposition="2" isfieldtest="false" responserequired="true" formposition="2" adminrequired="true" itemid="200-51236" isactive="true"/>
          <groupitem blockid="A" groupposition="3" isfieldtest="false" responserequired="true" formposition="3" adminrequired="true" itemid="200-51237" isactive="true"/>
          <groupitem blockid="A" groupposition="4" isfieldtest="false" responserequired="true" formposition="4" adminrequired="true" itemid="200-51240" isactive="true"/>
          <groupitem blockid="A" groupposition="5" isfieldtest="false" responserequired="true" formposition="5" adminrequired="true" itemid="200-51246" isactive="true"/>
        </itemgroup>
      </formpartition>
    </testform>
    <performancelevels>
      <performancelevel bpelementid="(SBAC)SBAC-IAB-MATH-Perf-IRP-7-2020-2021" scaledhi="2484.0" scaledlo="2250.0" plevel="1"/>
      <performancelevel bpelementid="(SBAC)SBAC-IAB-MATH-Perf-IRP-7-2020-2021" scaledhi="2567.0" scaledlo="2484.0" plevel="2"/>
      <performancelevel bpelementid="(SBAC)SBAC-IAB-MATH-Perf-IRP-7-2020-2021" scaledhi="2635.0" scaledlo="2567.0" plevel="3"/>
      <performancelevel bpelementid="(SBAC)SBAC-IAB-MATH-Perf-IRP-7-2020-2021" scaledhi="2778.0" scaledlo="2635.0" plevel="4"/>
    </performancelevels>
    <scoringrules>
      <computationrule bpelementid="(SBAC)SBAC-IAB-MATH-Perf-IRP-7-2020-2021" computationorder="10">
        <identifier version="1" label="Attempted" name="SBACIABAttemptedness" uniqueid="8becd5ca-6d94-47d7-80dc-afb1dd5b27c4"/>
      </computationrule>
      <computationrule bpelementid="(SBAC)SBAC-IAB-MATH-Perf-IRP-7-2020-2021" computationorder="20">
        <identifier version="1" label="ThetaScore" name="SBACTheta" uniqueid="c39e443b-7f5b-4a13-b676-3ded2efbea8e"/>
        <computationruleparameter position="1" parametertype="double">
          <identifier version="1" name="LOT" uniqueid="4d3023a5-69c1-4569-bc25-dcd9920c8f57"/>
          <computationruleparametervalue value="-3.342"/>
        </computationruleparameter>
        <computationruleparameter position="2" parametertype="double">
          <identifier version="1" name="HOT" uniqueid="0bc9b3b6-dbb3-4963-ae83-fa134efa7155"/>
          <computationruleparametervalue value="3.3238"/>
        </computationruleparameter>
        <computationruleparameter position="3" parametertype="double">
          <identifier version="1" name="seLimit" uniqueid="ce3ab47b-0659-4bee-bf72-faf0eb77e5de"/>
          <computationruleparametervalue value="2.5"/>
        </computationruleparameter>
      </computationrule>
      <computationrule bpelementid="(SBAC)SBAC-IAB-MATH-Perf-IRP-7-2020-2021" computationorder="30">
        <identifier version="1" label="ScaleScore" name="ScaleScore" uniqueid="74e2d390-6222-4db1-80a6-de2965665d5f"/>
      </computationrule>
      <computationrule bpelementid="(SBAC)SBAC-IAB-MATH-Perf-IRP-7-2020-2021" computationorder="40">
        <identifier version="1" label="PerformanceLevel" name="SEBasedPLWithRounding" uniqueid="6e33c640-977d-4588-8abd-868a40c3aac1"/>
        <computationruleparameter position="1" parametertype="double">
          <identifier version="1" name="seMultiple" uniqueid="07d4f2f5-5a4f-42c1-bdcb-27de9febef6b"/>
          <computationruleparametervalue value="1.5"/>
        </computationruleparameter>
        <computationruleparameter position="2" parametertype="int">
          <identifier version="1" name="proficientPerformanceLevel" uniqueid="7db5c15c-1dcb-402d-9b33-c5104dce292d"/>
          <computationruleparametervalue value="3"/>
        </computationruleparameter>
        <computationruleparameter position="3" parametertype="double">
          <identifier version="1" name="LOT" uniqueid="095edf30-ee61-48cb-8a86-677e23f97ace"/>
          <computationruleparametervalue value="-3.342"/>
        </computationruleparameter>
        <computationruleparameter position="4" parametertype="double">
          <identifier version="1" name="HOT" uniqueid="2d0c3c0c-1de1-4c3e-b222-f28039570de6"/>
          <computationruleparametervalue value="3.3238"/>
        </computationruleparameter>
      </computationrule>
      <computationrule bpelementid="(SBAC)SBAC-IAB-MATH-Perf-IRP-7-2020-2021" computationorder="50">
        <identifier version="1" label="AccommodationCodes" name="SBACAccommodationUseCodes" uniqueid="c01dbdaa-c500-4107-ac68-1fdade001e80"/>
        <computationruleparameter position="1" parametertype="string">
          <identifier version="1" name="accomNoCodes" uniqueid="bd7fef12-7f3a-410c-9161-2ef1641c352d"/>
          <property name="indextype" value="string"/>
          <computationruleparametervalue index="Print Size" value="TDS_PS_L0"/>
        </computationruleparameter>
      </computationrule>
    </scoringrules>
  </scoring>
</testspecification>
