<testspecification version="1" purpose="scoring" publishdate="Mar 27 2020 12:13AM" publisher="SBAC">
  <identifier version="3" label="SBAC-IAB-ELA-IRP-7" name="SBAC-IAB-ELA-IRP-7" uniqueid="(SBAC)SBAC-IAB-ELA-IRP-7-2020-2021"/>
  <property label="ELA" name="subject" value="ELA"/>
  <property label="interim" name="type" value="interim"/>
  <property label="7" name="grade" value="7"/>
  <scoring>
    <testblueprint>
      <bpelement maxftitems="0" opitemcount="5" elementtype="test" minopitems="0" maxopitems="5" ftitemcount="0" minftitems="0">
        <identifier version="3" name="SBAC-IAB-ELA-IRP-7" uniqueid="(SBAC)SBAC-IAB-ELA-IRP-7-2020-2021"/>
      </bpelement>
      <bpelement maxftitems="0" opitemcount="5" elementtype="segment" minopitems="0" maxopitems="5" ftitemcount="0" minftitems="0">
        <identifier version="3" name="SBAC-IAB-ELA-IRP-7" uniqueid="(SBAC)SBAC-IAB-ELA-IRP-7-2020-2021"/>
      </bpelement>
      <bpelement maxftitems="0" opitemcount="2" elementtype="strand" minopitems="0" maxopitems="2" ftitemcount="0" minftitems="0">
        <identifier version="3" name="1-IT" uniqueid="SBAC-1-IT"/>
      </bpelement>
      <bpelement maxftitems="0" opitemcount="3" elementtype="strand" minopitems="0" maxopitems="3" ftitemcount="0" minftitems="0">
        <identifier version="3" name="1-LT" uniqueid="SBAC-1-LT"/>
      </bpelement>
      <bpelement maxftitems="0" opitemcount="1" elementtype="contentlevel" minopitems="0" maxopitems="1" parentid="SBAC-1-IT|13-7" ftitemcount="0" minftitems="0">
        <identifier version="3" name="1-IT|13-7|7.RI.5" uniqueid="SBAC-1-IT|13-7|7.RI.5"/>
      </bpelement>
      <bpelement maxftitems="0" opitemcount="1" elementtype="contentlevel" minopitems="0" maxopitems="1" parentid="SBAC-1-LT" ftitemcount="0" minftitems="0">
        <identifier version="3" name="1-LT|6-7" uniqueid="SBAC-1-LT|6-7"/>
      </bpelement>
      <bpelement maxftitems="0" opitemcount="1" elementtype="contentlevel" minopitems="0" maxopitems="1" parentid="SBAC-1-LT|3-7" ftitemcount="0" minftitems="0">
        <identifier version="3" name="1-LT|3-7|7.RL.4" uniqueid="SBAC-1-LT|3-7|7.RL.4"/>
      </bpelement>
      <bpelement maxftitems="0" opitemcount="1" elementtype="contentlevel" minopitems="0" maxopitems="1" parentid="SBAC-1-IT" ftitemcount="0" minftitems="0">
        <identifier version="3" name="1-IT|13-7" uniqueid="SBAC-1-IT|13-7"/>
      </bpelement>
      <bpelement maxftitems="0" opitemcount="1" elementtype="contentlevel" minopitems="0" maxopitems="1" parentid="SBAC-1-IT" ftitemcount="0" minftitems="0">
        <identifier version="3" name="1-IT|11-7" uniqueid="SBAC-1-IT|11-7"/>
      </bpelement>
      <bpelement maxftitems="0" opitemcount="1" elementtype="contentlevel" minopitems="0" maxopitems="1" parentid="SBAC-1-LT|6-7" ftitemcount="0" minftitems="0">
        <identifier version="3" name="1-LT|6-7|7.RL.5" uniqueid="SBAC-1-LT|6-7|7.RL.5"/>
      </bpelement>
      <bpelement maxftitems="0" opitemcount="1" elementtype="contentlevel" minopitems="0" maxopitems="1" parentid="SBAC-1-LT" ftitemcount="0" minftitems="0">
        <identifier version="3" name="1-LT|4-7" uniqueid="SBAC-1-LT|4-7"/>
      </bpelement>
      <bpelement maxftitems="0" opitemcount="1" elementtype="contentlevel" minopitems="0" maxopitems="1" parentid="SBAC-1-IT|11-7" ftitemcount="0" minftitems="0">
        <identifier version="3" name="1-IT|11-7|7.RI.1" uniqueid="SBAC-1-IT|11-7|7.RI.1"/>
      </bpelement>
      <bpelement maxftitems="0" opitemcount="1" elementtype="contentlevel" minopitems="0" maxopitems="1" parentid="SBAC-1-LT" ftitemcount="0" minftitems="0">
        <identifier version="3" name="1-LT|3-7" uniqueid="SBAC-1-LT|3-7"/>
      </bpelement>
      <bpelement maxftitems="0" opitemcount="1" elementtype="contentlevel" minopitems="0" maxopitems="1" parentid="SBAC-1-LT|4-7" ftitemcount="0" minftitems="0">
        <identifier version="3" name="1-LT|4-7|7.RL.3" uniqueid="SBAC-1-LT|4-7|7.RL.3"/>
      </bpelement>
    </testblueprint>
    <itempool>
      <passage filename="stim-200-193797.xml">
        <identifier version="3" uniqueid="200-193797"/>
      </passage>
      <passage filename="stim-200-193782.xml">
        <identifier version="3" uniqueid="200-193782"/>
      </passage>
      <testitem itemtype="MC" filename="item-200-182971.xml">
        <identifier version="3" uniqueid="200-182971"/>
        <bpref>(SBAC)SBAC-IAB-ELA-IRP-7-2020-2021</bpref>
        <bpref>SBAC-1-IT</bpref>
        <bpref>SBAC-1-IT|13-7</bpref>
        <bpref>SBAC-1-IT|13-7|7.RI.5</bpref>
        <passageref>200-193782</passageref>
        <poolproperty label="English" value="ENU" property="Language"/>
        <poolproperty label="Braille" value="ENU-Braille" property="Language"/>
        <poolproperty label="ItemType = MC" value="MC" property="--ITEMTYPE--"/>
        <poolproperty label="Answer Key = C" value="C" property="Answer Key"/>
        <poolproperty label="ASL = N" value="N" property="ASL"/>
        <poolproperty label="Braille = BRF" value="BRF" property="Braille"/>
        <poolproperty label="Depth of Knowledge = 2" value="2" property="Depth of Knowledge"/>
        <poolproperty label="Grade = 7" value="7" property="Grade"/>
        <poolproperty label="Scoring Engine = Automatic with Key" value="Automatic with Key" property="Scoring Engine"/>
        <itemscoredimension measurementmodel="IRT3PLn" weight="1.0" scorepoints="1">
          <itemscoreparameter value="0.14511" measurementparameter="a"/>
          <itemscoreparameter value="3.64753" measurementparameter="b"/>
          <itemscoreparameter value="0.0" measurementparameter="c"/>
        </itemscoredimension>
      </testitem>
      <testitem itemtype="HTQ" filename="item-200-183040.xml">
        <identifier version="3" uniqueid="200-183040"/>
        <bpref>(SBAC)SBAC-IAB-ELA-IRP-7-2020-2021</bpref>
        <bpref>SBAC-1-IT</bpref>
        <bpref>SBAC-1-IT|11-7</bpref>
        <bpref>SBAC-1-IT|11-7|7.RI.1</bpref>
        <passageref>200-193782</passageref>
        <poolproperty label="English" value="ENU" property="Language"/>
        <poolproperty label="Braille" value="ENU-Braille" property="Language"/>
        <poolproperty label="ItemType = HTQ" value="HTQ" property="--ITEMTYPE--"/>
        <poolproperty label="Answer Key = HTQ" value="HTQ" property="Answer Key"/>
        <poolproperty label="ASL = N" value="N" property="ASL"/>
        <poolproperty label="Braille = BRF" value="BRF" property="Braille"/>
        <poolproperty label="Depth of Knowledge = 4" value="4" property="Depth of Knowledge"/>
        <poolproperty label="Grade = 7" value="7" property="Grade"/>
        <poolproperty label="Scoring Engine = Automatic with Machine Rubric" value="Automatic with Machine Rubric" property="Scoring Engine"/>
        <itemscoredimension measurementmodel="IRT3PLn" weight="1.0" scorepoints="1">
          <itemscoreparameter value="0.41154" measurementparameter="a"/>
          <itemscoreparameter value="3.1441" measurementparameter="b"/>
          <itemscoreparameter value="0.0" measurementparameter="c"/>
        </itemscoredimension>
      </testitem>
      <testitem itemtype="MS" filename="item-200-183171.xml">
        <identifier version="3" uniqueid="200-183171"/>
        <bpref>(SBAC)SBAC-IAB-ELA-IRP-7-2020-2021</bpref>
        <bpref>SBAC-1-LT</bpref>
        <bpref>SBAC-1-LT|3-7</bpref>
        <bpref>SBAC-1-LT|3-7|7.RL.4</bpref>
        <passageref>200-193797</passageref>
        <poolproperty label="English" value="ENU" property="Language"/>
        <poolproperty label="Braille" value="ENU-Braille" property="Language"/>
        <poolproperty label="ItemType = MS" value="MS" property="--ITEMTYPE--"/>
        <poolproperty label="Answer Key = B,E" value="B,E" property="Answer Key"/>
        <poolproperty label="ASL = N" value="N" property="ASL"/>
        <poolproperty label="Braille = BRF" value="BRF" property="Braille"/>
        <poolproperty label="Depth of Knowledge = 3" value="3" property="Depth of Knowledge"/>
        <poolproperty label="Grade = 7" value="7" property="Grade"/>
        <poolproperty label="Scoring Engine = Automatic with Key(s)" value="Automatic with Key(s)" property="Scoring Engine"/>
        <itemscoredimension measurementmodel="IRT3PLn" weight="1.0" scorepoints="1">
          <itemscoreparameter value="0.71054" measurementparameter="a"/>
          <itemscoreparameter value="0.68759" measurementparameter="b"/>
          <itemscoreparameter value="0.0" measurementparameter="c"/>
        </itemscoredimension>
      </testitem>
      <testitem itemtype="SA" filename="item-200-183173.xml">
        <identifier version="3" uniqueid="200-183173"/>
        <bpref>(SBAC)SBAC-IAB-ELA-IRP-7-2020-2021</bpref>
        <bpref>SBAC-1-LT</bpref>
        <bpref>SBAC-1-LT|4-7</bpref>
        <bpref>SBAC-1-LT|4-7|7.RL.3</bpref>
        <passageref>200-193797</passageref>
        <poolproperty label="English" value="ENU" property="Language"/>
        <poolproperty label="Braille" value="ENU-Braille" property="Language"/>
        <poolproperty label="ItemType = SA" value="SA" property="--ITEMTYPE--"/>
        <poolproperty label="Answer Key = SA" value="SA" property="Answer Key"/>
        <poolproperty label="ASL = N" value="N" property="ASL"/>
        <poolproperty label="Braille = BRF" value="BRF" property="Braille"/>
        <poolproperty label="Depth of Knowledge = 3" value="3" property="Depth of Knowledge"/>
        <poolproperty label="Grade = 7" value="7" property="Grade"/>
        <poolproperty label="Scoring Engine = HandScored" value="HandScored" property="Scoring Engine"/>
        <itemscoredimension measurementmodel="IRTGPC" weight="1.0" scorepoints="2">
          <itemscoreparameter value="0.99335" measurementparameter="a"/>
          <itemscoreparameter value="1.03801" measurementparameter="b0"/>
          <itemscoreparameter value="2.54373" measurementparameter="b1"/>
        </itemscoredimension>
      </testitem>
      <testitem itemtype="MS" filename="item-200-183175.xml">
        <identifier version="3" uniqueid="200-183175"/>
        <bpref>(SBAC)SBAC-IAB-ELA-IRP-7-2020-2021</bpref>
        <bpref>SBAC-1-LT</bpref>
        <bpref>SBAC-1-LT|6-7</bpref>
        <bpref>SBAC-1-LT|6-7|7.RL.5</bpref>
        <passageref>200-193797</passageref>
        <poolproperty label="English" value="ENU" property="Language"/>
        <poolproperty label="Braille" value="ENU-Braille" property="Language"/>
        <poolproperty label="ItemType = MS" value="MS" property="--ITEMTYPE--"/>
        <poolproperty label="Answer Key = D,F" value="D,F" property="Answer Key"/>
        <poolproperty label="ASL = N" value="N" property="ASL"/>
        <poolproperty label="Braille = BRF" value="BRF" property="Braille"/>
        <poolproperty label="Depth of Knowledge = 2" value="2" property="Depth of Knowledge"/>
        <poolproperty label="Grade = 7" value="7" property="Grade"/>
        <poolproperty label="Scoring Engine = Automatic with Key(s)" value="Automatic with Key(s)" property="Scoring Engine"/>
        <itemscoredimension measurementmodel="IRT3PLn" weight="1.0" scorepoints="1">
          <itemscoreparameter value="0.65941" measurementparameter="a"/>
          <itemscoreparameter value="2.39106" measurementparameter="b"/>
          <itemscoreparameter value="0.0" measurementparameter="c"/>
        </itemscoredimension>
      </testitem>
    </itempool>
    <testform length="5">
      <identifier version="3" name="(SBAC)SBAC-IAB-ELA-IRP-7-2020-2021:Default-ENU" uniqueid="(SBAC)SBAC-IAB-ELA-IRP-7-2020-2021:Default-ENU"/>
      <property label="English" name="Language" value="ENU"/>
      <formpartition>
        <identifier version="3" name="Grade 7 ELA - IRP Assessment Block (IAB)::ENU" uniqueid="200-409872018"/>
        <itemgroup formposition="1" maxresponses="ALL" maxitems="ALL">
          <identifier version="3" name="200-409872018:G-200-193782-0" uniqueid="200-409872018:G-200-193782-0"/>
          <passageref>200-193782</passageref>
          <groupitem blockid="A" groupposition="1" isfieldtest="false" responserequired="true" formposition="1" adminrequired="true" itemid="200-182971" isactive="true"/>
          <groupitem blockid="A" groupposition="2" isfieldtest="false" responserequired="true" formposition="2" adminrequired="true" itemid="200-183040" isactive="true"/>
        </itemgroup>
        <itemgroup formposition="2" maxresponses="ALL" maxitems="ALL">
          <identifier version="3" name="200-409872018:G-200-193797-0" uniqueid="200-409872018:G-200-193797-0"/>
          <passageref>200-193797</passageref>
          <groupitem blockid="A" groupposition="1" isfieldtest="false" responserequired="true" formposition="3" adminrequired="true" itemid="200-183171" isactive="true"/>
          <groupitem blockid="A" groupposition="2" isfieldtest="false" responserequired="true" formposition="4" adminrequired="true" itemid="200-183173" isactive="true"/>
          <groupitem blockid="A" groupposition="3" isfieldtest="false" responserequired="true" formposition="5" adminrequired="true" itemid="200-183175" isactive="true"/>
        </itemgroup>
      </formpartition>
    </testform>
    <testform length="5">
      <identifier version="3" name="(SBAC)SBAC-IAB-ELA-IRP-7-2020-2021:Default-ENU-Braille" uniqueid="(SBAC)SBAC-IAB-ELA-IRP-7-2020-2021:Default-ENU-Braille"/>
      <property label="Braille" name="Language" value="ENU-Braille"/>
      <formpartition>
        <identifier version="3" name="Grade 7 ELA - IRP Assessment Block (IAB)::BRL" uniqueid="200-409869250"/>
        <itemgroup formposition="1" maxresponses="ALL" maxitems="ALL">
          <identifier version="3" name="200-409869250:G-200-193782-0" uniqueid="200-409869250:G-200-193782-0"/>
          <passageref>200-193782</passageref>
          <groupitem blockid="A" groupposition="1" isfieldtest="false" responserequired="true" formposition="1" adminrequired="true" itemid="200-182971" isactive="true"/>
          <groupitem blockid="A" groupposition="2" isfieldtest="false" responserequired="true" formposition="2" adminrequired="true" itemid="200-183040" isactive="true"/>
        </itemgroup>
        <itemgroup formposition="2" maxresponses="ALL" maxitems="ALL">
          <identifier version="3" name="200-409869250:G-200-193797-0" uniqueid="200-409869250:G-200-193797-0"/>
          <passageref>200-193797</passageref>
          <groupitem blockid="A" groupposition="1" isfieldtest="false" responserequired="true" formposition="3" adminrequired="true" itemid="200-183171" isactive="true"/>
          <groupitem blockid="A" groupposition="2" isfieldtest="false" responserequired="true" formposition="4" adminrequired="true" itemid="200-183173" isactive="true"/>
          <groupitem blockid="A" groupposition="3" isfieldtest="false" responserequired="true" formposition="5" adminrequired="true" itemid="200-183175" isactive="true"/>
        </itemgroup>
      </formpartition>
    </testform>
    <performancelevels>
      <performancelevel bpelementid="(SBAC)SBAC-IAB-ELA-IRP-7-2020-2021" scaledhi="2479.0" scaledlo="2258.0" plevel="1"/>
      <performancelevel bpelementid="(SBAC)SBAC-IAB-ELA-IRP-7-2020-2021" scaledhi="2552.0" scaledlo="2479.0" plevel="2"/>
      <performancelevel bpelementid="(SBAC)SBAC-IAB-ELA-IRP-7-2020-2021" scaledhi="2649.0" scaledlo="2552.0" plevel="3"/>
      <performancelevel bpelementid="(SBAC)SBAC-IAB-ELA-IRP-7-2020-2021" scaledhi="2745.0" scaledlo="2649.0" plevel="4"/>
    </performancelevels>
    <scoringrules>
      <computationrule bpelementid="(SBAC)SBAC-IAB-ELA-IRP-7-2020-2021" computationorder="10">
        <identifier version="1" label="Attempted" name="SBACIABAttemptedness" uniqueid="ab62a2e6-6123-4240-a0d6-93b3b9c093ec"/>
      </computationrule>
      <computationrule bpelementid="(SBAC)SBAC-IAB-ELA-IRP-7-2020-2021" computationorder="20">
        <identifier version="1" label="ThetaScore" name="SBACTheta" uniqueid="d5c7e47d-2d7c-4413-9d3a-4a03d958f412"/>
        <computationruleparameter position="1" parametertype="double">
          <identifier version="1" name="LOT" uniqueid="a97b2ea7-f697-408a-b479-d5066bd74e33"/>
          <computationruleparametervalue value="-2.9114"/>
        </computationruleparameter>
        <computationruleparameter position="2" parametertype="double">
          <identifier version="1" name="HOT" uniqueid="b6b37da6-435d-4672-913f-73593a4bf009"/>
          <computationruleparametervalue value="2.7547"/>
        </computationruleparameter>
        <computationruleparameter position="3" parametertype="double">
          <identifier version="1" name="seLimit" uniqueid="c57d3e7c-6c8e-4b7e-a06e-be5557466cba"/>
          <computationruleparametervalue value="2.5"/>
        </computationruleparameter>
      </computationrule>
      <computationrule bpelementid="(SBAC)SBAC-IAB-ELA-IRP-7-2020-2021" computationorder="30">
        <identifier version="1" label="ScaleScore" name="ScaleScore" uniqueid="9f2a0a88-2cf1-4029-9c61-247f49cb0af2"/>
      </computationrule>
      <computationrule bpelementid="(SBAC)SBAC-IAB-ELA-IRP-7-2020-2021" computationorder="40">
        <identifier version="1" label="PerformanceLevel" name="SEBasedPLWithRounding" uniqueid="9fb2fbf9-e0a1-4d02-b458-c3d819685be7"/>
        <computationruleparameter position="1" parametertype="double">
          <identifier version="1" name="seMultiple" uniqueid="28193f2b-42ee-47e2-a794-2258c059f725"/>
          <computationruleparametervalue value="1.5"/>
        </computationruleparameter>
        <computationruleparameter position="2" parametertype="int">
          <identifier version="1" name="proficientPerformanceLevel" uniqueid="75ad6d3c-8262-4dff-b048-9969d620285d"/>
          <computationruleparametervalue value="3"/>
        </computationruleparameter>
        <computationruleparameter position="3" parametertype="double">
          <identifier version="1" name="LOT" uniqueid="326443a2-b43a-4449-844b-7f29088527e7"/>
          <computationruleparametervalue value="-2.9114"/>
        </computationruleparameter>
        <computationruleparameter position="4" parametertype="double">
          <identifier version="1" name="HOT" uniqueid="cd767042-53f3-49ce-893e-90dce548d089"/>
          <computationruleparametervalue value="2.7547"/>
        </computationruleparameter>
      </computationrule>
      <computationrule bpelementid="(SBAC)SBAC-IAB-ELA-IRP-7-2020-2021" computationorder="50">
        <identifier version="1" label="AccommodationCodes" name="SBACAccommodationUseCodes" uniqueid="36ff125b-6a23-4ec8-9983-92b3912ae967"/>
        <computationruleparameter position="1" parametertype="string">
          <identifier version="1" name="accomNoCodes" uniqueid="ca5b49eb-a182-4744-ba85-af23ffac4b62"/>
          <property name="indextype" value="string"/>
          <computationruleparametervalue index="Print Size" value="TDS_PS_L0"/>
        </computationruleparameter>
      </computationrule>
    </scoringrules>
  </scoring>
</testspecification>
