<testspecification version="1" purpose="scoring" publishdate="Mar 27 2020 12:14AM" publisher="SBAC">
  <identifier version="3" label="SBAC-IAB-MATH-Perf-IRP-4" name="SBAC-IAB-MATH-Perf-IRP-4" uniqueid="(SBAC)SBAC-IAB-MATH-Perf-IRP-4-2020-2021"/>
  <property label="MATH" name="subject" value="MATH"/>
  <property label="interim" name="type" value="interim"/>
  <property label="4" name="grade" value="4"/>
  <scoring>
    <testblueprint>
      <bpelement maxftitems="0" opitemcount="6" elementtype="test" minopitems="0" maxopitems="6" ftitemcount="0" minftitems="0">
        <identifier version="3" name="SBAC-IAB-MATH-Perf-IRP-4" uniqueid="(SBAC)SBAC-IAB-MATH-Perf-IRP-4-2020-2021"/>
      </bpelement>
      <bpelement maxftitems="0" opitemcount="6" elementtype="segment" minopitems="0" maxopitems="6" ftitemcount="0" minftitems="0">
        <identifier version="3" name="SBAC-IAB-MATH-Perf-IRP-4" uniqueid="(SBAC)SBAC-IAB-MATH-Perf-IRP-4-2020-2021"/>
      </bpelement>
      <bpelement maxftitems="0" opitemcount="1" elementtype="contentlevel" minopitems="0" maxopitems="1" parentid="SBAC-4|OA" ftitemcount="0" minftitems="0">
        <identifier version="3" name="4|OA|NA" uniqueid="SBAC-4|OA|NA"/>
      </bpelement>
      <bpelement maxftitems="0" opitemcount="3" elementtype="contentlevel" minopitems="0" maxopitems="3" parentid="SBAC-3" ftitemcount="0" minftitems="0">
        <identifier version="3" name="3|OA" uniqueid="SBAC-3|OA"/>
      </bpelement>
      <bpelement maxftitems="0" opitemcount="1" elementtype="contentlevel" minopitems="0" maxopitems="1" parentid="SBAC-4" ftitemcount="0" minftitems="0">
        <identifier version="3" name="4|OA" uniqueid="SBAC-4|OA"/>
      </bpelement>
      <bpelement maxftitems="0" opitemcount="2" elementtype="contentlevel" minopitems="0" maxopitems="2" parentid="SBAC-2" ftitemcount="0" minftitems="0">
        <identifier version="3" name="2|OA" uniqueid="SBAC-2|OA"/>
      </bpelement>
      <bpelement maxftitems="0" opitemcount="2" elementtype="contentlevel" minopitems="0" maxopitems="2" parentid="SBAC-2|OA|NA" ftitemcount="0" minftitems="0">
        <identifier version="3" name="2|OA|NA|A-4" uniqueid="SBAC-2|OA|NA|A-4"/>
      </bpelement>
      <bpelement maxftitems="0" opitemcount="2" elementtype="strand" minopitems="0" maxopitems="2" ftitemcount="0" minftitems="0">
        <identifier version="3" name="2" uniqueid="SBAC-2"/>
      </bpelement>
      <bpelement maxftitems="0" opitemcount="3" elementtype="strand" minopitems="0" maxopitems="3" ftitemcount="0" minftitems="0">
        <identifier version="3" name="3" uniqueid="SBAC-3"/>
      </bpelement>
      <bpelement maxftitems="0" opitemcount="1" elementtype="strand" minopitems="0" maxopitems="1" ftitemcount="0" minftitems="0">
        <identifier version="3" name="4" uniqueid="SBAC-4"/>
      </bpelement>
      <bpelement maxftitems="0" opitemcount="2" elementtype="contentlevel" minopitems="0" maxopitems="2" parentid="SBAC-3|OA|NA" ftitemcount="0" minftitems="0">
        <identifier version="3" name="3|OA|NA|B-4" uniqueid="SBAC-3|OA|NA|B-4"/>
      </bpelement>
      <bpelement maxftitems="0" opitemcount="2" elementtype="contentlevel" minopitems="0" maxopitems="2" parentid="SBAC-2|OA" ftitemcount="0" minftitems="0">
        <identifier version="3" name="2|OA|NA" uniqueid="SBAC-2|OA|NA"/>
      </bpelement>
      <bpelement maxftitems="0" opitemcount="3" elementtype="contentlevel" minopitems="0" maxopitems="3" parentid="SBAC-3|OA" ftitemcount="0" minftitems="0">
        <identifier version="3" name="3|OA|NA" uniqueid="SBAC-3|OA|NA"/>
      </bpelement>
      <bpelement maxftitems="0" opitemcount="1" elementtype="contentlevel" minopitems="0" maxopitems="1" parentid="SBAC-4|OA|NA" ftitemcount="0" minftitems="0">
        <identifier version="3" name="4|OA|NA|A-4" uniqueid="SBAC-4|OA|NA|A-4"/>
      </bpelement>
      <bpelement maxftitems="0" opitemcount="1" elementtype="contentlevel" minopitems="0" maxopitems="1" parentid="SBAC-3|OA|NA" ftitemcount="0" minftitems="0">
        <identifier version="3" name="3|OA|NA|E-4" uniqueid="SBAC-3|OA|NA|E-4"/>
      </bpelement>
    </testblueprint>
    <itempool>
      <passage filename="stim-200-172081.xml">
        <identifier version="3" uniqueid="200-172081"/>
      </passage>
      <testitem itemtype="EQ" filename="item-200-77953.xml">
        <identifier version="3" uniqueid="200-77953"/>
        <bpref>(SBAC)SBAC-IAB-MATH-Perf-IRP-4-2020-2021</bpref>
        <bpref>SBAC-2</bpref>
        <bpref>SBAC-2|OA</bpref>
        <bpref>SBAC-2|OA|NA</bpref>
        <bpref>SBAC-2|OA|NA|A-4</bpref>
        <passageref>200-172081</passageref>
        <poolproperty label="English" value="ENU" property="Language"/>
        <poolproperty label="Braille" value="ENU-Braille" property="Language"/>
        <poolproperty label="Spanish" value="ESN" property="Language"/>
        <poolproperty label="ItemType = EQ" value="EQ" property="--ITEMTYPE--"/>
        <poolproperty label="Answer Key = EQ" value="EQ" property="Answer Key"/>
        <poolproperty label="ASL = Y" value="Y" property="ASL"/>
        <poolproperty label="Braille = BRF" value="BRF" property="Braille"/>
        <poolproperty label="Depth of Knowledge = 2" value="2" property="Depth of Knowledge"/>
        <poolproperty label="Grade = 4" value="4" property="Grade"/>
        <poolproperty label="Scoring Engine = Automatic with Machine Rubric" value="Automatic with Machine Rubric" property="Scoring Engine"/>
        <itemscoredimension measurementmodel="IRT3PLn" weight="1.0" scorepoints="1">
          <itemscoreparameter value="0.8984" measurementparameter="a"/>
          <itemscoreparameter value="-1.4468" measurementparameter="b"/>
          <itemscoreparameter value="0.0" measurementparameter="c"/>
        </itemscoredimension>
      </testitem>
      <testitem itemtype="EQ" filename="item-200-77954.xml">
        <identifier version="3" uniqueid="200-77954"/>
        <bpref>(SBAC)SBAC-IAB-MATH-Perf-IRP-4-2020-2021</bpref>
        <bpref>SBAC-2</bpref>
        <bpref>SBAC-2|OA</bpref>
        <bpref>SBAC-2|OA|NA</bpref>
        <bpref>SBAC-2|OA|NA|A-4</bpref>
        <passageref>200-172081</passageref>
        <poolproperty label="English" value="ENU" property="Language"/>
        <poolproperty label="Braille" value="ENU-Braille" property="Language"/>
        <poolproperty label="Spanish" value="ESN" property="Language"/>
        <poolproperty label="ItemType = EQ" value="EQ" property="--ITEMTYPE--"/>
        <poolproperty label="Answer Key = EQ" value="EQ" property="Answer Key"/>
        <poolproperty label="ASL = Y" value="Y" property="ASL"/>
        <poolproperty label="Braille = BRF" value="BRF" property="Braille"/>
        <poolproperty label="Depth of Knowledge = 2" value="2" property="Depth of Knowledge"/>
        <poolproperty label="Grade = 4" value="4" property="Grade"/>
        <poolproperty label="Scoring Engine = Automatic with Machine Rubric" value="Automatic with Machine Rubric" property="Scoring Engine"/>
        <itemscoredimension measurementmodel="IRT3PLn" weight="1.0" scorepoints="1">
          <itemscoreparameter value="0.9138" measurementparameter="a"/>
          <itemscoreparameter value="-1.6668" measurementparameter="b"/>
          <itemscoreparameter value="0.0" measurementparameter="c"/>
        </itemscoredimension>
      </testitem>
      <testitem itemtype="SA" filename="item-200-77959.xml">
        <identifier version="3" uniqueid="200-77959"/>
        <bpref>(SBAC)SBAC-IAB-MATH-Perf-IRP-4-2020-2021</bpref>
        <bpref>SBAC-3</bpref>
        <bpref>SBAC-3|OA</bpref>
        <bpref>SBAC-3|OA|NA</bpref>
        <bpref>SBAC-3|OA|NA|E-4</bpref>
        <passageref>200-172081</passageref>
        <poolproperty label="English" value="ENU" property="Language"/>
        <poolproperty label="Braille" value="ENU-Braille" property="Language"/>
        <poolproperty label="Spanish" value="ESN" property="Language"/>
        <poolproperty label="ItemType = SA" value="SA" property="--ITEMTYPE--"/>
        <poolproperty label="Answer Key = SA" value="SA" property="Answer Key"/>
        <poolproperty label="ASL = Y" value="Y" property="ASL"/>
        <poolproperty label="Braille = BRF" value="BRF" property="Braille"/>
        <poolproperty label="Depth of Knowledge = 3" value="3" property="Depth of Knowledge"/>
        <poolproperty label="Grade = 4" value="4" property="Grade"/>
        <poolproperty label="Scoring Engine = HandScored" value="HandScored" property="Scoring Engine"/>
        <itemscoredimension measurementmodel="IRT3PLn" weight="1.0" scorepoints="1">
          <itemscoreparameter value="1.0709" measurementparameter="a"/>
          <itemscoreparameter value="0.3808" measurementparameter="b"/>
          <itemscoreparameter value="0.0" measurementparameter="c"/>
        </itemscoredimension>
      </testitem>
      <testitem itemtype="SA" filename="item-200-77963.xml">
        <identifier version="3" uniqueid="200-77963"/>
        <bpref>(SBAC)SBAC-IAB-MATH-Perf-IRP-4-2020-2021</bpref>
        <bpref>SBAC-3</bpref>
        <bpref>SBAC-3|OA</bpref>
        <bpref>SBAC-3|OA|NA</bpref>
        <bpref>SBAC-3|OA|NA|B-4</bpref>
        <passageref>200-172081</passageref>
        <poolproperty label="English" value="ENU" property="Language"/>
        <poolproperty label="Braille" value="ENU-Braille" property="Language"/>
        <poolproperty label="Spanish" value="ESN" property="Language"/>
        <poolproperty label="ItemType = SA" value="SA" property="--ITEMTYPE--"/>
        <poolproperty label="Answer Key = SA" value="SA" property="Answer Key"/>
        <poolproperty label="ASL = Y" value="Y" property="ASL"/>
        <poolproperty label="Braille = BRF" value="BRF" property="Braille"/>
        <poolproperty label="Depth of Knowledge = 3" value="3" property="Depth of Knowledge"/>
        <poolproperty label="Grade = 4" value="4" property="Grade"/>
        <poolproperty label="Scoring Engine = HandScored" value="HandScored" property="Scoring Engine"/>
        <itemscoredimension measurementmodel="IRTGPC" weight="1.0" scorepoints="2">
          <itemscoreparameter value="0.632" measurementparameter="a"/>
          <itemscoreparameter value="1.6623" measurementparameter="b0"/>
          <itemscoreparameter value="-0.0149" measurementparameter="b1"/>
        </itemscoredimension>
      </testitem>
      <testitem itemtype="TI" filename="item-200-77981.xml">
        <identifier version="3" uniqueid="200-77981"/>
        <bpref>(SBAC)SBAC-IAB-MATH-Perf-IRP-4-2020-2021</bpref>
        <bpref>SBAC-4</bpref>
        <bpref>SBAC-4|OA</bpref>
        <bpref>SBAC-4|OA|NA</bpref>
        <bpref>SBAC-4|OA|NA|A-4</bpref>
        <passageref>200-172081</passageref>
        <poolproperty label="English" value="ENU" property="Language"/>
        <poolproperty label="Braille" value="ENU-Braille" property="Language"/>
        <poolproperty label="Spanish" value="ESN" property="Language"/>
        <poolproperty label="ItemType = TI" value="TI" property="--ITEMTYPE--"/>
        <poolproperty label="Answer Key = TI" value="TI" property="Answer Key"/>
        <poolproperty label="ASL = Y" value="Y" property="ASL"/>
        <poolproperty label="Braille = BRF" value="BRF" property="Braille"/>
        <poolproperty label="Depth of Knowledge = 2" value="2" property="Depth of Knowledge"/>
        <poolproperty label="Grade = 4" value="4" property="Grade"/>
        <poolproperty label="Scoring Engine = Automatic with Machine Rubric" value="Automatic with Machine Rubric" property="Scoring Engine"/>
        <itemscoredimension measurementmodel="IRTGPC" weight="1.0" scorepoints="2">
          <itemscoreparameter value="0.7056" measurementparameter="a"/>
          <itemscoreparameter value="0.0092" measurementparameter="b0"/>
          <itemscoreparameter value="-0.778" measurementparameter="b1"/>
        </itemscoredimension>
      </testitem>
      <testitem itemtype="SA" filename="item-200-77982.xml">
        <identifier version="3" uniqueid="200-77982"/>
        <bpref>(SBAC)SBAC-IAB-MATH-Perf-IRP-4-2020-2021</bpref>
        <bpref>SBAC-3</bpref>
        <bpref>SBAC-3|OA</bpref>
        <bpref>SBAC-3|OA|NA</bpref>
        <bpref>SBAC-3|OA|NA|B-4</bpref>
        <passageref>200-172081</passageref>
        <poolproperty label="English" value="ENU" property="Language"/>
        <poolproperty label="Braille" value="ENU-Braille" property="Language"/>
        <poolproperty label="Spanish" value="ESN" property="Language"/>
        <poolproperty label="ItemType = SA" value="SA" property="--ITEMTYPE--"/>
        <poolproperty label="Answer Key = SA" value="SA" property="Answer Key"/>
        <poolproperty label="ASL = Y" value="Y" property="ASL"/>
        <poolproperty label="Braille = BRF" value="BRF" property="Braille"/>
        <poolproperty label="Depth of Knowledge = 3" value="3" property="Depth of Knowledge"/>
        <poolproperty label="Grade = 4" value="4" property="Grade"/>
        <poolproperty label="Scoring Engine = HandScored" value="HandScored" property="Scoring Engine"/>
        <itemscoredimension measurementmodel="IRTGPC" weight="1.0" scorepoints="2">
          <itemscoreparameter value="0.6816" measurementparameter="a"/>
          <itemscoreparameter value="-0.1433" measurementparameter="b0"/>
          <itemscoreparameter value="0.7231" measurementparameter="b1"/>
        </itemscoredimension>
      </testitem>
    </itempool>
    <testform length="6">
      <identifier version="3" name="(SBAC)SBAC-IAB-MATH-Perf-IRP-4-2020-2021:Default-ENU" uniqueid="(SBAC)SBAC-IAB-MATH-Perf-IRP-4-2020-2021:Default-ENU"/>
      <property label="English" name="Language" value="ENU"/>
      <formpartition>
        <identifier version="3" name="Grade 4 MATH - Performance Task - IRP (IAB)::ENU" uniqueid="200-724538490"/>
        <itemgroup formposition="1" maxresponses="ALL" maxitems="ALL">
          <identifier version="3" name="200-724538490:G-200-172081-0" uniqueid="200-724538490:G-200-172081-0"/>
          <passageref>200-172081</passageref>
          <groupitem blockid="A" groupposition="1" isfieldtest="false" responserequired="true" formposition="1" adminrequired="true" itemid="200-77953" isactive="true"/>
          <groupitem blockid="A" groupposition="2" isfieldtest="false" responserequired="true" formposition="2" adminrequired="true" itemid="200-77954" isactive="true"/>
          <groupitem blockid="A" groupposition="3" isfieldtest="false" responserequired="true" formposition="3" adminrequired="true" itemid="200-77959" isactive="true"/>
          <groupitem blockid="A" groupposition="4" isfieldtest="false" responserequired="true" formposition="4" adminrequired="true" itemid="200-77963" isactive="true"/>
          <groupitem blockid="A" groupposition="5" isfieldtest="false" responserequired="true" formposition="5" adminrequired="true" itemid="200-77981" isactive="true"/>
          <groupitem blockid="A" groupposition="6" isfieldtest="false" responserequired="true" formposition="6" adminrequired="true" itemid="200-77982" isactive="true"/>
        </itemgroup>
      </formpartition>
    </testform>
    <testform length="6">
      <identifier version="3" name="(SBAC)SBAC-IAB-MATH-Perf-IRP-4-2020-2021:Default-ENU-Braille" uniqueid="(SBAC)SBAC-IAB-MATH-Perf-IRP-4-2020-2021:Default-ENU-Braille"/>
      <property label="Braille" name="Language" value="ENU-Braille"/>
      <formpartition>
        <identifier version="3" name="Grade 4 MATH - Performance Task - IRP (IAB)::BRL" uniqueid="200-724541258"/>
        <itemgroup formposition="1" maxresponses="ALL" maxitems="ALL">
          <identifier version="3" name="200-724541258:G-200-172081-0" uniqueid="200-724541258:G-200-172081-0"/>
          <passageref>200-172081</passageref>
          <groupitem blockid="A" groupposition="1" isfieldtest="false" responserequired="true" formposition="1" adminrequired="true" itemid="200-77953" isactive="true"/>
          <groupitem blockid="A" groupposition="2" isfieldtest="false" responserequired="true" formposition="2" adminrequired="true" itemid="200-77954" isactive="true"/>
          <groupitem blockid="A" groupposition="3" isfieldtest="false" responserequired="true" formposition="3" adminrequired="true" itemid="200-77959" isactive="true"/>
          <groupitem blockid="A" groupposition="4" isfieldtest="false" responserequired="true" formposition="4" adminrequired="true" itemid="200-77963" isactive="true"/>
          <groupitem blockid="A" groupposition="5" isfieldtest="false" responserequired="true" formposition="5" adminrequired="true" itemid="200-77981" isactive="true"/>
          <groupitem blockid="A" groupposition="6" isfieldtest="false" responserequired="true" formposition="6" adminrequired="true" itemid="200-77982" isactive="true"/>
        </itemgroup>
      </formpartition>
    </testform>
    <testform length="6">
      <identifier version="3" name="(SBAC)SBAC-IAB-MATH-Perf-IRP-4-2020-2021:Default-ESN" uniqueid="(SBAC)SBAC-IAB-MATH-Perf-IRP-4-2020-2021:Default-ESN"/>
      <property label="Spanish" name="Language" value="ESN"/>
      <formpartition>
        <identifier version="3" name="Grade 4 MATH - Performance Task - IRP (IAB)::SPA" uniqueid="200-724524994"/>
        <itemgroup formposition="1" maxresponses="ALL" maxitems="ALL">
          <identifier version="3" name="200-724524994:G-200-172081-0" uniqueid="200-724524994:G-200-172081-0"/>
          <passageref>200-172081</passageref>
          <groupitem blockid="A" groupposition="1" isfieldtest="false" responserequired="true" formposition="1" adminrequired="true" itemid="200-77953" isactive="true"/>
          <groupitem blockid="A" groupposition="2" isfieldtest="false" responserequired="true" formposition="2" adminrequired="true" itemid="200-77954" isactive="true"/>
          <groupitem blockid="A" groupposition="3" isfieldtest="false" responserequired="true" formposition="3" adminrequired="true" itemid="200-77959" isactive="true"/>
          <groupitem blockid="A" groupposition="4" isfieldtest="false" responserequired="true" formposition="4" adminrequired="true" itemid="200-77963" isactive="true"/>
          <groupitem blockid="A" groupposition="5" isfieldtest="false" responserequired="true" formposition="5" adminrequired="true" itemid="200-77981" isactive="true"/>
          <groupitem blockid="A" groupposition="6" isfieldtest="false" responserequired="true" formposition="6" adminrequired="true" itemid="200-77982" isactive="true"/>
        </itemgroup>
      </formpartition>
    </testform>
    <performancelevels>
      <performancelevel bpelementid="(SBAC)SBAC-IAB-MATH-Perf-IRP-4-2020-2021" scaledhi="2411.0" scaledlo="2204.0" plevel="1"/>
      <performancelevel bpelementid="(SBAC)SBAC-IAB-MATH-Perf-IRP-4-2020-2021" scaledhi="2485.0" scaledlo="2411.0" plevel="2"/>
      <performancelevel bpelementid="(SBAC)SBAC-IAB-MATH-Perf-IRP-4-2020-2021" scaledhi="2549.0" scaledlo="2485.0" plevel="3"/>
      <performancelevel bpelementid="(SBAC)SBAC-IAB-MATH-Perf-IRP-4-2020-2021" scaledhi="2659.0" scaledlo="2549.0" plevel="4"/>
    </performancelevels>
    <scoringrules>
      <computationrule bpelementid="(SBAC)SBAC-IAB-MATH-Perf-IRP-4-2020-2021" computationorder="10">
        <identifier version="1" label="Attempted" name="SBACIABAttemptedness" uniqueid="afe83108-b46d-448a-8787-114dba7bdada"/>
      </computationrule>
      <computationrule bpelementid="(SBAC)SBAC-IAB-MATH-Perf-IRP-4-2020-2021" computationorder="20">
        <identifier version="1" label="ThetaScore" name="SBACTheta" uniqueid="235a81e0-8a86-418d-babc-f96cef2c94e8"/>
        <computationruleparameter position="1" parametertype="double">
          <identifier version="1" name="LOT" uniqueid="9570cfc4-14dd-4a51-a778-d539ed5e2412"/>
          <computationruleparametervalue value="-3.9204"/>
        </computationruleparameter>
        <computationruleparameter position="2" parametertype="double">
          <identifier version="1" name="HOT" uniqueid="6c8ba69d-8ea3-4fa9-a1b0-9748539f8535"/>
          <computationruleparametervalue value="1.8191"/>
        </computationruleparameter>
        <computationruleparameter position="3" parametertype="double">
          <identifier version="1" name="seLimit" uniqueid="52d8e701-9a8f-4883-b243-844ec90150d1"/>
          <computationruleparametervalue value="2.5"/>
        </computationruleparameter>
      </computationrule>
      <computationrule bpelementid="(SBAC)SBAC-IAB-MATH-Perf-IRP-4-2020-2021" computationorder="30">
        <identifier version="1" label="ScaleScore" name="ScaleScore" uniqueid="4ea5aeeb-57ac-4a51-97dc-d65bb920791e"/>
      </computationrule>
      <computationrule bpelementid="(SBAC)SBAC-IAB-MATH-Perf-IRP-4-2020-2021" computationorder="40">
        <identifier version="1" label="PerformanceLevel" name="SEBasedPLWithRounding" uniqueid="cb88353a-d3b8-47cb-8bb5-b357cd6ce06c"/>
        <computationruleparameter position="1" parametertype="double">
          <identifier version="1" name="seMultiple" uniqueid="58edc0d8-2d83-4723-9b64-89a03d973bcd"/>
          <computationruleparametervalue value="1.5"/>
        </computationruleparameter>
        <computationruleparameter position="2" parametertype="int">
          <identifier version="1" name="proficientPerformanceLevel" uniqueid="584a0df9-ed7f-4afd-90c5-d7032a09d04a"/>
          <computationruleparametervalue value="3"/>
        </computationruleparameter>
        <computationruleparameter position="3" parametertype="double">
          <identifier version="1" name="LOT" uniqueid="cc9ad628-941f-4b9d-b5fa-26a0640dc7d9"/>
          <computationruleparametervalue value="-3.9204"/>
        </computationruleparameter>
        <computationruleparameter position="4" parametertype="double">
          <identifier version="1" name="HOT" uniqueid="c3bb0ba3-56ce-463e-b8d0-ce92d034887b"/>
          <computationruleparametervalue value="1.8191"/>
        </computationruleparameter>
      </computationrule>
      <computationrule bpelementid="(SBAC)SBAC-IAB-MATH-Perf-IRP-4-2020-2021" computationorder="50">
        <identifier version="1" label="AccommodationCodes" name="SBACAccommodationUseCodes" uniqueid="168c050b-9061-49a2-a21e-99f9cd75bef5"/>
        <computationruleparameter position="1" parametertype="string">
          <identifier version="1" name="accomNoCodes" uniqueid="91290fbd-414e-4e80-b23c-9372a60ac701"/>
          <property name="indextype" value="string"/>
          <computationruleparametervalue index="Print Size" value="TDS_PS_L0"/>
        </computationruleparameter>
      </computationrule>
    </scoringrules>
  </scoring>
</testspecification>
