<testspecification version="1" purpose="scoring" publishdate="Mar 27 2020 12:13AM" publisher="SBAC">
  <identifier version="3" label="SBAC-IAB-ELA-Perf-IRP-7" name="SBAC-IAB-ELA-Perf-IRP-7" uniqueid="(SBAC)SBAC-IAB-ELA-Perf-IRP-7-2023-2024"/>
  <property label="ELA" name="subject" value="ELA"/>
  <property label="interim" name="type" value="interim"/>
  <property label="7" name="grade" value="7"/>
  <scoring>
    <testblueprint>
      <bpelement maxftitems="0" opitemcount="3" elementtype="test" minopitems="0" maxopitems="3" ftitemcount="0" minftitems="0">
        <identifier version="3" name="SBAC-IAB-ELA-Perf-IRP-7" uniqueid="(SBAC)SBAC-IAB-ELA-Perf-IRP-7-2023-2024"/>
      </bpelement>
      <bpelement maxftitems="0" opitemcount="2" elementtype="segment" minopitems="0" maxopitems="2" ftitemcount="0" minftitems="0">
        <identifier version="3" name="SBAC-IAB-ELA-Perf-IRP-7-SEG1-PT1" uniqueid="(SBAC)SBAC-IAB-ELA-Perf-IRP-7-SEG1-PT1-2023-2024"/>
      </bpelement>
      <bpelement maxftitems="0" opitemcount="1" elementtype="segment" minopitems="0" maxopitems="1" ftitemcount="0" minftitems="0">
        <identifier version="3" name="SBAC-IAB-ELA-Perf-IRP-7-SEG2-PT2" uniqueid="(SBAC)SBAC-IAB-ELA-Perf-IRP-7-SEG2-PT2-2023-2024"/>
      </bpelement>
      <bpelement maxftitems="0" opitemcount="2" elementtype="strand" minopitems="0" maxopitems="2" ftitemcount="0" minftitems="0">
        <identifier version="3" name="4-CR" uniqueid="SBAC-4-CR"/>
      </bpelement>
      <bpelement maxftitems="0" opitemcount="1" elementtype="contentlevel" minopitems="0" maxopitems="1" parentid="SBAC-2-W|2-7" ftitemcount="0" minftitems="0">
        <identifier version="3" name="2-W|2-7|7.W.3a" uniqueid="SBAC-2-W|2-7|7.W.3a"/>
      </bpelement>
      <bpelement maxftitems="0" opitemcount="1" elementtype="contentlevel" minopitems="0" maxopitems="1" parentid="SBAC-4-CR|4-7" ftitemcount="0" minftitems="0">
        <identifier version="3" name="4-CR|4-7|7.W.8" uniqueid="SBAC-4-CR|4-7|7.W.8"/>
      </bpelement>
      <bpelement maxftitems="0" opitemcount="1" elementtype="contentlevel" minopitems="0" maxopitems="1" parentid="SBAC-2-W" ftitemcount="0" minftitems="0">
        <identifier version="3" name="2-W|2-7" uniqueid="SBAC-2-W|2-7"/>
      </bpelement>
      <bpelement maxftitems="0" opitemcount="1" elementtype="strand" minopitems="0" maxopitems="1" ftitemcount="0" minftitems="0">
        <identifier version="3" name="2-W" uniqueid="SBAC-2-W"/>
      </bpelement>
      <bpelement maxftitems="0" opitemcount="1" elementtype="contentlevel" minopitems="0" maxopitems="1" parentid="SBAC-4-CR|3-7" ftitemcount="0" minftitems="0">
        <identifier version="3" name="4-CR|3-7|7.W.8" uniqueid="SBAC-4-CR|3-7|7.W.8"/>
      </bpelement>
      <bpelement maxftitems="0" opitemcount="1" elementtype="contentlevel" minopitems="0" maxopitems="1" parentid="SBAC-4-CR" ftitemcount="0" minftitems="0">
        <identifier version="3" name="4-CR|4-7" uniqueid="SBAC-4-CR|4-7"/>
      </bpelement>
      <bpelement maxftitems="0" opitemcount="1" elementtype="contentlevel" minopitems="0" maxopitems="1" parentid="SBAC-4-CR" ftitemcount="0" minftitems="0">
        <identifier version="3" name="4-CR|3-7" uniqueid="SBAC-4-CR|3-7"/>
      </bpelement>
    </testblueprint>
    <itempool>
      <passage filename="stim-200-171857.xml">
        <identifier version="3" uniqueid="200-171857"/>
      </passage>
      <testitem itemtype="MC" filename="item-200-55391.xml">
        <identifier version="3" uniqueid="200-55391"/>
        <bpref>(SBAC)SBAC-IAB-ELA-Perf-IRP-7-SEG1-PT1-2023-2024</bpref>
        <bpref>SBAC-4-CR</bpref>
        <bpref>SBAC-4-CR|3-7</bpref>
        <bpref>SBAC-4-CR|3-7|7.W.8</bpref>
        <passageref>200-171857</passageref>
        <poolproperty label="English" value="ENU" property="Language"/>
        <poolproperty label="Braille" value="ENU-Braille" property="Language"/>
        <poolproperty label="ItemType = MC" value="MC" property="--ITEMTYPE--"/>
        <poolproperty label="Answer Key = A" value="A" property="Answer Key"/>
        <poolproperty label="ASL = N" value="N" property="ASL"/>
        <poolproperty label="Braille = BRF" value="BRF" property="Braille"/>
        <poolproperty label="Depth of Knowledge = 3" value="3" property="Depth of Knowledge"/>
        <poolproperty label="Grade = 7" value="7" property="Grade"/>
        <poolproperty label="Scoring Engine = Automatic with Key" value="Automatic with Key" property="Scoring Engine"/>
        <itemscoredimension measurementmodel="IRT3PLn" weight="1.0" scorepoints="1">
          <itemscoreparameter value="0.59364" measurementparameter="a"/>
          <itemscoreparameter value="0.54401" measurementparameter="b"/>
          <itemscoreparameter value="0.0" measurementparameter="c"/>
        </itemscoredimension>
      </testitem>
      <testitem itemtype="SA" filename="item-200-61210.xml">
        <identifier version="3" uniqueid="200-61210"/>
        <bpref>(SBAC)SBAC-IAB-ELA-Perf-IRP-7-SEG1-PT1-2023-2024</bpref>
        <bpref>SBAC-4-CR</bpref>
        <bpref>SBAC-4-CR|4-7</bpref>
        <bpref>SBAC-4-CR|4-7|7.W.8</bpref>
        <passageref>200-171857</passageref>
        <poolproperty label="English" value="ENU" property="Language"/>
        <poolproperty label="Braille" value="ENU-Braille" property="Language"/>
        <poolproperty label="ItemType = SA" value="SA" property="--ITEMTYPE--"/>
        <poolproperty label="Answer Key = SA" value="SA" property="Answer Key"/>
        <poolproperty label="ASL = N" value="N" property="ASL"/>
        <poolproperty label="Braille = BRF" value="BRF" property="Braille"/>
        <poolproperty label="Depth of Knowledge = 3" value="3" property="Depth of Knowledge"/>
        <poolproperty label="Grade = 7" value="7" property="Grade"/>
        <poolproperty label="Scoring Engine = HandScored" value="HandScored" property="Scoring Engine"/>
        <itemscoredimension measurementmodel="IRTGPC" weight="1.0" scorepoints="2">
          <itemscoreparameter value="0.76435" measurementparameter="a"/>
          <itemscoreparameter value="0.43464" measurementparameter="b0"/>
          <itemscoreparameter value="1.76102" measurementparameter="b1"/>
        </itemscoredimension>
      </testitem>
      <testitem itemtype="WER" filename="item-200-55393.xml">
        <identifier version="3" uniqueid="200-55393"/>
        <bpref>(SBAC)SBAC-IAB-ELA-Perf-IRP-7-SEG2-PT2-2023-2024</bpref>
        <bpref>SBAC-2-W</bpref>
        <bpref>SBAC-2-W|2-7</bpref>
        <bpref>SBAC-2-W|2-7|7.W.3a</bpref>
        <passageref>200-171857</passageref>
        <poolproperty label="English" value="ENU" property="Language"/>
        <poolproperty label="Braille" value="ENU-Braille" property="Language"/>
        <poolproperty label="ItemType = WER" value="WER" property="--ITEMTYPE--"/>
        <poolproperty label="Answer Key = WER" value="WER" property="Answer Key"/>
        <poolproperty label="ASL = N" value="N" property="ASL"/>
        <poolproperty label="Braille = BRF" value="BRF" property="Braille"/>
        <poolproperty label="Depth of Knowledge = 4" value="4" property="Depth of Knowledge"/>
        <poolproperty label="Grade = 7" value="7" property="Grade"/>
        <poolproperty label="Scoring Engine = HandScored" value="HandScored" property="Scoring Engine"/>
        <itemscoredimension measurementmodel="IRTGPC" weight="1.0" dimension="C" scorepoints="2">
          <itemscoreparameter value="0.9452" measurementparameter="a"/>
          <itemscoreparameter value="-0.21148" measurementparameter="b0"/>
          <itemscoreparameter value="0.54702" measurementparameter="b1"/>
        </itemscoredimension>
        <itemscoredimension measurementmodel="IRTGPC" weight="1.0" dimension="D" scorepoints="4">
          <itemscoreparameter value="0.61023" measurementparameter="a"/>
          <itemscoreparameter value="-0.68479" measurementparameter="b0"/>
          <itemscoreparameter value="-0.1517" measurementparameter="b1"/>
          <itemscoreparameter value="1.25336" measurementparameter="b2"/>
          <itemscoreparameter value="3.15217" measurementparameter="b3"/>
        </itemscoredimension>
      </testitem>
    </itempool>
    <testform length="3">
      <identifier version="3" name="(SBAC)SBAC-IAB-ELA-Perf-IRP-7-2023-2024:Default-ENU" uniqueid="(SBAC)SBAC-IAB-ELA-Perf-IRP-7-2023-2024:Default-ENU"/>
      <property label="English" name="Language" value="ENU"/>
      <formpartition>
        <identifier version="3" name="Grade 7 ELA - Performance Task - IRP PT1 (IAB)::ENU" uniqueid="200-405076284"/>
        <itemgroup formposition="1" maxresponses="ALL" maxitems="ALL">
          <identifier version="3" name="200-405076284:G-200-171857-1" uniqueid="200-405076284:G-200-171857-1"/>
          <passageref>200-171857</passageref>
          <groupitem blockid="A" groupposition="1" isfieldtest="false" responserequired="true" formposition="1" adminrequired="true" itemid="200-55391" isactive="true"/>
          <groupitem blockid="A" groupposition="2" isfieldtest="false" responserequired="true" formposition="2" adminrequired="true" itemid="200-61210" isactive="true"/>
        </itemgroup>
      </formpartition>
      <formpartition>
        <identifier version="3" name="Grade 7 ELA - Performance Task - IRP PT2 (IAB)::ENU" uniqueid="200-275993565"/>
        <itemgroup formposition="1" maxresponses="0" maxitems="ALL">
          <identifier version="3" name="200-275993565:G-200-171857-2" uniqueid="200-275993565:G-200-171857-2"/>
          <passageref>200-171857</passageref>
          <groupitem blockid="A" groupposition="1" isfieldtest="false" responserequired="true" formposition="1" adminrequired="true" itemid="200-55393" isactive="true"/>
        </itemgroup>
      </formpartition>
    </testform>
    <testform length="3">
      <identifier version="3" name="(SBAC)SBAC-IAB-ELA-Perf-IRP-7-2023-2024:Default-ENU-Braille" uniqueid="(SBAC)SBAC-IAB-ELA-Perf-IRP-7-2023-2024:Default-ENU-Braille"/>
      <property label="Braille" name="Language" value="ENU-Braille"/>
      <formpartition>
        <identifier version="3" name="Grade 7 ELA - Performance Task - IRP PT1 (IAB)::BRL" uniqueid="200-405079052"/>
        <itemgroup formposition="1" maxresponses="ALL" maxitems="ALL">
          <identifier version="3" name="200-405079052:G-200-171857-1" uniqueid="200-405079052:G-200-171857-1"/>
          <passageref>200-171857</passageref>
          <groupitem blockid="A" groupposition="1" isfieldtest="false" responserequired="true" formposition="1" adminrequired="true" itemid="200-55391" isactive="true"/>
          <groupitem blockid="A" groupposition="2" isfieldtest="false" responserequired="true" formposition="2" adminrequired="true" itemid="200-61210" isactive="true"/>
        </itemgroup>
      </formpartition>
      <formpartition>
        <identifier version="3" name="Grade 7 ELA - Performance Task - IRP PT2 (IAB)::BRL" uniqueid="200-275996333"/>
        <itemgroup formposition="1" maxresponses="0" maxitems="ALL">
          <identifier version="3" name="200-275996333:G-200-171857-2" uniqueid="200-275996333:G-200-171857-2"/>
          <passageref>200-171857</passageref>
          <groupitem blockid="A" groupposition="1" isfieldtest="false" responserequired="true" formposition="1" adminrequired="true" itemid="200-55393" isactive="true"/>
        </itemgroup>
      </formpartition>
    </testform>
    <performancelevels>
      <performancelevel bpelementid="(SBAC)SBAC-IAB-ELA-Perf-IRP-7-2023-2024" scaledhi="2479.0" scaledlo="2258.0" plevel="1"/>
      <performancelevel bpelementid="(SBAC)SBAC-IAB-ELA-Perf-IRP-7-2023-2024" scaledhi="2552.0" scaledlo="2479.0" plevel="2"/>
      <performancelevel bpelementid="(SBAC)SBAC-IAB-ELA-Perf-IRP-7-2023-2024" scaledhi="2649.0" scaledlo="2552.0" plevel="3"/>
      <performancelevel bpelementid="(SBAC)SBAC-IAB-ELA-Perf-IRP-7-2023-2024" scaledhi="2745.0" scaledlo="2649.0" plevel="4"/>
    </performancelevels>
    <scoringrules>
      <computationrule bpelementid="(SBAC)SBAC-IAB-ELA-Perf-IRP-7-2023-2024" computationorder="10">
        <identifier version="1" label="Attempted" name="SBACIABAttemptedness" uniqueid="ef0af0bb-ced1-4911-a173-dc2dd3b008be"/>
      </computationrule>
      <computationrule bpelementid="(SBAC)SBAC-IAB-ELA-Perf-IRP-7-2023-2024" computationorder="20">
        <identifier version="1" label="ThetaScore" name="SBACTheta" uniqueid="3fc1ae98-0f57-45f9-b88c-4bd09f191d91"/>
        <computationruleparameter position="1" parametertype="double">
          <identifier version="1" name="LOT" uniqueid="ac52102a-d8c3-4c55-9a12-4a71cc63bf29"/>
          <computationruleparametervalue value="-2.9114"/>
        </computationruleparameter>
        <computationruleparameter position="2" parametertype="double">
          <identifier version="1" name="HOT" uniqueid="e16b6b97-2e1f-4eeb-9b7c-97012a8b41b1"/>
          <computationruleparametervalue value="2.7547"/>
        </computationruleparameter>
        <computationruleparameter position="3" parametertype="double">
          <identifier version="1" name="seLimit" uniqueid="080215e8-4593-4f43-b2ed-4d2e1b40dc3f"/>
          <computationruleparametervalue value="2.5"/>
        </computationruleparameter>
      </computationrule>
      <computationrule bpelementid="(SBAC)SBAC-IAB-ELA-Perf-IRP-7-2023-2024" computationorder="30">
        <identifier version="1" label="ScaleScore" name="ScaleScore" uniqueid="3367677e-045f-4c7d-8ce4-898d44c43361"/>
      </computationrule>
      <computationrule bpelementid="(SBAC)SBAC-IAB-ELA-Perf-IRP-7-2023-2024" computationorder="40">
        <identifier version="1" label="PerformanceLevel" name="SEBasedPLWithRounding" uniqueid="3c104a3f-d973-4377-9f04-b519e19febf7"/>
        <computationruleparameter position="1" parametertype="double">
          <identifier version="1" name="seMultiple" uniqueid="e05f1bd4-e22b-4bfc-b869-dedfb05ea428"/>
          <computationruleparametervalue value="1.5"/>
        </computationruleparameter>
        <computationruleparameter position="2" parametertype="int">
          <identifier version="1" name="proficientPerformanceLevel" uniqueid="553b20c1-1813-40f7-bea7-6992d51f633e"/>
          <computationruleparametervalue value="3"/>
        </computationruleparameter>
        <computationruleparameter position="3" parametertype="double">
          <identifier version="1" name="LOT" uniqueid="f1cbb764-9745-4501-ac31-1b23f8cf59cd"/>
          <computationruleparametervalue value="-2.9114"/>
        </computationruleparameter>
        <computationruleparameter position="4" parametertype="double">
          <identifier version="1" name="HOT" uniqueid="7143a4c9-affe-487e-9929-2c7b57768441"/>
          <computationruleparametervalue value="2.7547"/>
        </computationruleparameter>
      </computationrule>
      <computationrule bpelementid="(SBAC)SBAC-IAB-ELA-Perf-IRP-7-2023-2024" computationorder="50">
        <identifier version="1" label="AccommodationCodes" name="SBACAccommodationUseCodes" uniqueid="573b8854-34ca-4b7d-836b-ed45283656e8"/>
        <computationruleparameter position="1" parametertype="string">
          <identifier version="1" name="accomNoCodes" uniqueid="5547cb49-4758-4e2c-9fbc-0496cd60868b"/>
          <property name="indextype" value="string"/>
          <computationruleparametervalue index="Print Size" value="TDS_PS_L0"/>
        </computationruleparameter>
      </computationrule>
    </scoringrules>
  </scoring>
</testspecification>
