<testspecification version="1" purpose="scoring" publishdate="Mar 27 2020 12:13AM" publisher="SBAC">
  <identifier version="3" label="SBAC-IAB-ELA-Perf-IRP-4" name="SBAC-IAB-ELA-Perf-IRP-4" uniqueid="(SBAC)SBAC-IAB-ELA-Perf-IRP-4-2020-2021"/>
  <property label="ELA" name="subject" value="ELA"/>
  <property label="interim" name="type" value="interim"/>
  <property label="4" name="grade" value="4"/>
  <scoring>
    <testblueprint>
      <bpelement maxftitems="0" opitemcount="2" elementtype="test" minopitems="0" maxopitems="2" ftitemcount="0" minftitems="0">
        <identifier version="3" name="SBAC-IAB-ELA-Perf-IRP-4" uniqueid="(SBAC)SBAC-IAB-ELA-Perf-IRP-4-2020-2021"/>
      </bpelement>
      <bpelement maxftitems="0" opitemcount="1" elementtype="segment" minopitems="0" maxopitems="1" ftitemcount="0" minftitems="0">
        <identifier version="3" name="SBAC-IAB-ELA-Perf-IRP-4-SEG1-PT1" uniqueid="(SBAC)SBAC-IAB-ELA-Perf-IRP-4-SEG1-PT1-2020-2021"/>
      </bpelement>
      <bpelement maxftitems="0" opitemcount="1" elementtype="segment" minopitems="0" maxopitems="1" ftitemcount="0" minftitems="0">
        <identifier version="3" name="SBAC-IAB-ELA-Perf-IRP-4-SEG2-PT2" uniqueid="(SBAC)SBAC-IAB-ELA-Perf-IRP-4-SEG2-PT2-2020-2021"/>
      </bpelement>
      <bpelement maxftitems="0" opitemcount="1" elementtype="strand" minopitems="0" maxopitems="1" ftitemcount="0" minftitems="0">
        <identifier version="3" name="4-CR" uniqueid="SBAC-4-CR"/>
      </bpelement>
      <bpelement maxftitems="0" opitemcount="1" elementtype="contentlevel" minopitems="0" maxopitems="1" parentid="SBAC-4-CR" ftitemcount="0" minftitems="0">
        <identifier version="3" name="4-CR|2-4" uniqueid="SBAC-4-CR|2-4"/>
      </bpelement>
      <bpelement maxftitems="0" opitemcount="1" elementtype="contentlevel" minopitems="0" maxopitems="1" parentid="SBAC-4-CR|2-4" ftitemcount="0" minftitems="0">
        <identifier version="3" name="4-CR|2-4|4.W.8" uniqueid="SBAC-4-CR|2-4|4.W.8"/>
      </bpelement>
      <bpelement maxftitems="0" opitemcount="1" elementtype="strand" minopitems="0" maxopitems="1" ftitemcount="0" minftitems="0">
        <identifier version="3" name="2-W" uniqueid="SBAC-2-W"/>
      </bpelement>
      <bpelement maxftitems="0" opitemcount="1" elementtype="contentlevel" minopitems="0" maxopitems="1" parentid="SBAC-2-W" ftitemcount="0" minftitems="0">
        <identifier version="3" name="2-W|2-4" uniqueid="SBAC-2-W|2-4"/>
      </bpelement>
      <bpelement maxftitems="0" opitemcount="1" elementtype="contentlevel" minopitems="0" maxopitems="1" parentid="SBAC-2-W|2-4" ftitemcount="0" minftitems="0">
        <identifier version="3" name="2-W|2-4|4.W.3a" uniqueid="SBAC-2-W|2-4|4.W.3a"/>
      </bpelement>
    </testblueprint>
    <itempool>
      <passage filename="stim-200-171819.xml">
        <identifier version="3" uniqueid="200-171819"/>
      </passage>
      <testitem itemtype="SA" filename="item-200-61160.xml">
        <identifier version="3" uniqueid="200-61160"/>
        <bpref>(SBAC)SBAC-IAB-ELA-Perf-IRP-4-SEG1-PT1-2020-2021</bpref>
        <bpref>SBAC-4-CR</bpref>
        <bpref>SBAC-4-CR|2-4</bpref>
        <bpref>SBAC-4-CR|2-4|4.W.8</bpref>
        <passageref>200-171819</passageref>
        <poolproperty label="English" value="ENU" property="Language"/>
        <poolproperty label="Braille" value="ENU-Braille" property="Language"/>
        <poolproperty label="ItemType = SA" value="SA" property="--ITEMTYPE--"/>
        <poolproperty label="Answer Key = SA" value="SA" property="Answer Key"/>
        <poolproperty label="ASL = N" value="N" property="ASL"/>
        <poolproperty label="Braille = BRF" value="BRF" property="Braille"/>
        <poolproperty label="Depth of Knowledge = 3" value="3" property="Depth of Knowledge"/>
        <poolproperty label="Grade = 4" value="4" property="Grade"/>
        <poolproperty label="Scoring Engine = HandScored" value="HandScored" property="Scoring Engine"/>
        <itemscoredimension measurementmodel="IRTGPC" weight="1.0" scorepoints="2">
          <itemscoreparameter value="0.71976" measurementparameter="a"/>
          <itemscoreparameter value="0.17442" measurementparameter="b0"/>
          <itemscoreparameter value="-0.12314" measurementparameter="b1"/>
        </itemscoredimension>
      </testitem>
      <testitem itemtype="WER" filename="item-200-54697.xml">
        <identifier version="3" uniqueid="200-54697"/>
        <bpref>(SBAC)SBAC-IAB-ELA-Perf-IRP-4-SEG2-PT2-2020-2021</bpref>
        <bpref>SBAC-2-W</bpref>
        <bpref>SBAC-2-W|2-4</bpref>
        <bpref>SBAC-2-W|2-4|4.W.3a</bpref>
        <passageref>200-171819</passageref>
        <poolproperty label="English" value="ENU" property="Language"/>
        <poolproperty label="Braille" value="ENU-Braille" property="Language"/>
        <poolproperty label="ItemType = WER" value="WER" property="--ITEMTYPE--"/>
        <poolproperty label="Answer Key = WER" value="WER" property="Answer Key"/>
        <poolproperty label="ASL = N" value="N" property="ASL"/>
        <poolproperty label="Braille = BRF" value="BRF" property="Braille"/>
        <poolproperty label="Depth of Knowledge = 4" value="4" property="Depth of Knowledge"/>
        <poolproperty label="Grade = 4" value="4" property="Grade"/>
        <poolproperty label="Scoring Engine = HandScored" value="HandScored" property="Scoring Engine"/>
        <itemscoredimension measurementmodel="IRTGPC" weight="1.0" dimension="C" scorepoints="2">
          <itemscoreparameter value="0.85248" measurementparameter="a"/>
          <itemscoreparameter value="-0.13199" measurementparameter="b0"/>
          <itemscoreparameter value="0.22167" measurementparameter="b1"/>
        </itemscoredimension>
        <itemscoredimension measurementmodel="IRTGPC" weight="1.0" dimension="D" scorepoints="4">
          <itemscoreparameter value="0.48553" measurementparameter="a"/>
          <itemscoreparameter value="0.35227" measurementparameter="b0"/>
          <itemscoreparameter value="-1.06559" measurementparameter="b1"/>
          <itemscoreparameter value="0.14121" measurementparameter="b2"/>
          <itemscoreparameter value="0.9889" measurementparameter="b3"/>
        </itemscoredimension>
      </testitem>
    </itempool>
    <testform length="2">
      <identifier version="3" name="(SBAC)SBAC-IAB-ELA-Perf-IRP-4-2020-2021:Default-ENU-Braille" uniqueid="(SBAC)SBAC-IAB-ELA-Perf-IRP-4-2020-2021:Default-ENU-Braille"/>
      <property label="Braille" name="Language" value="ENU-Braille"/>
      <formpartition>
        <identifier version="3" name="Grade 4 ELA - Performance Task - IRP PT1 (IAB)::BRL" uniqueid="200-402175089"/>
        <itemgroup formposition="1" maxresponses="0" maxitems="ALL">
          <identifier version="3" name="200-402175089:G-200-171819-1" uniqueid="200-402175089:G-200-171819-1"/>
          <passageref>200-171819</passageref>
          <groupitem blockid="A" groupposition="1" isfieldtest="false" responserequired="true" formposition="1" adminrequired="true" itemid="200-61160" isactive="true"/>
        </itemgroup>
      </formpartition>
      <formpartition>
        <identifier version="3" name="Grade 4 ELA - Performance Task - IRP PT2 (IAB)::BRL" uniqueid="200-531257808"/>
        <itemgroup formposition="1" maxresponses="0" maxitems="ALL">
          <identifier version="3" name="200-531257808:G-200-171819-2" uniqueid="200-531257808:G-200-171819-2"/>
          <passageref>200-171819</passageref>
          <groupitem blockid="A" groupposition="1" isfieldtest="false" responserequired="true" formposition="1" adminrequired="true" itemid="200-54697" isactive="true"/>
        </itemgroup>
      </formpartition>
    </testform>
    <testform length="2">
      <identifier version="3" name="(SBAC)SBAC-IAB-ELA-Perf-IRP-4-2020-2021:Default-ENU" uniqueid="(SBAC)SBAC-IAB-ELA-Perf-IRP-4-2020-2021:Default-ENU"/>
      <property label="English" name="Language" value="ENU"/>
      <formpartition>
        <identifier version="3" name="Grade 4 ELA - Performance Task - IRP PT1 (IAB)::ENU" uniqueid="200-402177857"/>
        <itemgroup formposition="1" maxresponses="0" maxitems="ALL">
          <identifier version="3" name="200-402177857:G-200-171819-1" uniqueid="200-402177857:G-200-171819-1"/>
          <passageref>200-171819</passageref>
          <groupitem blockid="A" groupposition="1" isfieldtest="false" responserequired="true" formposition="1" adminrequired="true" itemid="200-61160" isactive="true"/>
        </itemgroup>
      </formpartition>
      <formpartition>
        <identifier version="3" name="Grade 4 ELA - Performance Task - IRP PT2 (IAB)::ENU" uniqueid="200-531260576"/>
        <itemgroup formposition="1" maxresponses="0" maxitems="ALL">
          <identifier version="3" name="200-531260576:G-200-171819-2" uniqueid="200-531260576:G-200-171819-2"/>
          <passageref>200-171819</passageref>
          <groupitem blockid="A" groupposition="1" isfieldtest="false" responserequired="true" formposition="1" adminrequired="true" itemid="200-54697" isactive="true"/>
        </itemgroup>
      </formpartition>
    </testform>
    <performancelevels>
      <performancelevel bpelementid="(SBAC)SBAC-IAB-ELA-Perf-IRP-4-2020-2021" scaledhi="2416.0" scaledlo="2131.0" plevel="1"/>
      <performancelevel bpelementid="(SBAC)SBAC-IAB-ELA-Perf-IRP-4-2020-2021" scaledhi="2473.0" scaledlo="2416.0" plevel="2"/>
      <performancelevel bpelementid="(SBAC)SBAC-IAB-ELA-Perf-IRP-4-2020-2021" scaledhi="2533.0" scaledlo="2473.0" plevel="3"/>
      <performancelevel bpelementid="(SBAC)SBAC-IAB-ELA-Perf-IRP-4-2020-2021" scaledhi="2663.0" scaledlo="2533.0" plevel="4"/>
    </performancelevels>
    <scoringrules>
      <computationrule bpelementid="(SBAC)SBAC-IAB-ELA-Perf-IRP-4-2020-2021" computationorder="10">
        <identifier version="1" label="Attempted" name="SBACIABAttemptedness" uniqueid="440e8c3d-563a-4709-b5ed-c17e17891af9"/>
      </computationrule>
      <computationrule bpelementid="(SBAC)SBAC-IAB-ELA-Perf-IRP-4-2020-2021" computationorder="20">
        <identifier version="1" label="ThetaScore" name="SBACTheta" uniqueid="8db30f6b-997b-42a5-a1a7-4e90da924de5"/>
        <computationruleparameter position="1" parametertype="double">
          <identifier version="1" name="LOT" uniqueid="0bdbf80a-7d57-4637-beba-13a07239b00d"/>
          <computationruleparametervalue value="-4.3962"/>
        </computationruleparameter>
        <computationruleparameter position="2" parametertype="double">
          <identifier version="1" name="HOT" uniqueid="6bca2b69-78ef-46f2-95f6-08960738a70d"/>
          <computationruleparametervalue value="1.8014"/>
        </computationruleparameter>
        <computationruleparameter position="3" parametertype="double">
          <identifier version="1" name="seLimit" uniqueid="39fd9f4b-6e79-480b-a467-d12e31282da1"/>
          <computationruleparametervalue value="2.5"/>
        </computationruleparameter>
      </computationrule>
      <computationrule bpelementid="(SBAC)SBAC-IAB-ELA-Perf-IRP-4-2020-2021" computationorder="30">
        <identifier version="1" label="ScaleScore" name="ScaleScore" uniqueid="bdd65234-d7da-4837-9db0-9bb56a04f5f9"/>
      </computationrule>
      <computationrule bpelementid="(SBAC)SBAC-IAB-ELA-Perf-IRP-4-2020-2021" computationorder="40">
        <identifier version="1" label="PerformanceLevel" name="SEBasedPLWithRounding" uniqueid="fdf523c2-96cb-406d-8d73-6fdb7e95dffb"/>
        <computationruleparameter position="1" parametertype="double">
          <identifier version="1" name="seMultiple" uniqueid="3d72d16f-a1dd-409b-9194-50e13f56773c"/>
          <computationruleparametervalue value="1.5"/>
        </computationruleparameter>
        <computationruleparameter position="2" parametertype="int">
          <identifier version="1" name="proficientPerformanceLevel" uniqueid="6680d61d-0629-4674-9042-8e8338111ea5"/>
          <computationruleparametervalue value="3"/>
        </computationruleparameter>
        <computationruleparameter position="3" parametertype="double">
          <identifier version="1" name="LOT" uniqueid="a3a3a7bd-f98c-4145-b452-4a5598ab7499"/>
          <computationruleparametervalue value="-4.3962"/>
        </computationruleparameter>
        <computationruleparameter position="4" parametertype="double">
          <identifier version="1" name="HOT" uniqueid="3e65b7b7-635e-4104-8c23-56bdd66441c3"/>
          <computationruleparametervalue value="1.8014"/>
        </computationruleparameter>
      </computationrule>
      <computationrule bpelementid="(SBAC)SBAC-IAB-ELA-Perf-IRP-4-2020-2021" computationorder="50">
        <identifier version="1" label="AccommodationCodes" name="SBACAccommodationUseCodes" uniqueid="ce6fe339-2d9b-4532-9c8d-7d0bcfc0975c"/>
        <computationruleparameter position="1" parametertype="string">
          <identifier version="1" name="accomNoCodes" uniqueid="62a56c63-907a-47ea-aab5-8be28f3b0ded"/>
          <property name="indextype" value="string"/>
          <computationruleparametervalue index="Print Size" value="TDS_PS_L0"/>
        </computationruleparameter>
      </computationrule>
    </scoringrules>
  </scoring>
</testspecification>
