<?xml version="1.0" encoding="UTF-8"?><qti-assessment-stimulus xsi:schemaLocation="http://www.imsglobal.org/xsd/imsqtiasi_v3p0 https://purl.imsglobal.org/spec/qti/v3p0/schema/xsd/imsqti_asiv3p0_v1p0.xsd http://www.w3.org/1998/Math/MathML https://purl.imsglobal.org/spec/mathml/v3p0/schema/xsd/mathml3.xsd http://www.w3.org/2001/10/synthesis https://purl.imsglobal.org/spec/ssml/v1p1/schema/xsd/ssmlv1p1-core.xsd http://www.w3.org/2001/XInclude https://purl.imsglobal.org/spec/w3/2001/schema/xsd/XInclude.xsd " xmlns="http://www.imsglobal.org/xsd/imsqtiasi_v3p0" xmlns:m3="http://www.w3.org/1998/Math/MathML" xmlns:ssml11="http://www.w3.org/2001/10/synthesis" xmlns:xi="http://www.w3.org/2001/XInclude" xmlns:xsi="http://www.w3.org/2001/XMLSchema-instance" identifier="sbac-200-193792" title="193792" xml:lang="en" tool-name="TIMS QTI 3.0 Export" tool-version="5.6.7"><qti-stylesheet href="sbac-qti-assessment.css"/><qti-stimulus-body class="sbac"><div data-catalog-idref="item-193792-global" class="sbac-global-item-catalog-ref"/><div><br/><br/><p><span data-catalog-idref="item-193792-catalog-0"/><span aria-hidden="true">Read</span> the text. Then answer the questions that follow.<br/> <br/><strong>Moving to the Back of </strong><strong><span data-catalog-idref="item-193792-catalog-8"/><span aria-hidden="true">Beyond</span></strong><br/><br/>When my parents said the three of us were moving out to California, to a place just north of Los Angeles, my mind immediately went to thoughts of Disneyland and Hollywood, glitz and glamour. I imagined a Rodeo Drive shopping spree to pick out a bikini for the endless days I would be spending on the beach. However, I’d forgotten about my parents’ penchant for the unconventional; they’re definitely “the road less traveled” kind of people. Mom had a gopher snake for a pet when she was younger, and Dad was never happier than when he was climbing near-vertical cliffs that only mountain goats could love. These are not city folk.<br/><br/>They had chosen to buy a <span data-catalog-idref="item-193792-catalog-1"/><span aria-hidden="true">900-square-foot</span> cabin under a <span data-catalog-idref="item-193792-catalog-2"/><span aria-hidden="true">250</span>-year-old oak tree in the high <span data-catalog-idref="item-193792-catalog-3"/><span aria-hidden="true">chaparral<sup>1</sup></span> forest out in the back of beyond—so far away from Los Angeles that you couldn’t even see the glow of the lights at night. When I first saw where we were going to <span data-catalog-idref="item-193792-catalog-4"/><span aria-hidden="true">live</span>, I vacillated between feeling terrified and excited. This would be an adventure, for sure. But this was no camping trip where you could go home to civilization after a few days of roughing it; this <span style=""><em>was</em></span> home, and roughing it was the new normal.<br/><br/>On move-in day, we drove fifteen miles out from Antelope Valley—where the nearest grocery store was located—on a two-lane road past llamas, cattle, and horses. Up and up we went, until finally we turned down a dirt road and headed into a canyon full of towering Coulter pines, blue-green sagebrush, and ancient canyon live oaks. I didn’t know the names of these plants then, of course; I learned them later. That first day all I saw then was a million shades of green.<br/><br/>We parked under an oak tree that shaded our cabin and a front yard of rock, sand, and sagebrush twice as large as the cabin itself. On the stone staircase that led to the front door, black lizards interrupted their <span data-catalog-idref="item-193792-catalog-5"/><span aria-hidden="true">push-ups</span> to twist their heads and eye us as we passed. Scrub jays squawked and hummingbirds zoomed past the eaves, scolding us with their territorial calls. No cars roared past. No radios blared from a neighbor’s house. There were no neighbors—no human neighbors, anyway.<br/><br/>Our new home consisted of one bedroom, one bathroom, and one big room for everything else. A fireplace in the corner of the big room would be our sole source of heat in the winter. A swamp box (cooler) would blow a breeze over a big damp pad to keep us cool all summer, or so my father said. But it was early autumn that day, and the temperature was perfect in the shade of the oak tree. <span style=""><em>Our</em></span> oak tree, I thought; I was settling in.<br/><br/>Mom wiped a layer of grime off the kitchen counter and muttered about getting a bottle of bleach on our next trip into town. That was the beginning of an important lesson about living in the back of beyond: you don’t just zip over to the local convenience store anytime you need something out here. You have to make a careful list and check it twice so that you don’t forget anything, because anywhere is a long way from here.<br/><br/>On my first walk around the property, I saw two horned toads, a red-tailed hawk, and some deer tracks. I wondered what else I might find deeper and higher in the canyon. Dad told me the real estate agent had mentioned that coyotes, bobcats, mountain lions, rattlesnakes, and even bears roamed these hills. To my surprise, I found I couldn’t wait to see them. All of them. I felt my feet taking root in the earth, claiming this place as home.<br/><br/>With no street lamps timed to turn on at sunset, when night came it was darker than anything I had ever experienced. Mom and I went out to look at the stars while Dad tried to unplug the ancient toilet. In the city, or even in the suburbs where I had lived before, you could see only the brightest stars in the sky. But out here, it was like being in a planetarium, except there were no labels typed onto our sky. The sheer number and spread of stars was awe-inspiring.<br/><br/>That first night, we slept on air mattresses on the living room floor because the movers had not yet arrived. There were no curtains on the windows, so when the moon rose, it shone in as if moonbeams were an integral part of the cabin.<br/><br/>Eventually, I moved into the bedroom and Mom and Dad got a foldout bed for the living room. Over the next few months, I began to count the passage of time in full moons rather than by the pages of a calendar, and for the first time I really noticed the days growing shorter in winter and longer in summer.<br/><br/>It’s hard to believe, but we’ve been here for six years now. I’ve been going to school in the valley, but I feel most at home up here with my wild fellow canyon dwellers. Soon, I will have to leave home for college, and I’m a little afraid of the culture shock I’m sure I will feel when I move back to civilization. Soon I’ll be walking on pavement and well-mowed grass again, rooming with strangers, and eating meals in a cafeteria crowded with more people than <span data-catalog-idref="item-193792-catalog-6"/><span aria-hidden="true">live</span> within twenty miles of this house. But I know I will come back. The back of beyond is home now.<br/><br/><span data-catalog-idref="item-193792-catalog-7"/><span aria-hidden="true">1.</span> chaparral: a dense thicket of shrubs and small trees</p></div></qti-stimulus-body><qti-catalog-info><qti-catalog id="item-193792-catalog-0"><qti-card support="spoken"><qti-card-entry data-reading-type="computer-read-aloud"><qti-html-content>Reed</qti-html-content></qti-card-entry><qti-card-entry data-reading-type="screen-reader"><qti-html-content>Read</qti-html-content></qti-card-entry></qti-card></qti-catalog><qti-catalog id="item-193792-catalog-1"><qti-card support="spoken"><qti-card-entry data-reading-type="computer-read-aloud"><qti-html-content>nine hundred square foot</qti-html-content></qti-card-entry><qti-card-entry data-reading-type="screen-reader"><qti-html-content>900-square-foot</qti-html-content></qti-card-entry></qti-card></qti-catalog><qti-catalog id="item-193792-catalog-2"><qti-card support="spoken"><qti-card-entry data-reading-type="computer-read-aloud"><qti-html-content>2 hundred fifty</qti-html-content></qti-card-entry><qti-card-entry data-reading-type="screen-reader"><qti-html-content>2 hundred 50</qti-html-content></qti-card-entry></qti-card></qti-catalog><qti-catalog id="item-193792-catalog-3"><qti-card support="spoken"><qti-card-entry data-reading-type="computer-read-aloud"><qti-html-content>chaparral, footnote 1,</qti-html-content></qti-card-entry><qti-card-entry data-reading-type="screen-reader"><qti-html-content>chaparral 1</qti-html-content></qti-card-entry></qti-card></qti-catalog><qti-catalog id="item-193792-catalog-4"><qti-card support="spoken"><qti-card-entry data-reading-type="computer-read-aloud"><qti-html-content>liv</qti-html-content></qti-card-entry><qti-card-entry data-reading-type="screen-reader"><qti-html-content>live</qti-html-content></qti-card-entry></qti-card></qti-catalog><qti-catalog id="item-193792-catalog-5"><qti-card support="spoken"><qti-card-entry data-reading-type="computer-read-aloud"><qti-html-content>push ups</qti-html-content></qti-card-entry><qti-card-entry data-reading-type="screen-reader"><qti-html-content>push-ups</qti-html-content></qti-card-entry></qti-card></qti-catalog><qti-catalog id="item-193792-catalog-6"><qti-card support="spoken"><qti-card-entry data-reading-type="computer-read-aloud"><qti-html-content>liv</qti-html-content></qti-card-entry><qti-card-entry data-reading-type="screen-reader"><qti-html-content>live</qti-html-content></qti-card-entry></qti-card></qti-catalog><qti-catalog id="item-193792-catalog-7"><qti-card support="spoken"><qti-card-entry data-reading-type="computer-read-aloud"><qti-html-content>Footnote 1,</qti-html-content></qti-card-entry><qti-card-entry data-reading-type="screen-reader"><qti-html-content>1.</qti-html-content></qti-card-entry></qti-card></qti-catalog><qti-catalog id="item-193792-catalog-8"><qti-card support="spoken"><qti-card-entry data-reading-type="computer-read-aloud"><qti-html-content>Beyond,</qti-html-content></qti-card-entry><qti-card-entry data-reading-type="screen-reader"><qti-html-content>Beyond</qti-html-content></qti-card-entry></qti-card></qti-catalog><qti-catalog id="item-193792-global"><qti-card support="ext:sbac-braille-files"><qti-card-entry data-math-representation="none" data-contracted="true" data-type="BRF" lang="en" data-format="EBAE"><qti-file-href mime-type="application/braille">passage_193792_enu_ecl.brf</qti-file-href></qti-card-entry><qti-card-entry data-math-representation="none" data-contracted="true" data-type="BRF" lang="en" data-format="UEB"><qti-file-href mime-type="application/braille">passage_193792_enu_ucl.brf</qti-file-href></qti-card-entry><qti-card-entry data-math-representation="none" data-contracted="false" data-type="BRF" lang="en" data-format="EBAE"><qti-file-href mime-type="application/braille">passage_193792_enu_exl.brf</qti-file-href></qti-card-entry><qti-card-entry data-math-representation="none" data-contracted="false" data-type="BRF" lang="en" data-format="UEB"><qti-file-href mime-type="application/braille">passage_193792_enu_uxl.brf</qti-file-href></qti-card-entry></qti-card></qti-catalog></qti-catalog-info></qti-assessment-stimulus>